-- MySQL Administrator dump 1.4
--
-- ------------------------------------------------------
-- Server version	5.0.45-community-nt-log


/*!40101 SET @OLD_CHARACTER_SET_CLIENT=@@CHARACTER_SET_CLIENT */;
/*!40101 SET @OLD_CHARACTER_SET_RESULTS=@@CHARACTER_SET_RESULTS */;
/*!40101 SET @OLD_COLLATION_CONNECTION=@@COLLATION_CONNECTION */;
/*!40101 SET NAMES utf8 */;

/*!40014 SET @OLD_UNIQUE_CHECKS=@@UNIQUE_CHECKS, UNIQUE_CHECKS=0 */;
/*!40014 SET @OLD_FOREIGN_KEY_CHECKS=@@FOREIGN_KEY_CHECKS, FOREIGN_KEY_CHECKS=0 */;
/*!40101 SET @OLD_SQL_MODE=@@SQL_MODE, SQL_MODE='NO_AUTO_VALUE_ON_ZERO' */;


--
-- Create schema swregistry2
--

CREATE DATABASE IF NOT EXISTS swregistry2;
USE swregistry2;

--
-- Definition of table `profile`
--

DROP TABLE IF EXISTS `profile`;
CREATE TABLE `profile` (
  `id` int(11) NOT NULL auto_increment,
  `agent_id` int(11) NOT NULL,
  `created_at` datetime default NULL,
  `updated_at` datetime default NULL,
  `deleted_at` datetime default NULL,
  `created_by` int(11) default NULL,
  `updated_by` int(11) default NULL,
  `deleted_by` int(11) default NULL,
  `child_updated_at` datetime default NULL,
  `child_updated_by` int(11) default NULL,
  `name` varchar(255) NOT NULL default '',
  `note` text,
  `uri` varchar(255) NOT NULL default '',
  `url` varchar(255) default NULL,
  `base_domain` varchar(255) NOT NULL default '',
  `token` varchar(45) NOT NULL default '',
  `community` varchar(45) default NULL,
  `last_uri_id` int(11) default '100000',
  `status_id` int(11) NOT NULL default '1',
  `language` char(6) NOT NULL default 'en',
  UNIQUE KEY `profile_id` (`id`),
  KEY `profile_agent_id` (`agent_id`),
  KEY `profile_status_id` (`status_id`),
  KEY `profile_updated_by` (`updated_by`),
  KEY `profile_created_by` (`created_by`),
  KEY `profile_deleted_by` (`deleted_by`),
  KEY `profile_child_updated_by` (`child_updated_by`),
  CONSTRAINT `profile_agent_FK` FOREIGN KEY (`agent_id`) REFERENCES `reg_agent` (`id`) ON UPDATE NO ACTION,
  CONSTRAINT `profile_status_FK` FOREIGN KEY (`status_id`) REFERENCES `reg_status` (`id`),
  CONSTRAINT `profile_user_FK_1` FOREIGN KEY (`updated_by`) REFERENCES `reg_user` (`id`) ON DELETE SET NULL ON UPDATE NO ACTION,
  CONSTRAINT `profile_user_FK_2` FOREIGN KEY (`created_by`) REFERENCES `reg_user` (`id`) ON DELETE SET NULL ON UPDATE NO ACTION,
  CONSTRAINT `profile_user_FK_3` FOREIGN KEY (`deleted_by`) REFERENCES `reg_user` (`id`) ON DELETE SET NULL ON UPDATE NO ACTION,
  CONSTRAINT `profile_user_FK_4` FOREIGN KEY (`child_updated_by`) REFERENCES `reg_user` (`id`) ON DELETE SET NULL ON UPDATE NO ACTION
) ENGINE=InnoDB AUTO_INCREMENT=2 DEFAULT CHARSET=utf8;

--
-- Dumping data for table `profile`
--

/*!40000 ALTER TABLE `profile` DISABLE KEYS */;
INSERT INTO `profile` (`id`,`agent_id`,`created_at`,`updated_at`,`deleted_at`,`created_by`,`updated_by`,`deleted_by`,`child_updated_at`,`child_updated_by`,`name`,`note`,`uri`,`url`,`base_domain`,`token`,`community`,`last_uri_id`,`status_id`,`language`) VALUES
 (1,58,'2008-04-20 11:52:00','2008-04-20 11:52:00',NULL,36,36,NULL,NULL,NULL,'NSDL Registry Schema',NULL,'http://registry/uri/profile/registryschema',NULL,'http://registry/uri/profile/registryschema','registryschema','100000',100000,1,'en');
/*!40000 ALTER TABLE `profile` ENABLE KEYS */;


--
-- Definition of table `profile_property`
--

DROP TABLE IF EXISTS `profile_property`;
CREATE TABLE `profile_property` (
  `id` int(11) NOT NULL auto_increment,
  `created_at` datetime default NULL,
  `updated_at` timestamp NOT NULL default CURRENT_TIMESTAMP,
  `deleted_at` datetime default NULL,
  `created_by` int(11) default NULL,
  `updated_by` int(11) default NULL,
  `deleted_by` int(11) default NULL,
  `profile_id` int(11) NOT NULL,
  `schema_id` int(11) default NULL,
  `schema_property_id` int(11) default NULL,
  `name` varchar(255) NOT NULL default '',
  `label` varchar(255) NOT NULL default '',
  `definition` text,
  `comment` text,
  `type` enum('property','subproperty') NOT NULL,
  `uri` varchar(255) default NULL,
  `status_id` int(11) NOT NULL default '1',
  `language` varchar(6) NOT NULL default 'en',
  `note` text,
  `display_order` int(11) default NULL COMMENT 'Display order of properties',
  `picklist_order` int(11) default NULL,
  `examples` varchar(255) default NULL COMMENT 'Link to example usage',
  `is_required` tinyint(1) NOT NULL default '0' COMMENT 'boolean -- id this value required',
  `is_reciprocal` tinyint(1) NOT NULL default '0' COMMENT 'boolean - subject and object must both have this property',
  `is_singleton` tinyint(1) NOT NULL default '0' COMMENT 'boolean -- is this property allowed to repeat for a concept',
  `is_in_picklist` tinyint(1) NOT NULL default '1' COMMENT 'boolean - is in the property picklist',
  `inverse_profile_property_id` int(11) default NULL COMMENT 'id of the inverse property',
  UNIQUE KEY `profile_id` (`id`),
  KEY `profile_property_agent_id` (`profile_id`),
  KEY `profile_property_status_id` (`status_id`),
  KEY `profile_property_updated_by` (`updated_by`),
  KEY `profile_property_created_by` (`created_by`),
  KEY `profile_property_deleted_by` (`deleted_by`),
  KEY `inverse_profile_property_id` (`inverse_profile_property_id`),
  KEY `schema_id` (`schema_id`),
  KEY `schema_property_id` (`schema_property_id`),
  CONSTRAINT `profile_property_schema_property` FOREIGN KEY (`schema_property_id`) REFERENCES `reg_schema_property` (`id`) ON DELETE NO ACTION ON UPDATE NO ACTION,
  CONSTRAINT `profile_property_agent_FK` FOREIGN KEY (`profile_id`) REFERENCES `profile` (`id`) ON UPDATE NO ACTION,
  CONSTRAINT `profile_property_fk` FOREIGN KEY (`inverse_profile_property_id`) REFERENCES `profile_property` (`id`),
  CONSTRAINT `profile_property_schema` FOREIGN KEY (`schema_id`) REFERENCES `reg_schema` (`id`) ON DELETE NO ACTION ON UPDATE NO ACTION,
  CONSTRAINT `profile_property_status_FK` FOREIGN KEY (`status_id`) REFERENCES `reg_status` (`id`),
  CONSTRAINT `profile_property_user_FK_1` FOREIGN KEY (`updated_by`) REFERENCES `reg_user` (`id`) ON DELETE SET NULL ON UPDATE NO ACTION,
  CONSTRAINT `profile_property_user_FK_2` FOREIGN KEY (`created_by`) REFERENCES `reg_user` (`id`) ON DELETE SET NULL ON UPDATE NO ACTION,
  CONSTRAINT `profile_property_user_FK_3` FOREIGN KEY (`deleted_by`) REFERENCES `reg_user` (`id`) ON DELETE SET NULL ON UPDATE NO ACTION
) ENGINE=InnoDB AUTO_INCREMENT=9 DEFAULT CHARSET=utf8;

--
-- Dumping data for table `profile_property`
--

/*!40000 ALTER TABLE `profile_property` DISABLE KEYS */;
INSERT INTO `profile_property` (`id`,`created_at`,`updated_at`,`deleted_at`,`created_by`,`updated_by`,`deleted_by`,`profile_id`,`schema_id`,`schema_property_id`,`name`,`label`,`definition`,`comment`,`type`,`uri`,`status_id`,`language`,`note`,`display_order`,`picklist_order`,`examples`,`is_required`,`is_reciprocal`,`is_singleton`,`is_in_picklist`,`inverse_profile_property_id`) VALUES
 (1,'2008-04-20 12:00:00','2008-04-20 12:00:00',NULL,36,36,NULL,1,NULL,NULL,'name','name',NULL,NULL,'property','http://registry/uri/profile/registryschema',1,'en',NULL,1,1,NULL,1,0,1,1,NULL),
 (2,'2008-04-20 12:00:00','2008-04-20 12:00:00',NULL,36,36,NULL,1,NULL,NULL,'label','label',NULL,NULL,'property','http://registry/uri/profile/registryschema/100002',1,'en',NULL,2,2,NULL,1,0,-1,1,NULL),
 (3,'2008-04-20 12:01:00','2008-04-20 12:01:01',NULL,36,36,NULL,1,NULL,NULL,'definition','description',NULL,NULL,'property','http://registry/uri/profile/registryschema/100003',1,'en',NULL,3,3,NULL,0,0,0,1,NULL),
 (4,'2008-04-20 12:02:00','2008-04-20 12:02:00',NULL,36,36,NULL,1,NULL,NULL,'type','type',NULL,NULL,'property','http://registry/uri/profile/registryschema/100004',1,'en',NULL,5,5,NULL,1,0,1,1,NULL),
 (5,'2008-04-20 00:02:00','2008-04-20 00:02:02',NULL,36,36,NULL,1,NULL,NULL,'comment','comment',NULL,NULL,'property','http://registry/uri/profile/registryschema/10005',1,'en',NULL,4,4,NULL,0,0,0,1,NULL),
 (6,'2008-04-20 00:03:00','2008-04-20 12:03:00',NULL,36,36,NULL,1,NULL,NULL,'isSubpropertyOf','isSubpropertyOf',NULL,NULL,'property','http://registry/uri/profile/registryschema/100006',1,'en',NULL,6,6,NULL,0,1,0,1,NULL),
 (7,'2008-04-20 00:04:00','2008-04-20 00:04:00',NULL,36,36,NULL,1,NULL,NULL,'note','note',NULL,NULL,'property','http://registry/uri/profile/registryschema/10007',1,'en',NULL,8,8,NULL,0,0,0,1,NULL),
 (8,'2008-04-20 12:05:00','2008-04-20 12:05:00',NULL,36,36,NULL,1,NULL,NULL,'hasSubproperty','hasSubproperty',NULL,NULL,'property','http://registry/uri/profile/registryschema/100008',1,'en',NULL,7,7,NULL,0,1,0,1,NULL);
/*!40000 ALTER TABLE `profile_property` ENABLE KEYS */;


--
-- Definition of table `reg_agent`
--

DROP TABLE IF EXISTS `reg_agent`;
CREATE TABLE `reg_agent` (
  `id` int(11) NOT NULL auto_increment,
  `created_at` datetime default NULL,
  `last_updated` timestamp NOT NULL default CURRENT_TIMESTAMP on update CURRENT_TIMESTAMP,
  `deleted_at` datetime default NULL,
  `org_email` varchar(100) NOT NULL default '',
  `org_name` varchar(255) NOT NULL default '',
  `ind_affiliation` varchar(255) default NULL,
  `ind_role` varchar(45) default NULL,
  `address1` varchar(255) default NULL,
  `address2` varchar(255) default NULL,
  `city` varchar(45) default NULL,
  `state` char(2) default NULL,
  `postal_code` varchar(15) default NULL,
  `country` char(3) default NULL,
  `phone` varchar(45) default NULL,
  `web_address` varchar(255) default NULL,
  `type` char(15) default NULL,
  PRIMARY KEY  (`id`)
) ENGINE=InnoDB AUTO_INCREMENT=64 DEFAULT CHARSET=utf8 AVG_ROW_LENGTH=780 COMMENT='InnoDB free: 9216 kB';

--
-- Dumping data for table `reg_agent`
--

/*!40000 ALTER TABLE `reg_agent` DISABLE KEYS */;
INSERT INTO `reg_agent` (`id`,`created_at`,`last_updated`,`deleted_at`,`org_email`,`org_name`,`ind_affiliation`,`ind_role`,`address1`,`address2`,`city`,`state`,`postal_code`,`country`,`phone`,`web_address`,`type`) VALUES
 (46,'2006-04-12 18:27:05','2006-07-06 19:14:01',NULL,'dih1@cornell.edu','Diane Hillmann','Cornell University',NULL,'','','','NY','','','','','INDIVIDUAL'),
 (52,'2006-04-13 11:49:15','2006-04-25 12:10:43',NULL,'','GEM Exchange','',NULL,'','','','','','','','','ORGANIZATION'),
 (53,'2006-04-13 11:54:11','2006-04-25 12:10:49',NULL,'','National Science Digital Library','',NULL,'','','','','','','','','ORGANIZATION'),
 (58,'2006-06-05 15:58:02','2006-06-05 19:16:33',NULL,'jphipps@madcreek.com','NSDL Registry','','','7717 Tracy Creek Rd.','','Vestal','NY','13850','USA','(607) 555-9825','http://metadataregistry.org','ORGANIZATION'),
 (59,'2006-10-19 13:34:24','2006-10-19 13:34:24',NULL,'lang@math.duke.edu','Math Gateway','MAA',NULL,'','','','','','US','','http://mathgateway.maa.org','Organization'),
 (61,'2006-11-14 13:48:14','2006-11-14 13:48:14',NULL,'steve@cs.clemson.edu','Shodor CSERD Pathway','',NULL,'315 McAdams Hall','','Clemson ','S','','','','','Organization'),
 (62,'2007-01-02 10:37:48','2007-01-02 10:37:48',NULL,'jce@chem.wisc.edu','Chemical Education Digital Library','',NULL,'1101 University Avenue','','Madison','Wi','53706','US','608-262-5153','http://www.jce.divched.org/JCEDLib/index.html','Organization'),
 (63,'2007-09-02 21:27:38','2007-09-02 21:27:38',NULL,'booboo@foobar.com','booboo','',NULL,'','','','','','US','','','Individual');
/*!40000 ALTER TABLE `reg_agent` ENABLE KEYS */;


--
-- Definition of table `reg_agent_has_user`
--

DROP TABLE IF EXISTS `reg_agent_has_user`;
CREATE TABLE `reg_agent_has_user` (
  `id` int(11) NOT NULL auto_increment,
  `updated_at` timestamp NOT NULL default CURRENT_TIMESTAMP,
  `deleted_at` datetime default NULL,
  `created_at` datetime default NULL,
  `user_id` int(11) NOT NULL default '0',
  `agent_id` int(11) NOT NULL default '0',
  `is_registrar_for` tinyint(1) default '1',
  `is_admin_for` tinyint(1) default '1',
  PRIMARY KEY  (`id`),
  UNIQUE KEY `user_agent_id` USING BTREE (`user_id`,`agent_id`),
  UNIQUE KEY `agent_user_id` (`agent_id`,`user_id`),
  CONSTRAINT `reg_agent_has_user_fk` FOREIGN KEY (`user_id`) REFERENCES `reg_user` (`id`) ON DELETE CASCADE ON UPDATE NO ACTION,
  CONSTRAINT `reg_agent_has_user_fk1` FOREIGN KEY (`agent_id`) REFERENCES `reg_agent` (`id`) ON DELETE CASCADE ON UPDATE NO ACTION
) ENGINE=InnoDB AUTO_INCREMENT=11 DEFAULT CHARSET=utf8 AVG_ROW_LENGTH=682 COMMENT='InnoDB free: 0 kB; (`user_id`) REFER `swregistry/reg_agents`';

--
-- Dumping data for table `reg_agent_has_user`
--

/*!40000 ALTER TABLE `reg_agent_has_user` DISABLE KEYS */;
INSERT INTO `reg_agent_has_user` (`id`,`updated_at`,`deleted_at`,`created_at`,`user_id`,`agent_id`,`is_registrar_for`,`is_admin_for`) VALUES
 (1,'2008-01-23 16:09:28',NULL,'2008-01-23 16:09:28',37,46,1,1),
 (2,'2008-01-23 16:09:28',NULL,'2008-01-23 16:09:28',38,52,1,1),
 (3,'2008-01-23 16:09:28',NULL,'2008-01-23 16:09:28',37,53,1,1),
 (4,'2008-01-23 16:09:28',NULL,'2008-01-23 16:09:28',36,58,1,1),
 (5,'2008-01-23 16:09:28',NULL,'2008-01-23 16:09:28',39,58,0,1),
 (6,'2008-01-23 16:09:28',NULL,'2008-01-23 16:09:28',44,59,1,1),
 (7,'2008-01-23 16:09:28',NULL,'2008-01-23 16:09:28',48,61,1,1),
 (8,'2008-01-23 16:09:28',NULL,'2008-01-23 16:09:28',52,62,1,1),
 (9,'2008-01-23 16:09:28',NULL,'2008-01-23 16:09:28',53,62,0,0),
 (10,'2007-09-02 21:27:38',NULL,'2007-09-02 21:27:38',61,63,1,1);
/*!40000 ALTER TABLE `reg_agent_has_user` ENABLE KEYS */;


--
-- Definition of table `reg_concept`
--

DROP TABLE IF EXISTS `reg_concept`;
CREATE TABLE `reg_concept` (
  `id` int(11) NOT NULL auto_increment,
  `created_at` datetime default NULL,
  `updated_at` timestamp NOT NULL default CURRENT_TIMESTAMP,
  `deleted_at` datetime default NULL,
  `last_updated` datetime default NULL,
  `created_user_id` int(11) default NULL,
  `updated_user_id` int(11) default NULL,
  `uri` varchar(255) NOT NULL default '',
  `vocabulary_id` int(11) default NULL,
  `is_top_concept` tinyint(1) default NULL,
  `pref_label_id` int(11) default NULL,
  `pref_label` varchar(255) NOT NULL default '',
  `status_id` int(11) NOT NULL default '1',
  `language` char(6) NOT NULL default 'en',
  PRIMARY KEY  (`id`),
  UNIQUE KEY `vocabulary_id_pref_label` (`vocabulary_id`,`pref_label`),
  KEY `vocabulary_id` (`vocabulary_id`),
  KEY `pref_label` (`pref_label`),
  KEY `status_id` (`status_id`),
  KEY `pref_label_id` (`pref_label_id`),
  KEY `last_updated_by_user_id` (`updated_user_id`),
  KEY `created_user_id` (`created_user_id`),
  CONSTRAINT `concept_vocabulary_fk` FOREIGN KEY (`vocabulary_id`) REFERENCES `reg_vocabulary` (`id`) ON DELETE CASCADE ON UPDATE NO ACTION,
  CONSTRAINT `reg_concept_fk` FOREIGN KEY (`status_id`) REFERENCES `reg_status` (`id`) ON DELETE NO ACTION ON UPDATE NO ACTION,
  CONSTRAINT `reg_concept_FK_` FOREIGN KEY (`created_user_id`) REFERENCES `reg_user` (`id`) ON DELETE SET NULL ON UPDATE NO ACTION,
  CONSTRAINT `reg_concept_FK_1` FOREIGN KEY (`status_id`) REFERENCES `reg_status` (`id`),
  CONSTRAINT `reg_concept_FK_3` FOREIGN KEY (`pref_label_id`) REFERENCES `reg_concept_property` (`id`) ON DELETE NO ACTION ON UPDATE CASCADE,
  CONSTRAINT `reg_concept_FK_4` FOREIGN KEY (`updated_user_id`) REFERENCES `reg_user` (`id`) ON DELETE SET NULL ON UPDATE NO ACTION
) ENGINE=InnoDB AUTO_INCREMENT=356 DEFAULT CHARSET=utf8;

--
-- Dumping data for table `reg_concept`
--

/*!40000 ALTER TABLE `reg_concept` DISABLE KEYS */;
INSERT INTO `reg_concept` (`id`,`created_at`,`updated_at`,`deleted_at`,`last_updated`,`created_user_id`,`updated_user_id`,`uri`,`vocabulary_id`,`is_top_concept`,`pref_label_id`,`pref_label`,`status_id`,`language`) VALUES
 (4,'2006-04-21 10:07:39','2007-08-09 13:23:16',NULL,'2006-04-21 10:07:39',39,39,'http://metadataregistry.org/uri/NSDLEdLvl/1000',10,1,4,'Grades Pre-K to 12',1,'en'),
 (5,'2006-04-21 10:07:39','2007-08-09 13:22:54',NULL,'2006-04-21 10:07:39',39,39,'http://metadataregistry.org/uri/NSDLEdLvl/1001',10,0,5,'Elementary School',1,'en'),
 (6,'2006-04-21 10:07:39','2007-08-09 13:23:33',NULL,'2006-04-21 10:07:39',39,39,'http://metadataregistry.org/uri/NSDLEdLvl/1002',10,0,6,'Pre-Kindergarten',1,'en'),
 (11,'2006-04-20 17:52:41','2006-04-20 17:52:42',NULL,'2006-04-20 17:52:42',39,39,'http://metadataregistry.org/uri/NSDLEdLvl/1023',10,0,NULL,'Middle School',1,'en'),
 (16,'2006-04-21 09:41:10','2007-08-09 13:23:09',NULL,'2006-04-21 09:41:10',39,39,'http://metadataregistry.org/uri/NSDLEdLvl/1010',10,0,39,'Grade 6',1,'en'),
 (17,'2006-04-21 09:43:12','2007-08-09 13:23:11',NULL,'2006-04-21 09:43:13',39,39,'http://metadataregistry.org/uri/NSDLEdLvl/1011',10,0,40,'Grade 7',1,'en'),
 (18,'2006-04-21 09:43:34','2007-08-09 13:23:13',NULL,'2006-04-21 09:43:34',39,39,'http://metadataregistry.org/uri/NSDLEdLvl/1012',10,0,41,'Grade 8',1,'en'),
 (19,'2006-04-21 10:01:48','2007-08-09 13:23:30',NULL,'2006-04-21 10:01:48',39,39,'http://metadataregistry.org/uri/NSDLEdLvl/1018',10,1,50,'Postsecondary',1,'en'),
 (20,'2006-04-21 10:02:25','2007-08-09 13:23:24',NULL,'2006-04-21 10:02:25',39,39,'http://metadataregistry.org/uri/NSDLEdLvl/1019',10,0,51,'Higher Education',1,'en'),
 (21,'2006-04-21 10:03:18','2006-04-21 10:03:18',NULL,'2006-04-21 10:03:18',39,39,'http://metadataregistry.org/uri/NSDLEdLvl/1020',10,0,52,'Undergraduate (Lower Divison)',1,'en'),
 (22,'2006-04-21 10:04:04','2007-08-09 13:23:35',NULL,'2006-04-21 10:04:04',39,39,'http://metadataregistry.org/uri/NSDLEdLvl/1021',10,0,53,'Undergraduate (Upper Divison)',1,'en'),
 (23,'2006-04-21 10:04:40','2007-08-09 13:23:18',NULL,'2006-04-21 10:04:40',39,39,'http://metadataregistry.org/uri/NSDLEdLvl/1022',10,0,54,'Graduate',1,'en'),
 (24,'2006-04-21 10:07:39','2007-08-09 13:23:26',NULL,'2006-04-21 10:07:39',39,39,'http://metadataregistry.org/uri/NSDLEdLvl/1003',10,0,55,'Kindergarten',1,'en'),
 (25,'2006-04-21 10:07:55','2007-08-14 20:09:51',NULL,'2006-04-21 10:07:55',39,36,'http://metadataregistry.org/uri/NSDLEdLvl/1004',10,0,56,'Grade 1',1,'en'),
 (26,'2006-04-21 10:08:16','2007-08-09 13:23:03',NULL,'2006-04-21 10:08:16',39,39,'http://metadataregistry.org/uri/NSDLEdLvl/1005',10,0,57,'Grade 2',1,'en'),
 (27,'2006-04-21 10:08:36','2007-08-09 13:23:04',NULL,'2006-04-21 10:08:37',39,39,'http://metadataregistry.org/uri/NSDLEdLvl/1006',10,0,58,'Grade 3',1,'en'),
 (28,'2006-04-21 10:08:56','2007-08-09 13:23:06',NULL,'2006-04-21 10:08:56',39,39,'http://metadataregistry.org/uri/NSDLEdLvl/1007',10,0,59,'Grade 4',1,'en'),
 (29,'2006-04-21 10:09:13','2007-08-09 13:23:08',NULL,'2006-04-21 10:09:13',39,39,'http://metadataregistry.org/uri/NSDLEdLvl/1008',10,0,60,'Grade 5',1,'en'),
 (30,'2006-04-21 10:10:30','2007-08-09 13:23:21',NULL,'2006-04-21 10:10:30',39,39,'http://metadataregistry.org/uri/NSDLEdLvl/1013',10,0,61,'High School',1,'en'),
 (31,'2006-04-21 10:11:06','2007-08-09 13:23:14',NULL,'2006-04-21 10:11:06',39,39,'http://metadataregistry.org/uri/NSDLEdLvl/1014',10,0,62,'Grade 9',1,'en'),
 (32,'2006-04-21 10:11:23','2007-08-09 13:22:58',NULL,'2006-04-21 10:11:23',39,39,'http://metadataregistry.org/uri/NSDLEdLvl/1015',10,0,63,'Grade 10',1,'en'),
 (33,'2006-04-21 10:11:46','2007-08-09 13:23:00',NULL,'2006-04-21 10:11:46',39,39,'http://metadataregistry.org/uri/NSDLEdLvl/1016',10,0,64,'Grade 11',1,'en'),
 (34,'2006-04-21 10:12:17','2007-08-09 13:23:01',NULL,'2006-04-21 10:12:17',39,39,'http://metadataregistry.org/uri/NSDLEdLvl/1017',10,0,65,'Grade 12',1,'en'),
 (35,'2006-04-24 08:42:49','2007-08-09 13:23:37',NULL,'2006-04-24 08:42:49',39,39,'http://metadataregistry.org/uri/NSDLResType/1000',11,0,142,'Abstract',1,'en'),
 (36,'2006-04-24 08:43:13','2007-08-09 13:23:38',NULL,'2006-04-24 08:43:13',39,39,'http://metadataregistry.org/uri/NSDLResType/1001',11,0,143,'Annotation',1,'en'),
 (37,'2006-04-24 08:43:40','2007-08-09 13:23:41',NULL,'2006-04-24 08:43:40',39,39,'http://metadataregistry.org/uri/NSDLResType/1002',11,0,144,'Article',1,'en'),
 (38,'2006-04-24 08:43:54','2007-08-09 13:23:43',NULL,'2006-04-24 08:43:54',39,39,'http://metadataregistry.org/uri/NSDLResType/1003',11,0,145,'Artifact',1,'en'),
 (39,'2006-04-24 08:44:33','2007-08-09 13:23:45',NULL,'2006-04-24 08:44:33',39,39,'http://metadataregistry.org/uri/NSDLResType/1004',11,0,146,'Ask-an-Expert',1,'en'),
 (40,'2006-04-24 08:44:47','2007-08-09 13:23:47',NULL,'2006-04-24 08:44:47',39,39,'http://metadataregistry.org/uri/NSDLResType/1005',11,0,147,'Assessment',1,'en'),
 (41,'2006-04-24 08:45:16','2007-08-09 13:23:49',NULL,'2006-04-24 08:45:16',39,39,'http://metadataregistry.org/uri/NSDLResType/1006',11,0,148,'Bibliography',1,'en'),
 (42,'2006-04-24 08:45:44','2007-08-09 13:23:52',NULL,'2006-04-24 08:45:44',39,39,'http://metadataregistry.org/uri/NSDLResType/1007',11,0,149,'Broadcast',1,'en'),
 (43,'2006-04-24 08:46:10','2007-08-09 13:23:54',NULL,'2006-04-24 08:46:10',39,39,'http://metadataregistry.org/uri/NSDLResType/1008',11,0,150,'Case Study',1,'en'),
 (44,'2006-04-24 08:46:27','2007-08-09 13:23:57',NULL,'2006-04-24 08:46:27',39,39,'http://metadataregistry.org/uri/NSDLResType/1009',11,0,151,'Clearinghouse',1,'en'),
 (45,'2006-04-24 08:46:54','2007-08-09 13:24:00',NULL,'2006-04-24 08:46:54',39,39,'http://metadataregistry.org/uri/NSDLResType/1010',11,0,152,'Course',1,'en'),
 (46,'2006-04-24 08:47:07','2007-08-09 13:24:02',NULL,'2006-04-24 08:47:07',39,39,'http://metadataregistry.org/uri/NSDLResType/1011',11,0,153,'Curriculum',1,'en'),
 (47,'2006-04-24 08:47:27','2007-08-09 13:24:04',NULL,'2006-04-24 08:47:27',39,39,'http://metadataregistry.org/uri/NSDLResType/1012',11,0,154,'Data Set',1,'en'),
 (48,'2006-04-24 08:47:49','2007-08-09 13:24:06',NULL,'2006-04-24 08:47:49',39,39,'http://metadataregistry.org/uri/NSDLResType/1013',11,0,155,'Demonstration',1,'en'),
 (49,'2006-04-24 08:48:20','2007-08-09 13:24:08',NULL,'2006-04-24 08:48:20',39,39,'http://metadataregistry.org/uri/NSDLResType/1014',11,0,156,'Experiment',1,'en'),
 (50,'2006-04-24 08:48:31','2007-08-09 13:24:10',NULL,'2006-04-24 08:48:31',39,39,'http://metadataregistry.org/uri/NSDLResType/1015',11,0,157,'Fiction',1,'en'),
 (51,'2006-04-24 08:48:58','2007-08-09 13:24:12',NULL,'2006-04-24 08:48:58',39,39,'http://metadataregistry.org/uri/NSDLResType/1016',11,0,158,'Form',1,'en'),
 (52,'2006-04-24 08:49:23','2007-08-09 13:24:14',NULL,'2006-04-24 08:49:23',39,39,'http://metadataregistry.org/uri/NSDLResType/1017',11,0,159,'Forum',1,'en'),
 (53,'2006-04-24 08:49:46','2007-08-09 13:24:15',NULL,'2006-04-24 08:49:46',39,39,'http://metadataregistry.org/uri/NSDLResType/1018',11,0,160,'Game',1,'en'),
 (54,'2006-04-24 08:49:59','2007-08-09 13:24:17',NULL,'2006-04-24 08:49:59',39,39,'http://metadataregistry.org/uri/NSDLResType/1019',11,0,161,'Glossary',1,'en'),
 (55,'2006-04-24 08:50:26','2007-08-09 13:24:19',NULL,'2006-04-24 08:50:27',39,39,'http://metadataregistry.org/uri/NSDLResType/1020',11,0,162,'Illustration',1,'en'),
 (56,'2006-04-24 08:50:40','2007-08-09 13:24:21',NULL,'2006-04-24 08:50:40',39,39,'http://metadataregistry.org/uri/NSDLResType/1021',11,0,163,'Instructor Guide',1,'en'),
 (57,'2006-04-24 08:51:29','2007-08-09 13:24:24',NULL,'2006-04-24 08:51:29',39,39,'http://metadataregistry.org/uri/NSDLResType/1022',11,0,164,'Lesson',1,'en'),
 (58,'2006-04-24 08:51:41','2007-08-09 13:24:26',NULL,'2006-04-24 08:51:41',39,39,'http://metadataregistry.org/uri/NSDLResType/1023',11,0,165,'Map',1,'en'),
 (59,'2006-04-24 08:52:06','2007-08-09 13:24:27',NULL,'2006-04-24 08:52:06',39,39,'http://metadataregistry.org/uri/NSDLResType/1024',11,0,166,'Music',1,'en'),
 (60,'2006-04-24 08:52:39','2007-08-09 13:24:29',NULL,'2006-04-24 08:52:39',39,39,'http://metadataregistry.org/uri/NSDLResType/1025',11,0,167,'Oral History',1,'en'),
 (61,'2006-04-24 08:53:07','2007-08-09 13:24:31',NULL,'2006-04-24 08:53:07',39,39,'http://metadataregistry.org/uri/NSDLResType/1026',11,0,168,'Periodical',1,'en'),
 (62,'2006-04-24 08:53:56','2006-04-24 08:53:56',NULL,'2006-04-24 08:53:56',39,39,'http://metadataregistry.org/uri/NSDLResType/1027',11,0,169,'Photograph',1,'en'),
 (63,'2006-04-24 08:54:59','2007-08-09 13:24:34',NULL,'2006-04-24 08:54:59',39,39,'http://metadataregistry.org/uri/NSDLResType/1028',11,0,170,'Portal',1,'en'),
 (64,'2006-04-24 08:55:14','2007-08-09 13:24:36',NULL,'2006-04-24 08:55:14',39,39,'http://metadataregistry.org/uri/NSDLResType/1029',11,0,171,'Presentation',1,'en'),
 (65,'2006-04-24 08:55:39','2007-08-09 13:24:38',NULL,'2006-04-24 08:55:39',39,39,'http://metadataregistry.org/uri/NSDLResType/1030',11,0,172,'Problem Set',1,'en'),
 (66,'2006-04-24 08:55:52','2007-08-09 13:24:40',NULL,'2006-04-24 08:55:52',39,39,'http://metadataregistry.org/uri/NSDLResType/1031',11,0,173,'Project',1,'en'),
 (67,'2006-04-24 08:56:16','2007-08-09 13:24:42',NULL,'2006-04-24 08:56:16',39,39,'http://metadataregistry.org/uri/NSDLResType/1032',11,0,174,'Reference',1,'en'),
 (68,'2006-04-24 08:56:36','2007-08-09 13:24:44',NULL,'2006-04-24 08:56:37',39,39,'http://metadataregistry.org/uri/NSDLResType/1033',11,0,175,'Remotely Sensed Imagery',1,'en'),
 (69,'2006-04-24 08:57:48','2007-08-09 13:24:46',NULL,'2006-04-24 08:57:48',39,39,'http://metadataregistry.org/uri/NSDLResType/1034',11,0,176,'Report',1,'en'),
 (70,'2006-04-24 08:58:02','2007-08-09 13:24:48',NULL,'2006-04-24 08:58:02',39,39,'http://metadataregistry.org/uri/NSDLResType/1035',11,0,177,'Simulation',1,'en'),
 (71,'2006-04-24 08:58:32','2007-08-09 13:24:50',NULL,'2006-04-24 08:58:32',39,39,'http://metadataregistry.org/uri/NSDLResType/1036',11,0,178,'Study Guide',1,'en'),
 (72,'2006-04-24 08:58:52','2007-08-09 13:24:53',NULL,'2006-04-24 08:58:52',39,39,'http://metadataregistry.org/uri/NSDLResType/1037',11,0,179,'Syllabus',1,'en'),
 (73,'2006-04-24 08:59:24','2007-08-09 13:24:55',NULL,'2006-04-24 08:59:24',39,39,'http://metadataregistry.org/uri/NSDLResType/1038',11,0,180,'Textbook',1,'en'),
 (74,'2006-04-24 08:59:37','2007-08-09 13:24:57',NULL,'2006-04-24 08:59:37',39,39,'http://metadataregistry.org/uri/NSDLResType/1039',11,0,181,'Thesis',1,'en'),
 (75,'2006-04-24 09:00:07','2007-08-09 13:24:59',NULL,'2006-04-24 09:00:07',39,39,'http://metadataregistry.org/uri/NSDLResType/1040',11,0,182,'Tutorial',1,'en'),
 (76,'2006-04-24 09:00:21','2007-08-09 13:25:02',NULL,'2006-04-24 09:00:21',39,39,'http://metadataregistry.org/uri/NSDLResType/1041',11,0,183,'Field Trip',1,'en'),
 (77,'2006-04-24 09:00:42','2007-08-09 13:25:03',NULL,'2006-04-24 09:00:42',39,39,'http://metadataregistry.org/uri/NSDLResType/1042',11,0,184,'Weblog',1,'en'),
 (85,'2006-06-06 11:24:21','2007-08-09 13:25:18',NULL,'2006-06-06 11:24:21',39,39,'http://metadataregistry.org/uri/NSDLAgent/1003',15,0,383,'persName',1,'en'),
 (86,'2006-06-06 11:24:53','2007-08-09 13:25:16',NULL,'2006-06-06 11:24:53',39,39,'http://metadataregistry.org/uri/NSDLAgent/1004',15,0,384,'persEmailAddress',1,'en'),
 (87,'2006-06-06 11:25:16','2007-08-09 13:25:20',NULL,'2006-06-06 11:25:16',39,39,'http://metadataregistry.org/uri/NSDLAgent/1005',15,0,385,'persPhoneNumber',1,'en'),
 (88,'2006-06-06 11:25:38','2007-08-09 13:25:13',NULL,'2006-06-06 11:25:38',39,39,'http://metadataregistry.org/uri/NSDLAgent/1006',15,0,386,'persAddress',1,'en'),
 (89,'2006-06-06 11:26:58','2007-08-09 13:25:14',NULL,'2006-06-06 11:26:58',39,39,'http://metadataregistry.org/uri/NSDLAgent/1007',15,0,387,'persAffiliation',1,'en'),
 (90,'2006-06-06 11:27:11','2007-08-09 13:25:21',NULL,'2006-06-06 11:27:11',39,39,'http://metadataregistry.org/uri/NSDLAgent/1008',15,0,388,'role',1,'en'),
 (91,'2006-06-06 11:28:50','2007-08-09 13:25:08',NULL,'2006-06-06 11:28:50',39,39,'http://metadataregistry.org/uri/NSDLAgent/1009',15,0,389,'orgName',1,'en'),
 (92,'2006-06-06 11:29:03','2007-08-09 13:25:06',NULL,'2006-06-06 11:29:03',39,39,'http://metadataregistry.org/uri/NSDLAgent/1010',15,0,390,'orgEmailAddress',1,'en'),
 (93,'2006-06-06 11:29:14','2007-08-09 13:25:05',NULL,'2006-06-06 11:29:14',39,39,'http://metadataregistry.org/uri/NSDLAgent/1011',15,0,391,'orgAddress',1,'en'),
 (94,'2006-06-06 11:29:26','2007-08-09 13:25:09',NULL,'2006-06-06 11:29:27',39,39,'http://metadataregistry.org/uri/NSDLAgent/1012',15,0,392,'orgPhoneNumber',1,'en'),
 (95,'2006-06-06 11:29:38','2007-08-09 13:25:11',NULL,'2006-06-06 11:29:38',39,39,'http://metadataregistry.org/uri/NSDLAgent/1013',15,0,393,'orgWebPage',1,'en'),
 (96,'2006-06-07 14:01:09','2007-08-09 13:25:27',NULL,'2006-06-07 14:01:09',38,38,'http://metadataregistry.org/uri/NSDLTopLevel/1001',16,0,421,'vocabName',1,'en'),
 (97,'2006-06-07 14:01:22','2007-08-09 13:25:30',NULL,'2006-06-07 14:01:22',38,38,'http://metadataregistry.org/uri/NSDLTopLevel/1002',16,0,422,'vocabURI',1,'en'),
 (98,'2006-06-07 14:01:30','2006-06-07 14:01:30',NULL,'2006-06-07 14:01:30',38,38,'http://metadataregistry.org/uri/NSDLTopLevel/1003',16,0,423,'vocabURL',1,'en'),
 (99,'2006-06-07 14:01:40','2006-06-07 14:01:40',NULL,'2006-06-07 14:01:40',38,38,'http://metadataregistry.org/uri/NSDLTopLevel/1004',16,0,424,'baseDomain',1,'en'),
 (100,'2006-06-07 14:02:09','2007-08-09 13:25:29',NULL,'2006-06-07 14:02:09',38,38,'http://metadataregistry.org/uri/NSDLTopLevel/1005',16,0,425,'vocabToken',1,'en'),
 (101,'2006-06-07 14:02:16','2007-08-09 13:25:23',NULL,'2006-06-07 14:02:16',38,38,'http://metadataregistry.org/uri/NSDLTopLevel/1006',16,0,426,'agent',1,'en'),
 (102,'2006-06-07 14:02:24','2006-06-07 14:02:24',NULL,'2006-06-07 14:02:24',38,38,'http://metadataregistry.org/uri/NSDLTopLevel/1007',16,0,427,'community',1,'en'),
 (103,'2006-06-07 14:02:34','2007-08-09 13:25:28',NULL,'2006-06-07 14:02:34',38,38,'http://metadataregistry.org/uri/NSDLTopLevel/1008',16,0,428,'vocabNote',1,'en'),
 (104,'2006-06-15 20:18:15','2007-08-09 13:25:33',NULL,'2006-06-15 20:18:15',39,39,'http://metadataregistry.org/uri/NSDLRegAdmin/1001',17,0,444,'Issued',1,'en'),
 (105,'2006-06-15 20:18:23','2007-08-09 13:25:34',NULL,'2006-06-15 20:18:23',39,39,'http://metadataregistry.org/uri/NSDLRegAdmin/1002',17,0,445,'Modified',1,'en'),
 (106,'2006-06-15 20:18:44','2006-06-15 20:18:44',NULL,'2006-06-15 20:18:44',39,39,'http://metadataregistry.org/uri/NSDLRegAdmin/1003',17,0,446,'Status',1,'en'),
 (107,'2006-07-02 14:49:46','2007-08-09 13:22:48',NULL,'2006-07-02 14:49:46',38,38,'http://purl.org/gem/instance/level/#all',8,0,449,'All',1,'en'),
 (108,'2006-07-02 14:50:24','2007-08-09 13:22:41',NULL,'2006-07-02 14:50:24',38,38,'http://purl.org/gem/instance/level/#1',8,0,450,'1',1,'en'),
 (109,'2006-07-02 14:50:48','2006-07-02 14:50:48',NULL,'2006-07-02 14:50:48',38,38,'http://purl.org/gem/instance/level/#2',8,0,451,'2',1,'en'),
 (110,'2006-07-02 14:51:18','2006-07-02 14:51:18',NULL,'2006-07-02 14:51:18',38,38,'http://purl.org/gem/instance/level/#3',8,0,452,'3',1,'en'),
 (111,'2006-07-02 14:53:19','2006-07-02 14:53:19',NULL,'2006-07-02 14:53:19',38,38,'http://purl.org/gem/instance/level/#4',8,0,453,'4',1,'en'),
 (112,'2006-07-02 14:53:44','2006-07-02 14:53:44',NULL,'2006-07-02 14:53:44',38,38,'http://purl.org/gem/instance/level/#5',8,0,454,'5',1,'en'),
 (113,'2006-07-02 14:55:01','2006-07-02 14:55:01',NULL,'2006-07-02 14:55:01',38,38,'http://purl.org/gem/instance/level/#6',8,0,455,'6',1,'en'),
 (114,'2006-07-02 14:55:29','2007-08-09 13:22:46',NULL,'2006-07-02 14:55:29',38,38,'http://purl.org/gem/instance/level/#7',8,0,456,'7',1,'en'),
 (115,'2006-07-02 14:55:50','2006-07-02 14:55:50',NULL,'2006-07-02 14:55:50',38,38,'http://purl.org/gem/instance/level/#8',8,0,457,'8',1,'en'),
 (116,'2006-07-02 14:56:10','2007-08-09 13:22:47',NULL,'2006-07-02 14:56:10',38,38,'http://purl.org/gem/instance/level/#9',8,0,458,'9',1,'en'),
 (117,'2006-07-02 14:56:33','2006-07-02 14:56:33',NULL,'2006-07-02 14:56:33',38,38,'http://purl.org/gem/instance/level/#10',8,0,459,'10',1,'en'),
 (118,'2006-07-02 14:57:03','2006-07-02 14:57:03',NULL,'2006-07-02 14:57:03',38,38,'http://purl.org/gem/instance/level/#11',8,0,460,'11',1,'en'),
 (119,'2006-07-02 14:57:30','2006-07-02 14:57:30',NULL,'2006-07-02 14:57:30',38,38,'http://purl.org/gem/instance/level/#12',8,0,461,'12',1,'en'),
 (120,'2006-07-02 14:59:48','2006-07-02 14:59:48',NULL,'2006-07-02 14:59:48',38,38,'http://purl.org/gem/instance/level/#AdultEducation',8,0,462,'Adult/Continuing education',1,'en'),
 (121,'2006-07-02 15:00:21','2007-08-09 13:22:49',NULL,'2006-07-02 15:00:21',38,38,'http://purl.org/gem/instance/level/#CommunityCollege',8,0,463,'Community college',1,'en'),
 (122,'2006-07-02 15:00:52','2006-07-02 15:00:52',NULL,'2006-07-02 15:00:52',38,38,'http://purl.org/gem/instance/level/#HigherEducation',8,0,464,'Higher education',1,'en'),
 (123,'2006-07-02 15:02:27','2006-07-02 15:02:27',NULL,'2006-07-02 15:02:27',38,38,'http://purl.org/gem/instance/level/#PreschoolEducation',8,0,465,'Preschool education',1,'en'),
 (124,'2006-07-02 15:03:01','2006-07-02 15:03:01',NULL,'2006-07-02 15:03:01',38,38,'http://purl.org/gem/instance/level/#VocationalEducation',8,0,466,'Vocational education',1,'en'),
 (125,'2006-07-02 15:04:49','2007-08-09 13:22:50',NULL,'2006-07-02 15:04:49',38,38,'http://purl.org/gem/instance/level/#Kindergarten',8,0,467,'Kindergarten',1,'en'),
 (126,'2006-07-02 15:05:14','2007-08-09 13:22:51',NULL,'2006-07-02 15:05:14',38,38,'http://purl.org/gem/instance/level/#Unspecified',8,0,468,'Unspecified',1,'en'),
 (127,'2006-07-02 16:09:40','2007-08-09 13:25:36',NULL,'2006-07-02 16:09:40',38,38,'http://purl.org/gem/instance/GEM-AM/#AlternativeAssessment',18,0,469,'Alternative assessment',1,'en'),
 (128,'2006-07-02 20:35:36','2007-08-09 13:25:38',NULL,'2006-07-02 20:35:36',38,38,'http://purl.org/gem/instance/GEM-AM/#CurriculumBasedAssessment',18,0,470,'Curriculum based assessment',1,'en'),
 (129,'2006-07-02 20:36:17','2007-08-09 13:25:39',NULL,'2006-07-02 20:36:17',38,38,'http://purl.org/gem/instance/GEM-AM/#InformalAssessment',18,0,471,'Informal assessment',1,'en'),
 (130,'2006-07-02 20:36:43','2006-07-02 20:36:43',NULL,'2006-07-02 20:36:43',38,38,'http://purl.org/gem/instance/GEM-AM/#PeerEvaluation',18,0,472,'Peer evaluation',1,'en'),
 (131,'2006-07-02 20:37:28','2007-08-09 13:25:44',NULL,'2006-07-02 20:37:28',38,38,'http://purl.org/gem/instance/GEM-AM/#Self-evaluation',18,0,473,'Self-evaluation',1,'en'),
 (132,'2006-07-02 20:39:12','2006-07-02 20:39:12',NULL,'2006-07-02 20:39:12',38,38,'http://purl.org/gem/instance/GEM-AM/#Testing',18,0,474,'Testing',1,'en'),
 (133,'2006-07-02 20:39:59','2007-08-09 13:25:37',NULL,'2006-07-02 20:39:59',38,38,'http://purl.org/gem/instance/GEM-AM/#AuthenticAssessment',18,0,475,'Authentic assessment',1,'en'),
 (134,'2006-07-02 20:41:02','2007-08-09 13:25:40',NULL,'2006-07-02 20:41:02',38,38,'http://purl.org/gem/instance/GEM-AM/#Observation',18,0,476,'Observation',1,'en'),
 (135,'2006-07-02 20:41:53','2006-07-02 20:41:53',NULL,'2006-07-02 20:41:53',38,38,'http://purl.org/gem/instance/GEM-AM/#PortfolioAssessment',18,0,477,'Portfolio assessment',1,'en'),
 (136,'2006-07-02 20:43:19','2007-08-09 13:25:45',NULL,'2006-07-02 20:43:19',38,38,'http://purl.org/gem/instance/GEM-AM/#StandardizedTesting',18,0,478,'Standardized testing',1,'en'),
 (138,'2006-07-03 22:36:43','2007-08-09 13:26:28',NULL,'2006-07-03 22:36:43',38,38,'http://purl.org/ASN/scheme/P21/concepts#Leading_and_Managing',19,1,493,'Leading and Managing',1,'en'),
 (139,'2006-07-03 22:37:29','2007-08-09 13:26:40',NULL,'2006-07-03 22:37:29',38,38,'http://purl.org/ASN/scheme/P21/concepts#Partnering',19,1,494,'Partnering',1,'en'),
 (141,'2006-07-04 12:59:24','2007-08-09 13:26:31',NULL,'2006-07-04 12:59:24',38,38,'http://purl.org/ASN/scheme/P21/concepts#Learning_and_Teaching',19,1,500,'Learning and Teaching',1,'en'),
 (142,'2006-07-04 12:59:49','2007-08-09 13:26:05',NULL,'2006-07-04 12:59:49',38,38,'http://purl.org/ASN/scheme/P21/concepts#Core_Subjects',19,0,501,'Core Subjects',1,'en'),
 (143,'2006-07-04 13:02:07','2007-08-09 13:26:09',NULL,'2006-07-04 13:02:07',38,38,'http://purl.org/ASN/scheme/P21/concepts#English',19,0,504,'English',1,'en'),
 (144,'2006-07-04 13:05:17','2007-08-09 13:26:25',NULL,'2006-07-04 13:05:17',38,38,'http://purl.org/ASN/scheme/P21/concepts#Language_Arts',19,0,509,'Language Arts',1,'en'),
 (145,'2006-07-04 13:10:52','2007-08-09 13:26:37',NULL,'2006-07-04 13:10:52',38,38,'http://purl.org/ASN/scheme/P21/concepts#Mathematics',19,0,514,'Mathematics',1,'en'),
 (146,'2006-07-04 13:12:35','2007-08-09 13:26:49',NULL,'2006-07-04 13:12:35',38,38,'http://purl.org/ASN/scheme/P21/concepts#Science',19,0,517,'Science',1,'en'),
 (147,'2006-07-10 16:37:22','2006-07-10 16:37:22',NULL,'2006-07-10 16:37:22',38,38,'http://purl.org/ASN/scheme/P21/concepts#Foreign_Languages',19,0,520,'Foreign Language',1,'en'),
 (148,'2006-07-10 16:37:40','2007-08-09 13:25:57',NULL,'2006-07-10 16:37:40',38,38,'http://purl.org/ASN/scheme/P21/concepts#Civics',19,0,521,'Civics',1,'en'),
 (149,'2006-07-10 16:37:57','2007-08-09 13:26:15',NULL,'2006-07-10 16:37:58',38,38,'http://purl.org/ASN/scheme/P21/concepts#Government',19,0,522,'Government',1,'en'),
 (150,'2006-07-10 16:39:14','2007-08-09 13:26:08',NULL,'2006-07-10 16:39:14',38,38,'http://purl.org/ASN/scheme/P21/concepts#Economics',19,0,523,'Economics',1,'en'),
 (151,'2006-07-10 16:39:34','2006-07-10 16:39:34',NULL,'2006-07-10 16:39:34',38,38,'http://purl.org/ASN/scheme/P21/concepts#History',19,0,524,'History',1,'en'),
 (152,'2006-07-10 16:39:53','2007-08-09 13:26:13',NULL,'2006-07-10 16:39:53',38,38,'http://purl.org/ASN/scheme/P21/concepts#Geography',19,0,525,'Geography',1,'en'),
 (153,'2006-07-10 16:40:13','2006-07-10 16:40:13',NULL,'2006-07-10 16:40:13',38,38,'http://purl.org/ASN/scheme/P21/concepts#Arts',19,0,526,'Arts',1,'en'),
 (154,'2006-07-10 16:41:13','2007-08-09 13:25:50',NULL,'2006-07-10 16:41:13',38,38,'http://purl.org/ASN/scheme/P21/concepts#21st_Century_Context',19,0,527,'21st Century Context',1,'en'),
 (155,'2006-07-10 16:43:40','2007-08-09 13:25:49',NULL,'2006-07-10 16:43:40',38,38,'http://purl.org/ASN/scheme/P21/concepts#21st_Century_Content',19,0,530,'21st Century Content',1,'en'),
 (156,'2006-07-10 16:44:05','2007-08-09 13:26:14',NULL,'2006-07-10 16:44:05',38,38,'http://purl.org/ASN/scheme/P21/concepts#Global_Awareness',19,0,531,'Global Awareness',1,'en'),
 (157,'2006-07-10 16:44:44','2006-07-10 16:44:44',NULL,'2006-07-10 16:44:44',38,38,'http://purl.org/ASN/scheme/P21/concepts#Financial_Economic_and_Business_Literacy',19,0,532,'Financial, Economic and Business Literacy',1,'en'),
 (158,'2006-07-10 16:45:05','2006-07-10 16:45:05',NULL,'2006-07-10 16:45:05',38,38,'http://purl.org/ASN/scheme/P21/concepts#Civic_Literacy',19,0,533,'Civic Literacy',1,'en'),
 (159,'2006-07-10 16:48:36','2007-08-09 13:26:34',NULL,'2006-07-10 16:48:36',38,38,'http://purl.org/ASN/scheme/P21/concepts#Learning_Skills',19,0,540,'Learning Skills',1,'en'),
 (160,'2006-07-10 16:50:57','2007-08-09 13:26:19',NULL,'2006-07-10 16:50:57',38,38,'http://purl.org/ASN/scheme/P21/concepts#Information_and_Communication_Skills',19,0,543,'Information and Communication Skills',1,'en'),
 (161,'2006-07-10 16:51:23','2007-08-09 13:26:54',NULL,'2006-07-10 16:51:23',38,38,'=\"http://purl.org/ASN/scheme/P21/concepts#Thinking_and_Problem_Solving_Skills\"/>',19,0,544,'Thinking and Problem Solving Skills',1,'en'),
 (162,'2006-07-10 16:51:53','2007-08-09 13:26:23',NULL,'2006-07-10 16:51:53',38,38,'http://purl.org/ASN/scheme/P21/concepts#Interpersonal_and_Self_Directional_Skills',19,0,545,'Interpersonal and Self Directional Skills',1,'en'),
 (163,'2006-07-10 16:58:58','2006-07-10 16:58:58',NULL,'2006-07-10 16:58:58',38,38,'http://purl.org/ASN/scheme/P21/concepts#Information_and_Media_Literacy_Skills',19,0,552,'Information and Media Literacy Skills',1,'en'),
 (164,'2006-07-10 16:59:17','2007-08-09 13:25:58',NULL,'2006-07-10 16:59:17',38,38,'http://purl.org/ASN/scheme/P21/concepts#Communication_Skills',19,0,553,'Communication Skills',1,'en'),
 (165,'2006-07-10 17:04:57','2007-08-09 13:26:07',NULL,'2006-07-10 17:04:57',38,38,'http://purl.org/ASN/scheme/P21/concepts#Critical_Thinking_and_Systems_Thinking',19,0,558,'Critical Thinking and Systems Thinking',1,'en'),
 (166,'2006-07-10 17:05:30','2006-07-10 17:05:30',NULL,'2006-07-10 17:05:30',38,38,'http://purl.org/ASN/scheme/P21/concepts#Problem_Identification_Formulation_and_Solution',19,0,559,'Problem Identification, Formulation and Solution',1,'en'),
 (167,'2006-07-10 17:06:01','2007-08-09 13:26:06',NULL,'2006-07-10 17:06:01',38,38,'http://purl.org/ASN/scheme/P21/concepts#Creativity_and_Intellectual_Curiosity',19,0,560,'Creativity and Intellectual Curiosity',1,'en'),
 (168,'2006-07-10 17:10:01','2006-07-10 17:10:01',NULL,'2006-07-10 17:10:01',38,38,'http://purl.org/ASN/scheme/P21/concepts#Interpersonal_and_Collaborative_Skills',19,0,567,'Interpersonal and Collaborative Skills',1,'en'),
 (169,'2006-07-10 17:10:20','2006-07-10 17:10:20',NULL,'2006-07-10 17:10:20',38,38,'http://purl.org/ASN/scheme/P21/concepts#Self_Direction',19,0,568,'Self Direction',1,'en'),
 (170,'2006-07-10 17:10:48','2006-07-10 17:10:48',NULL,'2006-07-10 17:10:48',38,38,'http://purl.org/ASN/scheme/P21/concepts#Accountability_and_Adaptability',19,0,569,'Accountability and Adaptability',1,'en'),
 (171,'2006-07-10 17:11:09','2006-07-10 17:11:09',NULL,'2006-07-10 17:11:09',38,38,'http://purl.org/ASN/scheme/P21/concepts#Social_Responsibility',19,0,570,'Social Responsibility',1,'en'),
 (172,'2006-07-10 17:13:27','2007-08-09 13:26:35',NULL,'2006-07-10 17:13:27',38,38,'http://purl.org/ASN/scheme/P21/concepts#Learning_Tools',19,0,571,'Learning Tools',1,'en'),
 (173,'2006-07-10 17:14:58','2007-08-09 13:25:54',NULL,'2006-07-10 17:14:58',38,38,'http://purl.org/ASN/scheme/P21/concepts#Assessment',19,0,574,'Assessment',1,'en'),
 (174,'2006-07-10 17:16:32','2007-08-09 13:26:42',NULL,'2006-07-10 17:16:32',38,38,'http://purl.org/ASN/scheme/P21/concepts#Pedagogy',19,0,577,'Pedagogy',1,'en'),
 (175,'2006-07-10 17:34:47','2007-08-09 13:26:48',NULL,'2006-07-10 17:34:47',38,38,'http://purl.org/ASN/scheme/P21/concepts#Professional_Development',19,0,580,'Professional Development',1,'en'),
 (176,'2006-07-10 17:37:29','2007-08-09 13:26:56',NULL,'2006-07-10 17:37:29',38,38,'http://purl.org/ASN/scheme/P21/concepts#Vision',19,0,583,'Vision',1,'en'),
 (177,'2006-07-10 17:37:57','2007-08-09 13:26:10',NULL,'2006-07-10 17:37:57',38,38,'http://purl.org/ASN/scheme/P21/concepts#Equitable_Educational_Opportunity',19,0,584,'Equitable Educational Opportunity',1,'en'),
 (178,'2006-07-10 17:38:22','2007-08-09 13:26:43',NULL,'2006-07-10 17:38:22',38,38,'http://purl.org/ASN/scheme/P21/concepts#Planning_and_Allocating_Resources',19,0,585,'Planning and Allocating Resources',1,'en'),
 (179,'2006-07-10 17:39:17','2007-08-09 13:26:21',NULL,'2006-07-10 17:39:17',38,38,'http://purl.org/ASN/scheme/P21/concepts#Infrastructure_and_System_Integration',19,0,586,'Infrastructure and System Integration',1,'en'),
 (180,'2006-07-10 17:39:37','2007-08-09 13:26:24',NULL,'2006-07-10 17:39:37',38,38,'http://purl.org/ASN/scheme/P21/concepts#Knowledge_and_Skills',19,0,587,'Knowledge and Skills',1,'en'),
 (181,'2006-07-10 17:39:57','2007-08-09 13:26:45',NULL,'2006-07-10 17:39:57',38,38,'http://purl.org/ASN/scheme/P21/concepts#Policy_Making',19,0,588,'Policy Making',1,'en'),
 (182,'2006-07-10 17:40:15','2007-08-09 13:25:51',NULL,'2006-07-10 17:40:15',38,38,'http://purl.org/ASN/scheme/P21/concepts#Accountability',19,0,589,'Accountability',1,'en'),
 (183,'2006-07-10 18:00:18','2007-08-09 13:26:38',NULL,'2006-07-10 18:00:18',38,38,'http://purl.org/ASN/scheme/P21/concepts#Parents',19,0,611,'Parents',1,'en'),
 (184,'2006-07-10 18:01:36','2007-08-09 13:26:00',NULL,'2006-07-10 18:01:36',38,38,'http://purl.org/ASN/scheme/P21/concepts#Community',19,0,615,'Community',1,'en'),
 (185,'2006-07-10 18:03:00','2007-08-09 13:26:16',NULL,'2006-07-10 18:03:00',38,38,'http://purl.org/ASN/scheme/P21/concepts#Higher_Education_and_Teacher_Preparation',19,0,619,'Higher Education and Teacher Preparation',1,'en'),
 (186,'2006-07-10 18:04:48','2007-08-09 13:26:02',NULL,'2006-07-10 18:04:48',38,38,'http://purl.org/ASN/scheme/P21/concepts#Content_Providers',19,0,623,'Content Providers',1,'en'),
 (187,'2006-07-10 18:06:24','2007-08-09 13:25:55',NULL,'2006-07-10 18:06:24',38,38,'http://purl.org/ASN/scheme/P21/concepts#Business',19,0,627,'Business',1,'en'),
 (188,'2006-07-11 21:57:55','2006-07-11 21:57:55',NULL,'2006-07-11 21:57:55',38,38,'http://purl.org/gem/instance/subject/GEM-S/arts',20,1,647,'Arts',1,'en'),
 (189,'2006-07-11 22:00:44','2006-07-11 22:00:44',NULL,'2006-07-11 22:00:44',38,38,'http://purl.org/gem/instance/subject/GEM-S/educational_technology',20,1,648,'Educational technology',1,'en'),
 (190,'2006-07-11 22:02:52','2006-07-11 22:02:52',NULL,'2006-07-11 22:02:52',38,38,'http://purl.org/gem/instance/subject/GEM-S/educational_technology',20,1,649,'Foreign languages',1,'en'),
 (191,'2006-07-11 22:04:21','2007-08-09 13:27:00',NULL,'2006-07-11 22:04:21',38,38,'http://purl.org/gem/instance/subject/GEM-S/health',20,1,650,'Health',1,'en'),
 (192,'2006-07-11 22:05:18','2006-07-11 22:05:18',NULL,'2006-07-11 22:05:18',38,38,'http://purl.org/gem/instance/subject/GEM-S/language_arts',20,1,651,'Language arts',1,'en'),
 (193,'2006-07-11 22:06:54','2006-07-11 22:06:54',NULL,'2006-07-11 22:06:54',38,38,'http://purl.org/gem/instance/subject/GEM-S/mathematics',20,1,652,'Mathematics',1,'en'),
 (194,'2006-07-11 22:12:09','2007-08-09 13:27:02',NULL,'2006-07-11 22:12:09',38,38,'http://purl.org/gem/instance/subject/GEM-S/philosophy',20,1,653,'Philosophy',1,'en'),
 (195,'2006-07-11 22:13:30','2006-07-11 22:13:30',NULL,'2006-07-11 22:13:30',38,38,'http://purl.org/gem/instance/subject/GEM-S/physical_education',20,1,654,'Physical education',1,'en'),
 (196,'2006-07-11 22:14:14','2007-08-09 13:27:03',NULL,'2006-07-11 22:14:14',38,38,'http://purl.org/gem/instance/subject/GEM-S/religion',20,1,655,'Religion',1,'en'),
 (197,'2006-07-11 22:15:04','2006-07-11 22:15:04',NULL,'2006-07-11 22:15:04',38,38,'http://purl.org/gem/instance/subject/GEM-S/science',20,1,656,'Science',1,'en'),
 (198,'2006-07-11 22:16:06','2006-07-11 22:16:06',NULL,'2006-07-11 22:16:06',38,38,'http://purl.org/gem/instance/subject/GEM-S/social_studies',20,1,657,'Social studies',1,'en'),
 (199,'2006-07-11 22:17:05','2007-08-09 13:27:05',NULL,'2006-07-11 22:17:05',38,38,'http://purl.org/gem/instance/subject/GEM-S/vocational_education',20,1,658,'Vocational education',1,'en'),
 (203,'2006-09-20 11:56:01','2007-08-09 13:27:18',NULL,'2006-09-20 11:56:01',39,39,'http://metadataregistry.org/uri/NSDLSchema/1001',22,0,662,'URI',1,'en'),
 (204,'2006-09-20 11:56:12','2006-09-20 11:56:12',NULL,'2006-09-20 11:56:12',39,39,'http://metadataregistry.org/uri/NSDLSchema/1002',22,0,663,'Label',1,'en'),
 (205,'2006-09-20 11:56:23','2007-08-09 13:27:14',NULL,'2006-09-20 11:56:23',39,39,'http://metadataregistry.org/uri/NSDLSchema/1003',22,0,664,'Name',1,'en'),
 (206,'2006-09-20 11:56:37','2006-09-20 11:56:37',NULL,'2006-09-20 11:56:37',39,39,'http://metadataregistry.org/uri/NSDLSchema/1004',22,0,665,'Definition',1,'en'),
 (207,'2006-09-20 11:56:48','2007-08-09 13:27:06',NULL,'2006-09-20 11:56:48',39,39,'http://metadataregistry.org/uri/NSDLSchema/1005',22,0,666,'Comments',1,'en'),
 (208,'2006-09-20 11:56:55','2007-08-09 13:27:09',NULL,'2006-09-20 11:56:55',39,39,'http://metadataregistry.org/uri/NSDLSchema/1006',22,0,667,'DefinedBy',1,'en'),
 (209,'2006-09-20 11:57:09','2007-08-09 13:27:16',NULL,'2006-09-20 11:57:09',39,39,'http://metadataregistry.org/uri/NSDLSchema/1007',22,0,668,'TypeOfTerm',1,'en'),
 (210,'2006-09-20 11:57:23','2007-08-09 13:27:08',NULL,'2006-09-20 11:57:23',39,39,'http://metadataregistry.org/uri/NSDLSchema/1008',22,0,669,'DateCreated',1,'en'),
 (211,'2006-09-20 11:57:31','2007-08-09 13:27:12',NULL,'2006-09-20 11:57:31',39,39,'http://metadataregistry.org/uri/NSDLSchema/1009',22,0,670,'LastUpdated',1,'en'),
 (212,'2006-09-20 11:58:08','2006-09-20 11:58:08',NULL,'2006-09-20 11:58:08',39,39,'http://metadataregistry.org/uri/NSDLSchema/1010',22,0,671,'Refines',1,'en'),
 (213,'2006-09-20 11:58:16','2006-09-20 11:58:16',NULL,'2006-09-20 11:58:16',39,39,'http://metadataregistry.org/uri/NSDLSchema/1011',22,0,672,'RefinedBy',1,'en'),
 (214,'2006-09-20 15:10:55','2007-08-09 13:27:43',NULL,'2006-09-20 15:10:55',36,36,'http://metadataregistry.org/uri/NSDLAP/1001',23,0,688,'URI',1,'en'),
 (215,'2006-09-20 15:11:04','2007-08-09 13:27:31',NULL,'2006-09-20 15:11:04',36,36,'http://metadataregistry.org/uri/NSDLAP/1002',23,0,689,'Name',1,'en'),
 (216,'2006-09-20 15:11:21','2007-08-09 13:27:40',NULL,'2006-09-20 15:11:21',36,36,'http://metadataregistry.org/uri/NSDLAP/1003',23,0,690,'SourceLabel',1,'en'),
 (217,'2006-09-20 15:11:43','2007-08-09 13:27:20',NULL,'2006-09-20 15:11:43',36,36,'http://metadataregistry.org/uri/NSDLAP/1004',23,0,691,'APLabel',1,'en'),
 (218,'2006-09-20 15:12:02','2007-08-09 13:27:38',NULL,'2006-09-20 15:12:02',36,36,'http://metadataregistry.org/uri/NSDLAP/1005',23,0,692,'SourceDefinition',1,'en'),
 (219,'2006-09-20 15:12:12','2007-08-09 13:27:45',NULL,'2006-09-20 15:12:12',36,36,'http://metadataregistry.org/uri/NSDLAP/1006',23,0,693,'UsageInThisDCAP',1,'en'),
 (220,'2006-09-20 15:12:29','2007-08-09 13:27:21',NULL,'2006-09-20 15:12:29',36,36,'http://metadataregistry.org/uri/NSDLAP/1007',23,0,694,'Comments',1,'en'),
 (221,'2006-09-20 15:12:42','2006-09-20 15:12:42',NULL,'2006-09-20 15:12:42',36,36,'http://metadataregistry.org/uri/NSDLAP/1008',23,0,695,'DefinedBy',1,'en'),
 (222,'2006-09-20 15:12:49','2007-08-09 13:27:42',NULL,'2006-09-20 15:12:49',36,36,'http://metadataregistry.org/uri/NSDLAP/1009',23,0,696,'TypeOfTerm',1,'en'),
 (223,'2006-09-20 15:13:01','2007-08-09 13:27:24',NULL,'2006-09-20 15:13:01',36,36,'http://metadataregistry.org/uri/NSDLAP/1010',23,0,697,'DateCreated',1,'en'),
 (224,'2006-09-20 15:13:08','2007-08-09 13:27:28',NULL,'2006-09-20 15:13:08',36,36,'http://metadataregistry.org/uri/NSDLAP/1011',23,0,698,'LastUpdated',1,'en'),
 (225,'2006-09-20 15:13:20','2007-08-09 13:27:36',NULL,'2006-09-20 15:13:20',36,36,'http://metadataregistry.org/uri/NSDLAP/1012',23,0,699,'Refines',1,'en'),
 (226,'2006-09-20 15:13:27','2007-08-09 13:27:35',NULL,'2006-09-20 15:13:27',36,36,'http://metadataregistry.org/uri/NSDLAP/1013',23,0,700,'RefinedBy',1,'en'),
 (227,'2006-09-20 15:13:41','2007-08-09 13:27:27',NULL,'2006-09-20 15:13:41',36,36,'http://metadataregistry.org/uri/NSDLAP/1014',23,0,701,'EncodingSchemeFor',1,'en'),
 (228,'2006-09-20 15:13:58','2007-08-09 13:27:47',NULL,'2006-09-20 15:13:58',36,36,'http://metadataregistry.org/uri/NSDLAP/1015',23,1,702,'UsesEncodingScheme',1,'en'),
 (229,'2006-09-20 15:14:55','2006-09-20 15:14:55',NULL,'2006-09-20 15:14:55',36,36,'http://metadataregistry.org/uri/NSDLAP/1016',23,0,703,'ValueURI',1,'en'),
 (230,'2006-09-20 15:15:18','2007-08-09 13:27:49',NULL,'2006-09-20 15:15:18',36,36,'http://metadataregistry.org/uri/NSDLAP/1017',23,0,704,'ValueString',1,'en'),
 (231,'2006-09-20 15:15:32','2006-09-20 15:15:32',NULL,'2006-09-20 15:15:32',36,36,'http://metadataregistry.org/uri/NSDLAP/1018',23,0,705,'RichRepresentation',1,'en'),
 (232,'2006-09-20 15:15:44','2007-08-09 13:27:32',NULL,'2006-09-20 15:15:44',36,36,'http://metadataregistry.org/uri/NSDLAP/1019',23,0,706,'Obligation',1,'en'),
 (233,'2006-09-20 15:15:50','2007-08-09 13:27:22',NULL,'2006-09-20 15:15:50',36,36,'http://metadataregistry.org/uri/NSDLAP/1020',23,0,707,'Condition',1,'en'),
 (234,'2006-09-20 15:15:58','2007-08-09 13:27:34',NULL,'2006-09-20 15:15:58',36,36,'http://metadataregistry.org/uri/NSDLAP/1021',23,0,708,'Occurrence',1,'en'),
 (235,'2006-10-02 10:16:36','2007-08-09 13:27:55',NULL,'2006-10-02 10:16:36',38,38,'http://metadataregistry.org/uri/InstMethod/1001',24,1,759,'Assessment',1,'en'),
 (236,'2006-10-02 10:16:52','2007-08-09 13:28:42',NULL,'2006-10-02 10:16:52',38,38,'http://metadataregistry.org/uri/InstMethod/1002',24,1,760,'Student Groupings',1,'en'),
 (237,'2006-10-02 10:17:12','2007-08-09 13:28:55',NULL,'2006-10-02 10:17:12',38,38,'http://metadataregistry.org/uri/InstMethod/1003',24,1,761,'Teaching Methods',1,'en'),
 (238,'2006-10-02 10:18:39','2006-10-02 10:18:39',NULL,'2006-10-02 10:18:39',38,38,'http://metadataregistry.org/uri/InstMethod/1005',24,0,762,'Alternative assessment',1,'en'),
 (239,'2006-10-02 10:18:57','2007-08-09 13:27:57',NULL,'2006-10-02 10:18:57',38,38,'http://metadataregistry.org/uri/InstMethod/1006',24,0,763,'Authentic assessment',1,'en'),
 (240,'2006-10-02 10:19:19','2007-08-09 13:28:04',NULL,'2006-10-02 10:19:19',38,38,'http://metadataregistry.org/uri/InstMethod/1007',24,0,764,'Curriculum based assessment',1,'en'),
 (241,'2006-10-02 10:19:32','2006-10-02 10:19:32',NULL,'2006-10-02 10:19:32',38,38,'http://metadataregistry.org/uri/InstMethod/1008',24,0,765,'Informal assessment',1,'en'),
 (242,'2006-10-02 10:19:46','2006-10-02 10:19:46',NULL,'2006-10-02 10:19:46',38,38,'http://metadataregistry.org/uri/InstMethod/1009',24,0,766,'Observation',1,'en'),
 (243,'2006-10-02 10:20:00','2006-10-02 10:20:00',NULL,'2006-10-02 10:20:00',38,38,'http://metadataregistry.org/uri/InstMethod/1010',24,0,767,'Peer evaluation',1,'en'),
 (244,'2006-10-02 10:21:02','2006-10-02 10:21:02',NULL,'2006-10-02 10:21:02',38,38,'http://metadataregistry.org/uri/InstMethod/1012',24,0,768,'Portfolio assessment',1,'en'),
 (245,'2006-10-02 10:21:13','2007-08-09 13:28:34',NULL,'2006-10-02 10:21:13',38,38,'http://metadataregistry.org/uri/InstMethod/1013',24,0,769,'Self evaluation',1,'en'),
 (247,'2006-10-02 10:21:51','2007-08-09 13:29:00',NULL,'2006-10-02 10:21:51',38,38,'http://metadataregistry.org/uri/InstMethod/1015',24,0,771,'Testing',1,'en'),
 (248,'2006-10-02 10:40:04','2007-08-09 13:28:03',NULL,'2006-10-02 10:40:04',38,38,'http://metadataregistry.org/uri/InstMethod/1018',24,0,796,'Cross age teaching',1,'en'),
 (249,'2006-10-02 10:40:14','2006-10-02 10:40:14',NULL,'2006-10-02 10:40:14',38,38,'http://metadataregistry.org/uri/InstMethod/1019',24,0,797,'Heterogeneous grouping',1,'en'),
 (250,'2006-10-02 10:40:25','2006-10-02 10:40:25',NULL,'2006-10-02 10:40:25',38,38,'http://metadataregistry.org/uri/InstMethod/1020',24,0,798,'Homogeneous grouping',1,'en'),
 (251,'2006-10-02 10:43:37','2006-10-02 10:43:37',NULL,'2006-10-02 10:43:37',38,38,'http://metadataregistry.org/uri/InstMethod/1023',24,0,799,'Individualized instruction',1,'en'),
 (252,'2006-10-02 10:43:59','2007-08-09 13:28:19',NULL,'2006-10-02 10:43:59',38,38,'http://metadataregistry.org/uri/InstMethod/1024',24,0,800,'Large Group instruction',1,'en'),
 (253,'2006-10-02 10:44:13','2006-10-02 10:44:13',NULL,'2006-10-02 10:44:13',38,38,'http://metadataregistry.org/uri/InstMethod/1025',24,0,801,'Non-graded instructional grouping',1,'en'),
 (254,'2006-10-02 10:44:25','2007-08-09 13:28:38',NULL,'2006-10-02 10:44:25',38,38,'http://metadataregistry.org/uri/InstMethod/1026',24,0,802,'Small group instruction',1,'en'),
 (255,'2006-10-02 10:50:58','2007-08-09 13:27:58',NULL,'2006-10-02 10:50:58',38,38,'http://metadataregistry.org/uri/InstMethod/1027',24,0,817,'Brainstorming',1,'en'),
 (256,'2006-10-02 10:51:07','2007-08-09 13:27:59',NULL,'2006-10-02 10:51:07',38,38,'http://metadataregistry.org/uri/InstMethod/1028',24,0,818,'Computer assisted instruction',1,'en'),
 (257,'2006-10-02 10:51:16','2007-08-09 13:28:00',NULL,'2006-10-02 10:51:16',38,38,'http://metadataregistry.org/uri/InstMethod/1029',24,0,819,'Computer simulations',1,'en'),
 (258,'2006-10-02 10:51:27','2007-08-09 13:28:01',NULL,'2006-10-02 10:51:27',38,38,'http://metadataregistry.org/uri/InstMethod/1030',24,0,820,'Contingency management',1,'en'),
 (259,'2006-10-02 10:51:37','2007-08-09 13:28:02',NULL,'2006-10-02 10:51:37',38,38,'http://metadataregistry.org/uri/InstMethod/1031',24,0,821,'Cooperative learning',1,'en'),
 (260,'2006-10-02 10:51:45','2007-08-09 13:28:05',NULL,'2006-10-02 10:51:45',38,38,'http://metadataregistry.org/uri/InstMethod/1032',24,0,822,'Demonstrations',1,'en'),
 (261,'2006-10-02 10:51:56','2007-08-09 13:28:06',NULL,'2006-10-02 10:51:56',38,38,'http://metadataregistry.org/uri/InstMethod/1033',24,0,823,'Dialog journals',1,'en'),
 (262,'2006-10-02 10:52:05','2007-08-09 13:28:07',NULL,'2006-10-02 10:52:05',38,38,'http://metadataregistry.org/uri/InstMethod/1034',24,0,824,'Discovery learning',1,'en'),
 (263,'2006-10-02 10:52:15','2007-08-09 13:28:08',NULL,'2006-10-02 10:52:15',38,38,'http://metadataregistry.org/uri/InstMethod/1035',24,0,825,'Discussions',1,'en'),
 (264,'2006-10-02 10:52:26','2007-08-09 13:28:09',NULL,'2006-10-02 10:52:26',38,38,'http://metadataregistry.org/uri/InstMethod/1036',24,0,826,'Dramatic play drills',1,'en'),
 (265,'2006-10-02 10:52:35','2006-10-02 10:52:35',NULL,'2006-10-02 10:52:35',38,38,'http://metadataregistry.org/uri/InstMethod/1037',24,0,827,'Experiential learning',1,'en'),
 (266,'2006-10-02 10:52:45','2006-10-02 10:52:45',NULL,'2006-10-02 10:52:45',38,38,'http://metadataregistry.org/uri/InstMethod/1038',24,0,828,'Guided design',1,'en'),
 (267,'2006-10-02 10:52:54','2006-10-02 10:52:54',NULL,'2006-10-02 10:52:54',38,38,'http://metadataregistry.org/uri/InstMethod/1039',24,0,829,'Hands-on learning',1,'en'),
 (268,'2006-10-02 10:53:05','2006-10-02 10:53:05',NULL,'2006-10-02 10:53:05',38,38,'http://metadataregistry.org/uri/InstMethod/1040',24,0,830,'Interdisciplinary ',1,'en'),
 (269,'2006-10-02 10:54:22','2007-08-09 13:28:16',NULL,'2006-10-02 10:54:22',38,38,'http://metadataregistry.org/uri/InstMethod/1042',24,0,831,'Integrated instruction',1,'en'),
 (270,'2006-10-02 10:54:30','2007-08-09 13:28:18',NULL,'2006-10-02 10:54:30',38,38,'http://metadataregistry.org/uri/InstMethod/1043',24,0,832,'Lab procedures',1,'en'),
 (271,'2006-10-02 10:54:47','2007-08-09 13:28:20',NULL,'2006-10-02 10:54:47',38,38,'http://metadataregistry.org/uri/InstMethod/1044',24,0,833,'Learning modules',1,'en'),
 (272,'2006-10-02 10:54:59','2006-10-02 10:54:59',NULL,'2006-10-02 10:54:59',38,38,'http://metadataregistry.org/uri/InstMethod/1045',24,0,834,'Lecture',1,'en'),
 (273,'2006-10-02 10:55:10','2006-10-02 10:55:10',NULL,'2006-10-02 10:55:10',38,38,'http://metadataregistry.org/uri/InstMethod/1046',24,0,835,'Montessori Method',1,'en'),
 (274,'2006-10-02 10:55:20','2007-08-09 13:28:23',NULL,'2006-10-02 10:55:20',38,38,'http://metadataregistry.org/uri/InstMethod/1047',24,0,836,'Multiple activities',1,'en'),
 (275,'2006-10-02 10:55:29','2006-10-02 10:55:29',NULL,'2006-10-02 10:55:29',38,38,'http://metadataregistry.org/uri/InstMethod/1048',24,0,837,'Multimedia instruction',1,'en'),
 (276,'2006-10-02 10:55:38','2007-08-09 13:28:24',NULL,'2006-10-02 10:55:38',38,38,'http://metadataregistry.org/uri/InstMethod/1049',24,0,838,'Museum education',1,'en'),
 (277,'2006-10-02 10:55:47','2006-10-02 10:55:47',NULL,'2006-10-02 10:55:47',38,38,'http://metadataregistry.org/uri/InstMethod/1050',24,0,839,'Peer Tutoring',1,'en'),
 (278,'2006-10-02 10:55:57','2007-08-09 13:28:29',NULL,'2006-10-02 10:55:57',38,38,'http://metadataregistry.org/uri/InstMethod/1051',24,0,840,'Programmed instruction',1,'en'),
 (279,'2006-10-02 10:56:06','2007-08-09 13:28:30',NULL,'2006-10-02 10:56:06',38,38,'http://metadataregistry.org/uri/InstMethod/1052',24,0,841,'Project-based learning',1,'en'),
 (280,'2006-10-02 10:56:14','2007-08-09 13:28:31',NULL,'2006-10-02 10:56:14',38,38,'http://metadataregistry.org/uri/InstMethod/1053',24,0,842,'Questioning techniques',1,'en'),
 (281,'2006-10-02 10:57:56','2007-08-09 13:28:32',NULL,'2006-10-02 10:57:56',38,38,'http://metadataregistry.org/uri/InstMethod/1055',24,0,843,'Role playing',1,'en'),
 (282,'2006-10-02 10:58:07','2006-10-02 10:58:07',NULL,'2006-10-02 10:58:07',38,38,'http://metadataregistry.org/uri/InstMethod/1056',24,0,844,'Self directed groups',1,'en'),
 (283,'2006-10-02 10:58:17','2007-08-09 13:28:35',NULL,'2006-10-02 10:58:17',38,38,'http://metadataregistry.org/uri/InstMethod/1057',24,0,845,'Self-paced learning modules',1,'en'),
 (284,'2006-10-02 10:58:26','2007-08-09 13:28:36',NULL,'2006-10-02 10:58:26',38,38,'http://metadataregistry.org/uri/InstMethod/1058',24,0,846,'Simulations and games',1,'en'),
 (285,'2006-10-02 10:58:36','2007-08-09 13:28:44',NULL,'2006-10-02 10:58:36',38,38,'http://metadataregistry.org/uri/InstMethod/1059',24,0,847,'Teaching guides',1,'en'),
 (286,'2006-10-02 10:58:50','2006-10-02 10:58:50',NULL,'2006-10-02 10:58:50',38,38,'http://metadataregistry.org/uri/InstMethod/1060',24,0,848,'Team teaching',1,'en'),
 (287,'2006-10-02 10:59:00','2007-08-09 13:29:01',NULL,'2006-10-02 10:59:00',38,38,'http://metadataregistry.org/uri/InstMethod/1061',24,0,849,'Thematic approach',1,'en'),
 (288,'2006-10-02 10:59:08','2007-08-09 13:29:02',NULL,'2006-10-02 10:59:08',38,38,'http://metadataregistry.org/uri/InstMethod/1062',24,0,850,'Tutorial programs',1,'en'),
 (289,'2006-10-02 10:59:17','2007-08-09 13:29:03',NULL,'2006-10-02 10:59:17',38,38,'http://metadataregistry.org/uri/InstMethod/1063',24,0,851,'Visual instruction',1,'en'),
 (290,'2006-10-02 10:59:26','2006-10-02 10:59:26',NULL,'2006-10-02 10:59:26',38,38,'http://metadataregistry.org/uri/InstMethod/1064',24,0,852,'Whole language approach',1,'en'),
 (291,'2006-10-06 10:29:34','2006-10-06 10:29:34',NULL,'2006-10-06 10:29:34',38,38,'http://metadataregistry.org/uri/InstMethod/1065',24,0,923,'Standardized testing',1,'en'),
 (292,'2007-01-20 11:05:14','2007-08-09 13:29:26',NULL,'2007-01-20 11:05:14',39,39,'http://metadataregistry.org/uri//NSDLGEM/1001',25,1,926,'Education',1,'en'),
 (293,'2007-01-20 11:08:48','2007-08-09 13:30:37',NULL,'2007-01-20 11:08:48',39,39,'http://metadataregistry.org/uri//NSDLGEM/1003',25,1,927,'Technology',1,'en'),
 (294,'2007-01-20 11:09:47','2007-01-20 11:09:47',NULL,'2007-01-20 11:09:47',39,39,'http://metadataregistry.org/uri//NSDLGEM/1005',25,0,928,'Careers',1,'en'),
 (295,'2007-01-20 11:10:04','2007-08-09 13:29:44',NULL,'2007-01-20 11:10:04',39,39,'http://metadataregistry.org/uri//NSDLGEM/1006',25,0,929,'Instructional issues',1,'en'),
 (296,'2007-01-20 11:25:19','2007-08-09 13:29:28',NULL,'2007-01-20 11:25:19',39,39,'http://metadataregistry.org/uri//NSDLGEM/1007',25,0,930,'Educational media',1,'en'),
 (297,'2007-01-20 11:25:47','2007-01-20 11:25:47',NULL,'2007-01-20 11:25:47',39,39,'http://metadataregistry.org/uri//NSDLGEM/1008',25,0,931,'Integrating technology in the classroom',1,'en'),
 (298,'2007-01-20 11:26:14','2007-08-09 13:30:00',NULL,'2007-01-20 11:26:14',39,39,'http://metadataregistry.org/uri//NSDLGEM/1009',25,0,932,'Multimedia education',1,'en'),
 (299,'2007-01-20 11:26:41','2007-08-09 13:30:39',NULL,'2007-01-20 11:26:41',39,39,'http://metadataregistry.org/uri//NSDLGEM/1010',25,0,933,'Technology planning',1,'en'),
 (300,'2007-06-03 14:09:58','2007-08-09 13:29:23',NULL,'2007-06-03 14:09:58',39,39,'http://metadataregistry.org/uri/NSDLGEM/1014',25,0,934,'Earth science',1,'en'),
 (301,'2007-06-03 14:10:09','2007-08-09 13:30:16',NULL,'2007-06-03 14:10:09',39,39,'http://metadataregistry.org/uri/NSDLGEM/1015',25,0,935,'Physical sciences',1,'en'),
 (302,'2007-06-03 14:10:28','2007-08-09 13:29:59',NULL,'2007-06-03 14:10:28',39,39,'http://metadataregistry.org/uri/NSDLGEM/1016',25,0,936,'Meteorology',1,'en'),
 (303,'2007-06-03 14:10:37','2007-08-09 13:30:11',NULL,'2007-06-03 14:10:37',39,39,'http://metadataregistry.org/uri/NSDLGEM/1017',25,0,937,'Oceanography',1,'en'),
 (304,'2007-06-03 14:11:03','2007-08-09 13:29:13',NULL,'2007-06-03 14:11:03',39,39,'http://metadataregistry.org/uri/NSDLGEM/1018',25,0,938,'Astronomy',1,'en'),
 (305,'2007-06-03 14:11:11','2007-08-09 13:30:34',NULL,'2007-06-03 14:11:11',39,39,'http://metadataregistry.org/uri/NSDLGEM/1019',25,0,939,'Space sciences',1,'en'),
 (306,'2007-06-03 14:11:19','2007-08-09 13:29:21',NULL,'2007-06-03 14:11:19',39,39,'http://metadataregistry.org/uri/NSDLGEM/1020',25,0,940,'Computer science',1,'en'),
 (307,'2007-06-03 16:08:11','2007-08-09 13:30:27',NULL,'2007-06-03 16:08:11',39,39,'http://metadataregistry.org/uri/NSDLGEM/1022',25,1,941,'Science',1,'en'),
 (308,'2007-06-03 17:37:33','2007-08-09 13:29:35',NULL,'2007-06-03 17:37:33',39,39,'http://metadataregistry.org/uri/NSDLGEM/1023',25,0,942,'Geography',1,'en'),
 (309,'2007-06-04 10:48:08','2007-08-09 13:29:39',NULL,'2007-06-04 10:48:08',39,39,'http://metadataregistry.org/uri/NSDLGEM/1025',25,1,947,'Health',1,'en'),
 (310,'2007-06-04 10:48:19','2007-08-09 13:29:06',NULL,'2007-06-04 10:48:19',39,39,'http://metadataregistry.org/uri/NSDLGEM/1026',25,0,948,'Aging',1,'en'),
 (311,'2007-06-04 10:48:35','2007-08-09 13:29:16',NULL,'2007-06-04 10:48:35',39,39,'http://metadataregistry.org/uri/NSDLGEM/1027',25,0,949,'Body systems and senses',1,'en'),
 (312,'2007-06-04 10:48:47','2007-08-09 13:29:32',NULL,'2007-06-04 10:48:47',39,39,'http://metadataregistry.org/uri/NSDLGEM/1028',25,0,950,'Environmental health',1,'en'),
 (313,'2007-06-04 10:50:13','2007-08-09 13:29:43',NULL,'2007-06-04 10:50:13',39,39,'http://metadataregistry.org/uri/NSDLGEM/1030',25,0,951,'Human sexuality',1,'en'),
 (314,'2007-06-04 10:50:22','2007-08-09 13:30:10',NULL,'2007-06-04 10:50:22',39,39,'http://metadataregistry.org/uri/NSDLGEM/1031',25,0,952,'Nutrition',1,'en'),
 (315,'2007-06-11 14:18:44','2007-08-09 13:29:53',NULL,'2007-06-11 14:18:44',39,39,'http://metadataregistry.org/uri/NSDLGEM/1033',25,1,963,'Mathematics',1,'en'),
 (316,'2007-06-11 14:18:59','2007-08-09 13:29:08',NULL,'2007-06-11 14:18:59',39,39,'http://metadataregistry.org/uri/NSDLGEM/1034',25,0,964,'Algebra',1,'en'),
 (317,'2007-06-11 14:19:12','2007-08-09 13:29:10',NULL,'2007-06-11 14:19:12',39,39,'http://metadataregistry.org/uri/NSDLGEM/1035',25,0,965,'Applied mathematics',1,'en'),
 (318,'2007-06-11 14:19:31','2007-08-09 13:29:12',NULL,'2007-06-11 14:19:31',39,39,'http://metadataregistry.org/uri/NSDLGEM/1036',25,0,966,'Arithmetic',1,'en'),
 (319,'2007-06-11 14:19:38','2007-06-11 14:19:38',NULL,'2007-06-11 14:19:38',39,39,'http://metadataregistry.org/uri/NSDLGEM/1037',25,0,967,'Calculus',1,'en'),
 (320,'2007-06-11 14:19:50','2007-08-09 13:29:22',NULL,'2007-06-11 14:19:50',39,39,'http://metadataregistry.org/uri/NSDLGEM/1038',25,0,968,'Discrete mathematics',1,'en'),
 (321,'2007-06-11 14:19:57','2007-08-09 13:29:33',NULL,'2007-06-11 14:19:57',39,39,'http://metadataregistry.org/uri/NSDLGEM/1039',25,0,969,'Functions',1,'en'),
 (322,'2007-06-11 14:20:05','2007-08-09 13:29:37',NULL,'2007-06-11 14:20:05',39,39,'http://metadataregistry.org/uri/NSDLGEM/1040',25,0,970,'Geometry',1,'en'),
 (323,'2007-06-11 14:20:17','2007-08-09 13:29:55',NULL,'2007-06-11 14:20:17',39,39,'http://metadataregistry.org/uri/NSDLGEM/1041',25,0,971,'Measurement',1,'en'),
 (324,'2007-06-11 14:20:30','2007-08-09 13:30:05',NULL,'2007-06-11 14:20:30',39,39,'http://metadataregistry.org/uri/NSDLGEM/1042',25,0,972,'Number sense',1,'en'),
 (325,'2007-06-11 14:20:41','2007-08-09 13:30:06',NULL,'2007-06-11 14:20:41',39,39,'http://metadataregistry.org/uri/NSDLGEM/1043',25,0,973,'Number theory',1,'en'),
 (326,'2007-06-11 14:20:51','2007-08-09 13:30:14',NULL,'2007-06-11 14:20:51',39,39,'http://metadataregistry.org/uri/NSDLGEM/1044',25,0,974,'Patterns',1,'en'),
 (327,'2007-06-11 14:20:58','2007-08-09 13:30:18',NULL,'2007-06-11 14:20:58',39,39,'http://metadataregistry.org/uri/NSDLGEM/1045',25,0,975,'Probability',1,'en'),
 (328,'2007-06-11 14:21:05','2007-08-09 13:30:35',NULL,'2007-06-11 14:21:05',39,39,'http://metadataregistry.org/uri/NSDLGEM/1046',25,0,976,'Statistics',1,'en'),
 (329,'2007-06-11 14:21:18','2007-08-09 13:30:40',NULL,'2007-06-11 14:21:18',39,39,'http://metadataregistry.org/uri/NSDLGEM/1047',25,0,977,'Trigonometry',1,'en'),
 (330,'2007-06-11 14:21:42','2007-08-09 13:29:07',NULL,'2007-06-11 14:21:42',39,39,'http://metadataregistry.org/uri/NSDLGEM/1048',25,0,978,'Agriculture',1,'en'),
 (331,'2007-06-11 14:22:02','2007-08-09 13:29:14',NULL,'2007-06-11 14:22:02',39,39,'http://metadataregistry.org/uri/NSDLGEM/1049',25,0,979,'Biological and life sciences',1,'en'),
 (332,'2007-06-11 14:23:11','2007-08-09 13:29:15',NULL,'2007-06-11 14:23:11',39,39,'http://metadataregistry.org/uri/NSDLGEM/1050',25,0,980,'Biology',1,'en'),
 (333,'2007-06-11 14:23:20','2007-06-11 14:23:20',NULL,'2007-06-11 14:23:20',39,39,'http://metadataregistry.org/uri/NSDLGEM/1051',25,0,981,'Botany',1,'en'),
 (334,'2007-06-11 14:23:28','2007-06-11 14:23:28',NULL,'2007-06-11 14:23:28',39,39,'http://metadataregistry.org/uri/NSDLGEM/1052',25,0,982,'Chemistry',1,'en'),
 (335,'2007-06-11 14:23:58','2007-08-09 13:29:24',NULL,'2007-06-11 14:23:58',39,39,'http://metadataregistry.org/uri/NSDLGEM/1053',25,0,983,'Ecology',1,'en'),
 (336,'2007-06-11 14:24:07','2007-08-09 13:29:29',NULL,'2007-06-11 14:24:07',39,39,'http://metadataregistry.org/uri/NSDLGEM/1054',25,0,984,'Embryology',1,'en'),
 (337,'2007-06-11 14:24:53','2007-08-09 13:29:30',NULL,'2007-06-11 14:24:53',39,39,'http://metadataregistry.org/uri/NSDLGEM/1055',25,0,985,'Engineering',1,'en'),
 (338,'2007-06-11 14:25:00','2007-08-09 13:29:31',NULL,'2007-06-11 14:25:00',39,39,'http://metadataregistry.org/uri/NSDLGEM/1056',25,0,986,'Entomology',1,'en'),
 (339,'2007-06-11 14:25:11','2007-08-09 13:29:34',NULL,'2007-06-11 14:25:11',39,39,'http://metadataregistry.org/uri/NSDLGEM/1057',25,0,987,'General science',1,'en'),
 (340,'2007-06-11 14:25:24','2007-08-09 13:29:36',NULL,'2007-06-11 14:25:24',39,39,'http://metadataregistry.org/uri/NSDLGEM/1058',25,0,988,'Geology',1,'en'),
 (341,'2007-06-11 14:25:30','2007-08-09 13:29:40',NULL,'2007-06-11 14:25:30',39,39,'http://metadataregistry.org/uri/NSDLGEM/1059',25,0,989,'Histology',1,'en'),
 (342,'2007-06-11 14:25:49','2007-06-11 14:25:49',NULL,'2007-06-11 14:25:49',39,39,'http://metadataregistry.org/uri/NSDLGEM/1060',25,0,990,'History of science',1,'en'),
 (343,'2007-06-11 14:26:03','2007-08-09 13:29:57',NULL,'2007-06-11 14:26:03',39,39,'http://metadataregistry.org/uri/NSDLGEM/1061',25,0,991,'Metallurgy',1,'en'),
 (344,'2007-06-11 14:26:23','2007-08-09 13:30:03',NULL,'2007-06-11 14:26:23',39,39,'http://metadataregistry.org/uri/NSDLGEM/1062',25,0,992,'Natural history',1,'en'),
 (345,'2007-06-11 14:26:49','2007-06-11 14:26:49',NULL,'2007-06-11 14:26:49',39,39,'http://metadataregistry.org/uri/NSDLGEM/1063',25,0,993,'Paleontology',1,'en'),
 (346,'2007-06-11 14:26:57','2007-08-09 13:30:15',NULL,'2007-06-11 14:26:57',39,39,'http://metadataregistry.org/uri/NSDLGEM/1064',25,0,994,'Pharmacology',1,'en'),
 (347,'2007-06-11 14:27:21','2007-08-09 13:30:17',NULL,'2007-06-11 14:27:21',39,39,'http://metadataregistry.org/uri/NSDLGEM/1065',25,0,995,'Physics',1,'en'),
 (348,'2007-06-11 14:27:49','2007-08-09 13:30:32',NULL,'2007-06-11 14:27:49',39,39,'http://metadataregistry.org/uri/NSDLGEM/1066',25,1,996,'Social studies',1,'en'),
 (349,'2007-06-11 14:27:59','2007-08-09 13:29:09',NULL,'2007-06-11 14:27:59',39,39,'http://metadataregistry.org/uri/NSDLGEM/1067',25,0,997,'Anthropology',1,'en'),
 (350,'2007-06-11 14:28:07','2007-08-09 13:29:25',NULL,'2007-06-11 14:28:07',39,39,'http://metadataregistry.org/uri/NSDLGEM/1068',25,0,998,'Economics',1,'en'),
 (351,'2007-06-11 14:28:27','2007-08-09 13:29:41',NULL,'2007-06-11 14:28:27',39,39,'http://metadataregistry.org/uri/NSDLGEM/1069',25,0,999,'History',1,'en'),
 (352,'2007-06-11 14:28:52','2007-06-11 14:28:52',NULL,'2007-06-11 14:28:52',39,39,'http://metadataregistry.org/uri/NSDLGEM/1070',25,0,1000,'Psychology',1,'en'),
 (353,'2007-09-04 19:03:28','2007-09-07 07:56:02',NULL,NULL,36,61,'http://metadataregistry.org/uri/booboo/1001',26,1,1101,'top 1a',1,'en'),
 (354,'2007-09-04 19:03:44','2007-09-04 19:03:45',NULL,NULL,36,36,'http://metadataregistry.org/uri/booboo/1002',26,1,1102,'top 2',1,'en'),
 (355,'2007-09-04 19:04:04','2007-09-07 10:24:14',NULL,NULL,36,61,'http://metadataregistry.org/uri/booboo/1003',26,0,1103,'related',1,'en');
/*!40000 ALTER TABLE `reg_concept` ENABLE KEYS */;


--
-- Definition of table `reg_concept_property`
--

DROP TABLE IF EXISTS `reg_concept_property`;
CREATE TABLE `reg_concept_property` (
  `id` int(11) NOT NULL auto_increment,
  `created_at` datetime default NULL,
  `updated_at` timestamp NOT NULL default CURRENT_TIMESTAMP,
  `deleted_at` datetime default NULL,
  `last_updated` datetime default NULL,
  `created_user_id` int(11) default NULL,
  `updated_user_id` int(11) default NULL,
  `concept_id` int(11) NOT NULL,
  `primary_pref_label` tinyint(1) default NULL,
  `skos_property_id` int(11) NOT NULL,
  `object` text NOT NULL,
  `scheme_id` int(11) default NULL,
  `related_concept_id` int(11) default NULL,
  `language` char(6) default 'en',
  `status_id` int(11) default '1',
  PRIMARY KEY  (`id`),
  UNIQUE KEY `id` (`id`),
  KEY `concept_id` (`concept_id`),
  KEY `skos_property_id` (`skos_property_id`),
  KEY `scheme_id` (`scheme_id`),
  KEY `related_concept_id` (`related_concept_id`),
  KEY `status_id` (`status_id`),
  KEY `created_user_id` (`created_user_id`),
  KEY `updated_user_id` (`updated_user_id`),
  CONSTRAINT `reg_concept_property_fk3` FOREIGN KEY (`status_id`) REFERENCES `reg_lookup` (`id`) ON DELETE NO ACTION ON UPDATE NO ACTION,
  CONSTRAINT `reg_concept_property_fk` FOREIGN KEY (`concept_id`) REFERENCES `reg_concept` (`id`) ON DELETE CASCADE ON UPDATE NO ACTION,
  CONSTRAINT `reg_concept_property_fk1` FOREIGN KEY (`skos_property_id`) REFERENCES `reg_skos_property` (`id`),
  CONSTRAINT `reg_concept_property_fk2` FOREIGN KEY (`scheme_id`) REFERENCES `reg_vocabulary` (`id`) ON DELETE CASCADE ON UPDATE NO ACTION,
  CONSTRAINT `reg_concept_property_fk4` FOREIGN KEY (`related_concept_id`) REFERENCES `reg_concept` (`id`) ON DELETE CASCADE ON UPDATE NO ACTION,
  CONSTRAINT `reg_concept_property_FK_` FOREIGN KEY (`created_user_id`) REFERENCES `reg_user` (`id`) ON DELETE SET NULL ON UPDATE NO ACTION,
  CONSTRAINT `reg_concept_property_FK_1` FOREIGN KEY (`updated_user_id`) REFERENCES `reg_user` (`id`) ON DELETE SET NULL ON UPDATE NO ACTION
) ENGINE=InnoDB AUTO_INCREMENT=1110 DEFAULT CHARSET=utf8;

--
-- Dumping data for table `reg_concept_property`
--

/*!40000 ALTER TABLE `reg_concept_property` DISABLE KEYS */;
INSERT INTO `reg_concept_property` (`id`,`created_at`,`updated_at`,`deleted_at`,`last_updated`,`created_user_id`,`updated_user_id`,`concept_id`,`primary_pref_label`,`skos_property_id`,`object`,`scheme_id`,`related_concept_id`,`language`,`status_id`) VALUES
 (4,NULL,'2006-04-14 19:11:49',NULL,'2006-04-14 19:11:49',39,39,4,1,19,'Grades Pre-K to 12',NULL,NULL,'en',1),
 (5,NULL,'2006-04-14 19:12:41',NULL,'2006-04-14 19:12:41',39,39,5,1,19,'Elementary School',NULL,NULL,'en',1),
 (6,NULL,'2006-04-14 19:13:56',NULL,'2006-04-14 19:13:56',39,39,6,1,19,'Pre-Kindergarten',NULL,NULL,'en',1),
 (13,NULL,'2006-04-17 11:36:14',NULL,'2006-04-17 11:36:14',39,39,6,NULL,1,'Nursery School',NULL,NULL,'en',1),
 (14,NULL,'2006-04-17 11:36:36',NULL,'2006-04-17 11:36:36',39,39,6,NULL,1,'Pre-K',NULL,NULL,'en',1),
 (15,NULL,'2006-04-17 11:36:50',NULL,'2006-04-17 11:36:50',39,39,6,NULL,1,'Preschool',NULL,NULL,'en',1),
 (16,NULL,'2006-04-17 11:37:31',NULL,'2006-04-17 11:37:31',39,39,6,NULL,3,'http://metadataregistry.org/uri/NSDLEdLvl/1001',NULL,5,'en',1),
 (17,NULL,'2006-04-17 11:38:10',NULL,'2006-04-17 11:38:10',39,39,6,NULL,5,'Activities and/or experiences that are intended to effect developmental changes in children, from birth to entrance in kindergarten (or grade 1 when kindergarten is not attended) [ERIC]',NULL,NULL,'en',1),
 (18,NULL,'2006-04-17 11:38:56',NULL,'2006-04-17 11:38:56',39,39,6,NULL,10,'Term source: http://www.ed.gov</skos:historyNote',NULL,NULL,'en',1),
 (35,'2006-04-21 09:27:21','2006-04-21 09:27:21',NULL,'2006-04-21 09:27:21',39,39,11,NULL,1,'Junior High School',10,NULL,'en',1),
 (36,'2006-04-21 09:28:14','2006-04-21 09:28:14',NULL,'2006-04-21 09:28:14',39,39,11,NULL,10,'Term Source: http://www.ed.gov',10,NULL,'en',1),
 (38,'2006-04-21 09:34:22','2006-04-21 09:34:22',NULL,'2006-04-21 09:34:22',39,39,11,NULL,3,'http://metadataregistry.org/uri/NSDLEdLvl/1000',10,4,'en',1),
 (39,'2006-04-21 09:41:10','2006-04-21 09:41:10',NULL,'2006-04-21 09:41:10',39,39,16,1,19,'Grade 6',NULL,NULL,'en',1),
 (40,'2006-04-21 09:43:13','2006-04-21 09:43:13',NULL,'2006-04-21 09:43:13',39,39,17,1,19,'Grade 7',NULL,NULL,'en',1),
 (41,'2006-04-21 09:43:34','2006-04-21 09:43:34',NULL,'2006-04-21 09:43:34',39,39,18,1,19,'Grade 8',NULL,NULL,'en',1),
 (42,'2006-04-21 09:47:31','2006-04-21 09:47:31',NULL,'2006-04-21 09:47:31',39,39,16,NULL,1,'Sixth Grade',10,NULL,'en',1),
 (44,'2006-04-21 09:47:50','2006-04-21 09:47:50',NULL,'2006-04-21 09:47:50',39,39,16,NULL,3,'URI',10,11,'en',1),
 (45,'2006-04-21 09:55:40','2006-04-21 09:55:40',NULL,'2006-04-21 09:55:40',39,39,17,NULL,1,'Seventh Grade',10,NULL,'en',1),
 (47,'2006-04-21 09:55:59','2006-04-21 09:55:59',NULL,'2006-04-21 09:55:59',39,39,17,NULL,3,'URI',10,11,'en',1),
 (48,'2006-04-21 09:58:22','2006-04-21 09:58:22',NULL,'2006-04-21 09:58:22',39,39,17,NULL,10,'Term Source: http://www.ed.gov',10,NULL,'en',1),
 (49,'2006-04-21 09:59:29','2006-04-21 09:59:29',NULL,'2006-04-21 09:59:29',39,39,16,NULL,10,'Term Source: http://www.ed.gov',10,NULL,'en',1),
 (50,'2006-04-21 10:01:48','2006-04-21 10:01:48',NULL,'2006-04-21 10:01:48',39,39,19,1,19,'Postsecondary',NULL,NULL,'en',1),
 (51,'2006-04-21 10:02:25','2006-04-21 10:02:25',NULL,'2006-04-21 10:02:25',39,39,20,1,19,'Higher Education',NULL,NULL,'en',1),
 (52,'2006-04-21 10:03:18','2006-04-21 10:03:18',NULL,'2006-04-21 10:03:18',39,39,21,1,19,'Undergraduate (Lower Divison)',NULL,NULL,'en',1),
 (53,'2006-04-21 10:04:04','2006-04-21 10:04:04',NULL,'2006-04-21 10:04:04',39,39,22,1,19,'Undergraduate (Upper Divison)',NULL,NULL,'en',1),
 (54,'2006-04-21 10:04:40','2006-04-21 10:04:40',NULL,'2006-04-21 10:04:40',39,39,23,1,19,'Graduate',NULL,NULL,'en',1),
 (55,'2006-04-21 10:07:39','2006-04-21 10:07:39',NULL,'2006-04-21 10:07:39',39,39,24,1,19,'Kindergarten',NULL,NULL,'en',1),
 (56,'2006-04-21 10:07:55','2006-04-21 10:07:55',NULL,'2006-04-21 10:07:55',39,39,25,1,19,'Grade 1',NULL,NULL,'en',1),
 (57,'2006-04-21 10:08:16','2006-04-21 10:08:16',NULL,'2006-04-21 10:08:16',39,39,26,1,19,'Grade 2',NULL,NULL,'en',1),
 (58,'2006-04-21 10:08:37','2006-04-21 10:08:37',NULL,'2006-04-21 10:08:37',39,39,27,1,19,'Grade 3',NULL,NULL,'en',1),
 (59,'2006-04-21 10:08:56','2006-04-21 10:08:56',NULL,'2006-04-21 10:08:56',39,39,28,1,19,'Grade 4',NULL,NULL,'en',1),
 (60,'2006-04-21 10:09:13','2006-04-21 10:09:13',NULL,'2006-04-21 10:09:13',39,39,29,1,19,'Grade 5',NULL,NULL,'en',1),
 (61,'2006-04-21 10:10:30','2006-04-21 10:10:30',NULL,'2006-04-21 10:10:30',39,39,30,1,19,'High School',NULL,NULL,'en',1),
 (62,'2006-04-21 10:11:06','2006-04-21 10:11:06',NULL,'2006-04-21 10:11:06',39,39,31,1,19,'Grade 9',NULL,NULL,'en',1),
 (63,'2006-04-21 10:11:23','2006-04-21 10:11:23',NULL,'2006-04-21 10:11:23',39,39,32,1,19,'Grade 10',NULL,NULL,'en',1),
 (64,'2006-04-21 10:11:46','2006-04-21 10:11:46',NULL,'2006-04-21 10:11:46',39,39,33,1,19,'Grade 11',NULL,NULL,'en',1),
 (65,'2006-04-21 10:12:17','2006-04-21 10:12:17',NULL,'2006-04-21 10:12:17',39,39,34,1,19,'Grade 12',NULL,NULL,'en',1),
 (67,'2006-04-21 10:13:32','2006-04-21 10:13:32',NULL,'2006-04-21 10:13:32',39,39,11,NULL,16,'http://metadataregistry.org/uri/NSDLEdLvl/1010',10,16,'en',1),
 (69,'2006-04-21 10:17:25','2006-04-21 10:17:25',NULL,'2006-04-21 10:17:25',39,39,11,NULL,16,'http://metadataregistry.org/uri/NSDLEdLvl/1011',10,17,'en',1),
 (70,'2006-04-21 10:21:22','2006-04-21 10:21:22',NULL,'2006-04-21 10:21:22',39,39,4,NULL,16,'http://metadataregistry.org/uri/NSDLEdLvl/1001',10,5,'en',1),
 (71,'2006-04-21 10:21:22','2006-04-21 10:21:22',NULL,'2006-04-21 10:21:22',39,39,5,NULL,3,'http://metadataregistry.org/uri/NSDLEdLvl/1000',10,4,'en',1),
 (72,'2006-04-21 10:21:51','2006-04-21 10:21:51',NULL,'2006-04-21 10:21:51',39,39,25,NULL,3,'http://metadataregistry.org/uri/NSDLEdLvl/1001',10,5,'en',1),
 (73,'2006-04-21 10:21:51','2006-04-21 10:21:51',NULL,'2006-04-21 10:21:51',39,39,5,NULL,16,'http://metadataregistry.org/uri/NSDLEdLvl/1004',10,25,'en',1),
 (74,'2006-04-21 10:22:10','2006-04-21 10:22:10',NULL,'2006-04-21 10:22:10',39,39,26,NULL,3,'http://metadataregistry.org/uri/NSDLEdLvl/1001',10,5,'en',1),
 (75,'2006-04-21 10:22:10','2006-04-21 10:22:10',NULL,'2006-04-21 10:22:10',39,39,5,NULL,16,'http://metadataregistry.org/uri/NSDLEdLvl/1005',10,26,'en',1),
 (76,'2006-04-21 10:22:24','2006-04-21 10:22:24',NULL,'2006-04-21 10:22:24',39,39,27,NULL,3,'http://metadataregistry.org/uri/NSDLEdLvl/1001',10,5,'en',1),
 (77,'2006-04-21 10:22:24','2006-04-21 10:22:24',NULL,'2006-04-21 10:22:24',39,39,5,NULL,16,'http://metadataregistry.org/uri/NSDLEdLvl/1006',10,27,'en',1),
 (78,'2006-04-21 10:22:43','2006-04-21 10:22:43',NULL,'2006-04-21 10:22:43',39,39,28,NULL,3,'http://metadataregistry.org/uri/NSDLEdLvl/1001',10,5,'en',1),
 (79,'2006-04-21 10:22:43','2006-04-21 10:22:43',NULL,'2006-04-21 10:22:43',39,39,5,NULL,16,'http://metadataregistry.org/uri/NSDLEdLvl/1007',10,28,'en',1),
 (80,'2006-04-21 10:23:00','2006-04-21 10:23:00',NULL,'2006-04-21 10:23:00',39,39,29,NULL,3,'http://metadataregistry.org/uri/NSDLEdLvl/1001',10,5,'en',1),
 (81,'2006-04-21 10:23:00','2006-04-21 10:23:00',NULL,'2006-04-21 10:23:00',39,39,5,NULL,16,'http://metadataregistry.org/uri/NSDLEdLvl/1008',10,29,'en',1),
 (82,'2006-04-21 10:23:21','2006-04-21 10:23:21',NULL,'2006-04-21 10:23:21',39,39,24,NULL,3,'http://metadataregistry.org/uri/NSDLEdLvl/1001',10,5,'en',1),
 (83,'2006-04-21 10:23:21','2006-04-21 10:23:21',NULL,'2006-04-21 10:23:21',39,39,5,NULL,16,'http://metadataregistry.org/uri/NSDLEdLvl/1003',10,24,'en',1),
 (84,'2006-04-21 10:25:25','2006-04-21 10:25:25',NULL,'2006-04-21 10:25:25',39,39,6,NULL,3,'http://metadataregistry.org/uri/NSDLEdLvl/1001',10,5,'en',1),
 (85,'2006-04-21 10:25:25','2006-04-21 10:25:25',NULL,'2006-04-21 10:25:25',39,39,5,NULL,16,'http://metadataregistry.org/uri/NSDLEdLvl/1002',10,6,'en',1),
 (86,'2006-04-21 10:30:15','2006-04-21 10:30:15',NULL,'2006-04-21 10:30:15',39,39,31,NULL,3,'http://metadataregistry.org/uri/NSDLEdLvl/1013',10,30,'en',1),
 (87,'2006-04-21 10:30:15','2006-04-21 10:30:15',NULL,'2006-04-21 10:30:15',39,39,30,NULL,16,'http://metadataregistry.org/uri/NSDLEdLvl/1014',10,31,'en',1),
 (88,'2006-04-21 10:30:29','2006-04-21 10:30:29',NULL,'2006-04-21 10:30:29',39,39,32,NULL,3,'http://metadataregistry.org/uri/NSDLEdLvl/1013',10,30,'en',1),
 (89,'2006-04-21 10:30:29','2006-04-21 10:30:29',NULL,'2006-04-21 10:30:29',39,39,30,NULL,16,'http://metadataregistry.org/uri/NSDLEdLvl/1015',10,32,'en',1),
 (90,'2006-04-21 10:30:44','2006-04-21 10:30:44',NULL,'2006-04-21 10:30:44',39,39,33,NULL,3,'http://metadataregistry.org/uri/NSDLEdLvl/1013',10,30,'en',1),
 (91,'2006-04-21 10:30:44','2006-04-21 10:30:45',NULL,'2006-04-21 10:30:45',39,39,30,NULL,16,'http://metadataregistry.org/uri/NSDLEdLvl/1016',10,33,'en',1),
 (92,'2006-04-21 10:31:00','2006-04-21 10:31:00',NULL,'2006-04-21 10:31:00',39,39,34,NULL,3,'http://metadataregistry.org/uri/NSDLEdLvl/1013',10,30,'en',1),
 (93,'2006-04-21 10:31:00','2006-04-21 10:31:00',NULL,'2006-04-21 10:31:00',39,39,30,NULL,16,'http://metadataregistry.org/uri/NSDLEdLvl/1017',10,34,'en',1),
 (94,'2006-04-21 10:31:59','2006-04-21 10:31:59',NULL,'2006-04-21 10:31:59',39,39,30,NULL,10,'Term Source: http://www.ed.gov',10,NULL,'en',1),
 (95,'2006-04-21 10:32:25','2006-04-21 10:32:25',NULL,'2006-04-21 10:32:25',39,39,30,NULL,1,'Secondary School',10,NULL,'en',1),
 (96,'2006-04-21 10:39:30','2006-04-21 10:39:30',NULL,'2006-04-21 10:39:30',39,39,30,NULL,3,'http://metadataregistry.org/uri/NSDLEdLvl/1000',10,4,'en',1),
 (97,'2006-04-21 10:39:30','2006-04-21 10:39:30',NULL,'2006-04-21 10:39:30',39,39,4,NULL,16,'http://metadataregistry.org/uri/NSDLEdLvl/1013',10,30,'en',1),
 (99,'2006-04-21 10:39:53','2006-04-21 10:39:53',NULL,'2006-04-21 10:39:53',39,39,4,NULL,16,'URI',10,11,'en',1),
 (100,'2006-04-21 10:42:37','2006-04-21 10:42:37',NULL,'2006-04-21 10:42:37',39,39,24,NULL,5,'A program or class for four-year-old to six-year-old children that serves as an introduction to school [American Heritage Dictionary of the English Language]',10,NULL,'en',1),
 (101,'2006-04-21 10:43:14','2006-04-21 10:43:14',NULL,'2006-04-21 10:43:14',39,39,24,NULL,10,'Term Source: http://www.ed.gov',10,NULL,'en',1),
 (102,'2006-04-21 10:44:09','2007-08-14 20:09:51',NULL,'2006-04-21 10:44:09',39,36,25,NULL,1,'1st Grade',10,NULL,'en',1),
 (103,'2006-04-21 10:44:23','2006-04-21 10:44:23',NULL,'2006-04-21 10:44:23',39,39,25,NULL,10,'Term Source: http://www.ed.gov',10,NULL,'en',1),
 (104,'2006-04-21 10:45:20','2006-04-21 10:45:20',NULL,'2006-04-21 10:45:20',39,39,26,NULL,1,'Second Grade',10,NULL,'en',1),
 (105,'2006-04-21 10:45:34','2006-04-21 10:45:34',NULL,'2006-04-21 10:45:34',39,39,26,NULL,10,'Term Source: http://www.ed.gov',10,NULL,'en',1),
 (106,'2006-04-21 10:46:27','2006-04-21 10:46:27',NULL,'2006-04-21 10:46:27',39,39,27,NULL,1,'Third Grade',10,NULL,'en',1),
 (107,'2006-04-21 10:46:40','2006-04-21 10:46:40',NULL,'2006-04-21 10:46:40',39,39,27,NULL,10,'Term Source: http://www.ed.gov',10,NULL,'en',1),
 (108,'2006-04-21 10:48:42','2006-04-21 10:48:42',NULL,'2006-04-21 10:48:42',39,39,28,NULL,1,'Fourth Grade',10,NULL,'en',1),
 (109,'2006-04-21 10:48:56','2006-04-21 10:48:56',NULL,'2006-04-21 10:48:56',39,39,28,NULL,10,'Term Source: http://www.ed.gov',10,NULL,'en',1),
 (110,'2006-04-21 10:50:18','2006-04-21 10:50:18',NULL,'2006-04-21 10:50:18',39,39,29,NULL,1,'Fifth Grade',10,NULL,'en',1),
 (111,'2006-04-21 10:50:32','2006-04-21 10:50:33',NULL,'2006-04-21 10:50:33',39,39,29,NULL,10,'Term Source: http://www.ed.gov',10,NULL,'en',1),
 (112,'2006-04-21 10:52:57','2006-04-21 10:52:57',NULL,'2006-04-21 10:52:57',39,39,11,NULL,16,'http://metadataregistry.org/uri/NSDLEdLvl/1012',10,18,'en',1),
 (113,'2006-04-21 10:52:57','2006-04-21 10:52:57',NULL,'2006-04-21 10:52:57',39,39,18,NULL,3,'URI',10,11,'en',1),
 (114,'2006-04-21 10:53:14','2006-04-21 10:53:14',NULL,'2006-04-21 10:53:14',39,39,18,NULL,1,'Eighth Grade',10,NULL,'en',1),
 (115,'2006-04-21 10:53:26','2006-04-21 10:53:26',NULL,'2006-04-21 10:53:26',39,39,18,NULL,10,'Term Source: http://www.ed.gov',10,NULL,'en',1),
 (116,'2006-04-21 10:54:17','2006-04-21 10:54:17',NULL,'2006-04-21 10:54:17',39,39,31,NULL,1,'Ninth Grade',10,NULL,'en',1),
 (117,'2006-04-21 10:54:35','2006-04-21 10:54:35',NULL,'2006-04-21 10:54:35',39,39,31,NULL,10,'Term Source: http://www.ed.gov',10,NULL,'en',1),
 (118,'2006-04-22 19:45:29','2006-04-22 19:45:30',NULL,'2006-04-22 19:45:30',39,39,32,NULL,1,'Tenth Grade',10,NULL,'en',1),
 (119,'2006-04-22 19:47:00','2006-04-22 19:47:00',NULL,'2006-04-22 19:47:00',39,39,32,NULL,10,'Term Source: http://www.ed.gov',10,NULL,'en',1),
 (120,'2006-04-22 19:47:41','2006-04-22 19:47:41',NULL,'2006-04-22 19:47:41',39,39,33,NULL,1,'Eleventh Grade',10,NULL,'en',1),
 (121,'2006-04-22 19:47:54','2006-04-22 19:47:54',NULL,'2006-04-22 19:47:54',39,39,33,NULL,10,'Term Source: http://www.ed.gov',10,NULL,'en',1),
 (122,'2006-04-22 19:48:30','2006-04-22 19:48:30',NULL,'2006-04-22 19:48:30',39,39,34,NULL,1,'Twelfth Grade',10,NULL,'en',1),
 (123,'2006-04-22 19:48:44','2006-04-22 19:48:44',NULL,'2006-04-22 19:48:44',39,39,34,NULL,10,'Term Source: http://www.ed.gov',10,NULL,'en',1),
 (124,'2006-04-22 19:51:09','2006-04-22 19:51:09',NULL,'2006-04-22 19:51:09',39,39,23,NULL,22,'Provided in graduate and professional schools that generally require a university diploma as a minimum condition for admission. [ISCED]',10,NULL,'en',1),
 (125,'2006-04-22 19:51:44','2006-04-22 19:51:44',NULL,'2006-04-22 19:51:44',39,39,23,NULL,1,'Post-Graduate Education',10,NULL,'en',1),
 (126,'2006-04-22 19:51:57','2006-04-22 19:51:57',NULL,'2006-04-22 19:51:57',39,39,23,NULL,1,'Professional Education',10,NULL,'en',1),
 (127,'2006-04-22 19:52:52','2006-04-22 19:52:52',NULL,'2006-04-22 19:52:52',39,39,20,NULL,16,'http://metadataregistry.org/uri/NSDLEdLvl/1022',10,23,'en',1),
 (128,'2006-04-22 19:52:52','2006-04-22 19:52:52',NULL,'2006-04-22 19:52:52',39,39,23,NULL,3,'http://metadataregistry.org/uri/NSDLEdLvl/1019',10,20,'en',1),
 (129,'2006-04-22 19:54:20','2006-04-22 19:54:20',NULL,'2006-04-22 19:54:20',39,39,21,NULL,3,'http://metadataregistry.org/uri/NSDLEdLvl/1019',10,20,'en',1),
 (130,'2006-04-22 19:54:20','2006-04-22 19:54:20',NULL,'2006-04-22 19:54:20',39,39,20,NULL,16,'http://metadataregistry.org/uri/NSDLEdLvl/1020',10,21,'en',1),
 (131,'2006-04-22 19:54:38','2006-04-22 19:54:38',NULL,'2006-04-22 19:54:38',39,39,22,NULL,3,'http://metadataregistry.org/uri/NSDLEdLvl/1019',10,20,'en',1),
 (132,'2006-04-22 19:54:38','2006-04-22 19:54:38',NULL,'2006-04-22 19:54:38',39,39,20,NULL,16,'http://metadataregistry.org/uri/NSDLEdLvl/1021',10,22,'en',1),
 (133,'2006-04-22 19:55:12','2006-04-22 19:55:12',NULL,'2006-04-22 19:55:12',39,39,19,NULL,16,'http://metadataregistry.org/uri/NSDLEdLvl/1019',10,20,'en',1),
 (134,'2006-04-22 19:55:13','2006-04-22 19:55:13',NULL,'2006-04-22 19:55:13',39,39,20,NULL,3,'http://metadataregistry.org/uri/NSDLEdLvl/1018',10,19,'en',1),
 (135,'2006-04-22 19:55:50','2006-04-22 19:55:50',NULL,'2006-04-22 19:55:50',39,39,20,NULL,5,'Education beyond the secondary level, especially education at the college or university level. [American Heritage Dictionary of the English Language, 4th ed., 2000]',10,NULL,'en',1),
 (136,'2006-04-22 19:56:04','2006-04-22 19:56:04',NULL,'2006-04-22 19:56:04',39,39,20,NULL,1,'College',10,NULL,'en',1),
 (137,'2006-04-22 19:56:26','2006-04-22 19:56:26',NULL,'2006-04-22 19:56:26',39,39,20,NULL,10,'Term Source: http://www.ed.gov',10,NULL,'en',1),
 (138,'2006-04-22 19:59:04','2006-04-22 19:59:04',NULL,'2006-04-22 19:59:04',39,39,23,NULL,3,'http://metadataregistry.org/uri/NSDLEdLvl/1018',10,19,'en',1),
 (139,'2006-04-22 19:59:04','2006-04-22 19:59:04',NULL,'2006-04-22 19:59:04',39,39,19,NULL,16,'http://metadataregistry.org/uri/NSDLEdLvl/1022',10,23,'en',1),
 (140,'2006-04-22 20:00:02','2006-04-22 20:00:03',NULL,'2006-04-22 20:00:03',39,39,19,NULL,5,'All education beyond the secondary level -- includes learning activities and experiences beyond the compulsory school attendance age with the exception of adult basic education and high school equivalency programs.',10,NULL,'en',1),
 (141,'2006-04-22 20:00:35','2006-04-22 20:00:35',NULL,'2006-04-22 20:00:35',39,39,19,NULL,10,'Term Source: http://www.ed.gov',10,NULL,'en',1),
 (142,'2006-04-24 08:42:50','2006-04-24 08:42:50',NULL,'2006-04-24 08:42:50',39,39,35,1,19,'Abstract',NULL,NULL,'en',1),
 (143,'2006-04-24 08:43:13','2006-04-24 08:43:13',NULL,'2006-04-24 08:43:13',39,39,36,1,19,'Annotation',NULL,NULL,'en',1),
 (144,'2006-04-24 08:43:40','2006-04-24 08:43:40',NULL,'2006-04-24 08:43:40',39,39,37,1,19,'Article',NULL,NULL,'en',1),
 (145,'2006-04-24 08:43:54','2006-04-24 08:43:54',NULL,'2006-04-24 08:43:54',39,39,38,1,19,'Artifact',NULL,NULL,'en',1),
 (146,'2006-04-24 08:44:33','2006-04-24 08:44:33',NULL,'2006-04-24 08:44:33',39,39,39,1,19,'Ask-an-Expert',NULL,NULL,'en',1),
 (147,'2006-04-24 08:44:47','2006-04-24 08:44:47',NULL,'2006-04-24 08:44:47',39,39,40,1,19,'Assessment',NULL,NULL,'en',1),
 (148,'2006-04-24 08:45:16','2006-04-24 08:45:16',NULL,'2006-04-24 08:45:16',39,39,41,1,19,'Bibliography',NULL,NULL,'en',1),
 (149,'2006-04-24 08:45:44','2006-04-24 08:45:44',NULL,'2006-04-24 08:45:44',39,39,42,1,19,'Broadcast',NULL,NULL,'en',1),
 (150,'2006-04-24 08:46:10','2006-04-24 08:46:10',NULL,'2006-04-24 08:46:10',39,39,43,1,19,'Case Study',NULL,NULL,'en',1),
 (151,'2006-04-24 08:46:27','2006-04-24 08:46:27',NULL,'2006-04-24 08:46:27',39,39,44,1,19,'Clearinghouse',NULL,NULL,'en',1),
 (152,'2006-04-24 08:46:54','2006-04-24 08:46:54',NULL,'2006-04-24 08:46:54',39,39,45,1,19,'Course',NULL,NULL,'en',1),
 (153,'2006-04-24 08:47:07','2006-04-24 08:47:07',NULL,'2006-04-24 08:47:07',39,39,46,1,19,'Curriculum',NULL,NULL,'en',1),
 (154,'2006-04-24 08:47:27','2006-04-24 08:47:27',NULL,'2006-04-24 08:47:27',39,39,47,1,19,'Data Set',NULL,NULL,'en',1),
 (155,'2006-04-24 08:47:49','2006-04-24 08:47:49',NULL,'2006-04-24 08:47:49',39,39,48,1,19,'Demonstration',NULL,NULL,'en',1),
 (156,'2006-04-24 08:48:20','2006-04-24 08:48:20',NULL,'2006-04-24 08:48:20',39,39,49,1,19,'Experiment',NULL,NULL,'en',1),
 (157,'2006-04-24 08:48:31','2006-04-24 08:48:31',NULL,'2006-04-24 08:48:31',39,39,50,1,19,'Fiction',NULL,NULL,'en',1),
 (158,'2006-04-24 08:48:58','2006-04-24 08:48:58',NULL,'2006-04-24 08:48:58',39,39,51,1,19,'Form',NULL,NULL,'en',1),
 (159,'2006-04-24 08:49:23','2006-04-24 08:49:23',NULL,'2006-04-24 08:49:23',39,39,52,1,19,'Forum',NULL,NULL,'en',1),
 (160,'2006-04-24 08:49:46','2006-04-24 08:49:46',NULL,'2006-04-24 08:49:46',39,39,53,1,19,'Game',NULL,NULL,'en',1),
 (161,'2006-04-24 08:49:59','2006-04-24 08:49:59',NULL,'2006-04-24 08:49:59',39,39,54,1,19,'Glossary',NULL,NULL,'en',1),
 (162,'2006-04-24 08:50:27','2006-04-24 08:50:27',NULL,'2006-04-24 08:50:27',39,39,55,1,19,'Illustration',NULL,NULL,'en',1),
 (163,'2006-04-24 08:50:40','2006-04-24 08:50:40',NULL,'2006-04-24 08:50:40',39,39,56,1,19,'Instructor Guide',NULL,NULL,'en',1),
 (164,'2006-04-24 08:51:29','2006-04-24 08:51:29',NULL,'2006-04-24 08:51:29',39,39,57,1,19,'Lesson',NULL,NULL,'en',1),
 (165,'2006-04-24 08:51:41','2006-04-24 08:51:41',NULL,'2006-04-24 08:51:41',39,39,58,1,19,'Map',NULL,NULL,'en',1),
 (166,'2006-04-24 08:52:06','2006-04-24 08:52:06',NULL,'2006-04-24 08:52:06',39,39,59,1,19,'Music',NULL,NULL,'en',1),
 (167,'2006-04-24 08:52:39','2006-04-24 08:52:39',NULL,'2006-04-24 08:52:39',39,39,60,1,19,'Oral History',NULL,NULL,'en',1),
 (168,'2006-04-24 08:53:07','2006-04-24 08:53:07',NULL,'2006-04-24 08:53:07',39,39,61,1,19,'Periodical',NULL,NULL,'en',1),
 (169,'2006-04-24 08:53:56','2006-04-24 08:53:56',NULL,'2006-04-24 08:53:56',39,39,62,1,19,'Photograph',NULL,NULL,'en',1),
 (170,'2006-04-24 08:54:59','2006-04-24 08:54:59',NULL,'2006-04-24 08:54:59',39,39,63,1,19,'Portal',NULL,NULL,'en',1),
 (171,'2006-04-24 08:55:14','2006-04-24 08:55:15',NULL,'2006-04-24 08:55:15',39,39,64,1,19,'Presentation',NULL,NULL,'en',1),
 (172,'2006-04-24 08:55:39','2006-04-24 08:55:39',NULL,'2006-04-24 08:55:39',39,39,65,1,19,'Problem Set',NULL,NULL,'en',1),
 (173,'2006-04-24 08:55:52','2006-04-24 08:55:52',NULL,'2006-04-24 08:55:52',39,39,66,1,19,'Project',NULL,NULL,'en',1),
 (174,'2006-04-24 08:56:16','2006-04-24 08:56:16',NULL,'2006-04-24 08:56:16',39,39,67,1,19,'Reference',NULL,NULL,'en',1),
 (175,'2006-04-24 08:56:37','2006-04-24 08:56:37',NULL,'2006-04-24 08:56:37',39,39,68,1,19,'Remotely Sensed Imagery',NULL,NULL,'en',1),
 (176,'2006-04-24 08:57:48','2006-04-24 08:57:48',NULL,'2006-04-24 08:57:48',39,39,69,1,19,'Report',NULL,NULL,'en',1),
 (177,'2006-04-24 08:58:02','2006-04-24 08:58:02',NULL,'2006-04-24 08:58:02',39,39,70,1,19,'Simulation',NULL,NULL,'en',1),
 (178,'2006-04-24 08:58:32','2006-04-24 08:58:32',NULL,'2006-04-24 08:58:32',39,39,71,1,19,'Study Guide',NULL,NULL,'en',1),
 (179,'2006-04-24 08:58:52','2006-04-24 08:58:52',NULL,'2006-04-24 08:58:52',39,39,72,1,19,'Syllabus',NULL,NULL,'en',1),
 (180,'2006-04-24 08:59:24','2006-04-24 08:59:24',NULL,'2006-04-24 08:59:24',39,39,73,1,19,'Textbook',NULL,NULL,'en',1),
 (181,'2006-04-24 08:59:37','2006-04-24 08:59:37',NULL,'2006-04-24 08:59:37',39,39,74,1,19,'Thesis',NULL,NULL,'en',1),
 (182,'2006-04-24 09:00:07','2006-04-24 09:00:07',NULL,'2006-04-24 09:00:07',39,39,75,1,19,'Tutorial',NULL,NULL,'en',1),
 (183,'2006-04-24 09:00:21','2006-04-24 09:00:21',NULL,'2006-04-24 09:00:21',39,39,76,1,19,'Field Trip',NULL,NULL,'en',1),
 (184,'2006-04-24 09:00:42','2006-04-24 09:00:42',NULL,'2006-04-24 09:00:42',39,39,77,1,19,'Weblog',NULL,NULL,'en',1),
 (185,'2006-04-24 09:04:27','2006-04-24 09:04:27',NULL,'2006-04-24 09:04:27',39,39,35,NULL,1,'Summary',11,NULL,'en',1),
 (186,'2006-04-24 09:04:37','2006-04-24 09:04:37',NULL,'2006-04-24 09:04:37',39,39,35,NULL,5,'A condensed version of a larger piece of work outlining the major points and conclusions.',11,NULL,'en',1),
 (187,'2006-04-24 09:05:10','2006-04-24 09:05:10',NULL,'2006-04-24 09:05:10',39,39,35,NULL,6,'Term source: http://www.dlese.org/Metadata/index.htm',11,NULL,'en',1),
 (188,'2006-04-24 09:11:18','2006-04-24 09:11:18',NULL,'2006-04-24 09:11:18',39,39,36,NULL,1,'Review',11,NULL,'en',1),
 (189,'2006-04-24 09:11:31','2006-04-24 09:11:31',NULL,'2006-04-24 09:11:31',39,39,36,NULL,1,'Comment',11,NULL,'en',1),
 (190,'2006-04-24 09:11:44','2006-04-24 09:11:44',NULL,'2006-04-24 09:11:44',39,39,36,NULL,5,'A comment (usually added to a text) [Hyperdictionary]',11,NULL,'en',1),
 (191,'2006-04-24 09:13:48','2006-04-24 09:13:48',NULL,'2006-04-24 09:13:48',39,39,37,NULL,5,'In publishing, an article is a piece of nonfictional prose that is an independent part of a publication (such as a book, journal, magazine, or newspaper). This sense of article overlaps with the usage of the word essay. In an encyclopedia or other reference work, an article is a primary division of content. [Wikipedia]',11,NULL,'en',1),
 (192,'2006-04-24 09:14:08','2006-04-24 09:14:08',NULL,'2006-04-24 09:14:08',39,39,37,NULL,1,'Research Paper',11,NULL,'en',1),
 (193,'2006-04-24 09:14:30','2006-04-24 09:14:30',NULL,'2006-04-24 09:14:30',39,39,37,NULL,1,'Research Article',11,NULL,'en',1),
 (194,'2006-04-24 09:14:50','2006-04-24 09:14:50',NULL,'2006-04-24 09:14:50',39,39,37,NULL,1,'Scholarly Publication',11,NULL,'en',1),
 (195,'2006-04-24 09:15:43','2006-04-24 09:15:43',NULL,'2006-04-24 09:15:43',39,39,37,NULL,1,'Peer Reviewed Article',11,NULL,'en',1),
 (196,'2006-04-24 09:15:55','2006-04-24 09:15:55',NULL,'2006-04-24 09:15:55',39,39,37,NULL,1,'Newspaper Article',11,NULL,'en',1),
 (197,'2006-04-24 09:16:32','2006-04-24 09:16:32',NULL,'2006-04-24 09:16:32',39,39,61,NULL,16,'http://metadataregistry.org/uri/NSDLResType/1002',11,37,'en',1),
 (198,'2006-04-24 09:16:32','2006-04-24 09:16:32',NULL,'2006-04-24 09:16:32',39,39,37,NULL,3,'http://metadataregistry.org/uri/NSDLResType/1026',11,61,'en',1),
 (199,'2006-04-24 09:16:46','2006-04-24 09:16:46',NULL,'2006-04-24 09:16:46',39,39,67,NULL,16,'http://metadataregistry.org/uri/NSDLResType/1002',11,37,'en',1),
 (200,'2006-04-24 09:16:46','2006-04-24 09:16:46',NULL,'2006-04-24 09:16:46',39,39,37,NULL,3,'http://metadataregistry.org/uri/NSDLResType/1032',11,67,'en',1),
 (201,'2006-04-24 09:18:29','2006-04-24 09:18:29',NULL,'2006-04-24 09:18:29',39,39,38,NULL,5,'Anything made by human art and workmanship; an artificial product. [Oxford\r\nEnglish Dictionary]',11,NULL,'en',1),
 (202,'2006-04-24 09:18:41','2006-04-24 09:18:41',NULL,'2006-04-24 09:18:41',39,39,38,NULL,1,'Physical Object',11,NULL,'en',1),
 (203,'2006-04-24 09:19:01','2006-04-24 09:19:01',NULL,'2006-04-24 09:19:01',39,39,38,NULL,6,'Term source: http://www.thegateway.org',11,NULL,'en',1),
 (204,'2006-04-24 09:25:00','2006-04-24 09:25:00',NULL,'2006-04-24 09:25:00',39,39,39,NULL,1,'Virtual Reference',11,NULL,'en',1),
 (205,'2006-04-24 09:25:13','2006-04-24 09:25:13',NULL,'2006-04-24 09:25:13',39,39,39,NULL,5,'Service where one can submit questions for personal response to either an individual or group of people who have specific expertise in the area of interest.',11,NULL,'en',1),
 (206,'2006-04-24 09:25:42','2006-04-24 09:25:42',NULL,'2006-04-24 09:25:42',39,39,39,NULL,10,'Term source: http://www.dlese.org/Metadata/index.htm',11,NULL,'en',1),
 (207,'2006-04-24 09:34:01','2006-04-24 09:34:01',NULL,'2006-04-24 09:34:01',39,39,40,NULL,5,'Resource used to evaluate or measure progress, development, ability, skill, understanding, knowledge, or achievement. [iLumina]',11,NULL,'en',1),
 (208,'2006-04-24 09:34:19','2006-04-24 09:34:19',NULL,'2006-04-24 09:34:19',39,39,40,NULL,1,'Self-Assessment',11,NULL,'en',1),
 (209,'2006-04-24 09:34:28','2006-04-24 09:34:28',NULL,'2006-04-24 09:34:28',39,39,40,NULL,1,'Test',11,NULL,'en',1),
 (210,'2006-04-24 09:34:53','2006-04-24 09:34:54',NULL,'2006-04-24 09:34:54',39,39,40,NULL,6,'Term source: http://www.ilumina-dlib.org/documents/learning_resource_type.htm',11,NULL,'en',1),
 (211,'2006-04-24 09:36:00','2006-04-24 09:36:00',NULL,'2006-04-24 09:36:00',39,39,41,NULL,1,'References',11,NULL,'en',1),
 (212,'2006-04-24 09:36:20','2006-04-24 09:36:21',NULL,'2006-04-24 09:36:21',39,39,41,NULL,5,'A list often with descriptive or critical notes of writings relating to a particular subject, period, or author. [Merriam-Webster]',11,NULL,'en',1),
 (213,'2006-04-24 09:36:39','2006-04-24 09:36:39',NULL,'2006-04-24 09:36:39',39,39,41,NULL,6,'Term source: http://www.edna.edu.au/edna/go/pid/333',11,NULL,'en',1),
 (214,'2006-04-24 09:40:05','2006-04-24 09:40:05',NULL,'2006-04-24 09:40:05',39,39,42,NULL,5,'Recording of a newscast, talk show, or other audio or audio/visual presentation originally generated via the radio, television or the Internet. ',11,NULL,'en',1),
 (215,'2006-04-24 09:40:26','2006-04-24 09:40:27',NULL,'2006-04-24 09:40:27',39,39,42,NULL,1,'Radio Broadcast',11,NULL,'en',1),
 (216,'2006-04-24 09:40:38','2006-04-24 09:40:38',NULL,'2006-04-24 09:40:38',39,39,42,NULL,1,'Telecast',11,NULL,'en',1),
 (217,'2006-04-24 09:40:49','2006-04-24 09:40:49',NULL,'2006-04-24 09:40:49',39,39,42,NULL,1,'Webcast',11,NULL,'en',1),
 (218,'2006-04-24 09:40:59','2006-04-24 09:40:59',NULL,'2006-04-24 09:40:59',39,39,42,NULL,1,'Screencast',11,NULL,'en',1),
 (219,'2006-04-24 09:41:19','2006-04-24 09:41:19',NULL,'2006-04-24 09:41:19',39,39,42,NULL,1,'Kinescope',11,NULL,'en',1),
 (220,'2006-04-24 09:41:31','2006-04-24 09:41:31',NULL,'2006-04-24 09:41:31',39,39,42,NULL,1,'Video',11,NULL,'en',1),
 (221,'2006-04-24 09:41:59','2006-04-24 09:41:59',NULL,'2006-04-24 09:41:59',39,39,42,NULL,6,'Term source: http://www.dlese.org/Metadata/index.htm',11,NULL,'en',1),
 (226,'2006-04-24 16:10:58','2006-04-24 16:10:58',NULL,'2006-04-24 16:10:58',39,39,43,NULL,5,'Resource offering intensive analysis of an individual unit (as a person or community) stressing developmental factors in relation to environment or a scientific study of a specific location or region.',11,NULL,'en',1),
 (227,'2006-04-24 16:11:39','2006-04-24 16:11:39',NULL,'2006-04-24 16:11:39',39,39,43,NULL,5,'A detailed study of the development of a particular person, group, or situation\r\nover a period of time; a particular instance used to illustrate a thesis or principle. [Compact Oxford English Dictionary]',11,NULL,'en',1),
 (228,'2006-04-24 16:12:05','2006-04-24 16:12:05',NULL,'2006-04-24 16:12:05',39,39,43,NULL,6,'Term source: http://www.dlese.org/Metadata/index.htm',11,NULL,'en',1),
 (229,'2006-04-24 16:14:09','2006-04-24 16:14:09',NULL,'2006-04-24 16:14:09',39,39,44,NULL,5,'A central agency for the collection, classification, and distribution especially\r\nof information; broadly : an informal channel for distributing information or assistance. [Merriam-Webster Online]',11,NULL,'en',1),
 (230,'2006-04-24 16:14:27','2006-04-24 16:14:27',NULL,'2006-04-24 16:14:27',39,39,63,NULL,21,'http://metadataregistry.org/uri/NSDLResType/1009',11,44,'en',1),
 (231,'2006-04-24 16:14:27','2006-04-24 16:14:27',NULL,'2006-04-24 16:14:27',39,39,44,NULL,21,'http://metadataregistry.org/uri/NSDLResType/1028',11,63,'en',1),
 (232,'2006-04-24 16:15:36','2006-04-24 16:15:36',NULL,'2006-04-24 16:15:36',39,39,44,NULL,5,'Resource with links to other sites organized around a topic or topics. [DLESE]',11,NULL,'en',1),
 (233,'2006-04-24 16:16:04','2006-04-24 16:16:04',NULL,'2006-04-24 16:16:04',39,39,44,NULL,6,'Second sentence of DLESE definition deleted.',11,NULL,'en',1),
 (234,'2006-04-24 16:16:26','2006-04-24 16:16:26',NULL,'2006-04-24 16:16:26',39,39,44,NULL,6,'Term source: http://www.dlese.org/Metadata/index.htm',11,NULL,'en',1),
 (235,'2006-04-24 16:25:39','2006-04-24 16:25:39',NULL,'2006-04-24 16:25:39',39,39,72,NULL,3,'http://metadataregistry.org/uri/NSDLResType/1010',11,45,'en',1),
 (236,'2006-04-24 16:25:39','2006-04-24 16:25:39',NULL,'2006-04-24 16:25:39',39,39,45,NULL,16,'http://metadataregistry.org/uri/NSDLResType/1037',11,72,'en',1),
 (237,'2006-04-24 16:26:11','2006-04-24 16:26:11',NULL,'2006-04-24 16:26:11',39,39,57,NULL,3,'http://metadataregistry.org/uri/NSDLResType/1010',11,45,'en',1),
 (238,'2006-04-24 16:26:11','2006-04-24 16:26:11',NULL,'2006-04-24 16:26:11',39,39,45,NULL,16,'http://metadataregistry.org/uri/NSDLResType/1022',11,57,'en',1),
 (239,'2006-04-24 16:26:51','2006-04-24 16:26:51',NULL,'2006-04-24 16:26:51',39,39,64,NULL,3,'http://metadataregistry.org/uri/NSDLResType/1010',11,45,'en',1),
 (240,'2006-04-24 16:26:51','2006-04-24 16:26:51',NULL,'2006-04-24 16:26:51',39,39,45,NULL,16,'http://metadataregistry.org/uri/NSDLResType/1029',11,64,'en',1),
 (241,'2006-04-24 16:27:10','2006-04-24 16:27:10',NULL,'2006-04-24 16:27:10',39,39,46,NULL,16,'http://metadataregistry.org/uri/NSDLResType/1010',11,45,'en',1),
 (242,'2006-04-24 16:27:10','2006-04-24 16:27:10',NULL,'2006-04-24 16:27:10',39,39,45,NULL,3,'http://metadataregistry.org/uri/NSDLResType/1011',11,46,'en',1),
 (243,'2006-04-24 16:29:03','2006-04-24 16:29:03',NULL,'2006-04-24 16:29:03',39,39,66,NULL,3,'http://metadataregistry.org/uri/NSDLResType/1010',11,45,'en',1),
 (244,'2006-04-24 16:29:03','2006-04-24 16:29:03',NULL,'2006-04-24 16:29:03',39,39,45,NULL,16,'http://metadataregistry.org/uri/NSDLResType/1031',11,66,'en',1),
 (245,'2006-04-24 16:29:35','2006-04-24 16:29:35',NULL,'2006-04-24 16:29:35',39,39,73,NULL,21,'http://metadataregistry.org/uri/NSDLResType/1010',11,45,'en',1),
 (246,'2006-04-24 16:29:35','2006-04-24 16:29:35',NULL,'2006-04-24 16:29:35',39,39,45,NULL,21,'http://metadataregistry.org/uri/NSDLResType/1038',11,73,'en',1),
 (247,'2006-04-24 16:30:08','2006-04-24 16:30:08',NULL,'2006-04-24 16:30:08',39,39,45,NULL,5,'A set of teaching and learning materials intended to achieve a wide range of objectives over an extended period of time.',11,NULL,'en',1),
 (248,'2006-04-24 16:30:42','2006-04-24 16:30:42',NULL,'2006-04-24 16:30:42',39,39,45,NULL,6,'Term source: http://www.ilumina-dlib.org/documents/learning_resource_type.htm',11,NULL,'en',1),
 (249,'2006-04-24 16:32:12','2006-04-24 16:32:12',NULL,'2006-04-24 16:32:12',39,39,46,NULL,5,'A program of study.',11,NULL,'en',1),
 (250,'2006-04-24 16:32:36','2006-04-24 16:32:36',NULL,'2006-04-24 16:32:36',39,39,46,NULL,6,'Term source: http://www.dlese.org/Metadata/index.htm',11,NULL,'en',1),
 (251,'2006-04-24 16:32:58','2006-04-24 16:32:58',NULL,'2006-04-24 16:32:58',39,39,46,NULL,6,'Term source: http://www.thegateway.org/',11,NULL,'en',1),
 (252,'2006-04-24 16:33:49','2006-04-24 16:33:49',NULL,'2006-04-24 16:33:49',39,39,47,NULL,1,'Dataset',11,NULL,'en',1),
 (253,'2006-04-24 16:34:20','2006-04-24 16:34:20',NULL,'2006-04-24 16:34:20',39,39,47,NULL,5,'A collection of data elements in the form of a list, table, or database intended for use with another learning resource. [iLumina]',11,NULL,'en',1),
 (254,'2006-04-24 16:34:48','2006-04-24 16:34:48',NULL,'2006-04-24 16:34:48',39,39,47,NULL,5,'An organized collection of data with a common theme. [GIS Dictionary]',11,NULL,'en',1),
 (255,'2006-04-24 16:35:40','2006-04-24 16:35:40',NULL,'2006-04-24 16:35:40',39,39,47,NULL,6,'Term source: http://www.ilumina-dlib.org/documents/learning_resource_type.htm',11,NULL,'en',1),
 (256,'2006-04-24 16:37:11','2006-04-24 16:37:11',NULL,'2006-04-24 16:37:11',39,39,49,NULL,21,'http://metadataregistry.org/uri/NSDLResType/1013',11,48,'en',1),
 (257,'2006-04-24 16:37:11','2006-04-24 16:37:11',NULL,'2006-04-24 16:37:11',39,39,48,NULL,21,'http://metadataregistry.org/uri/NSDLResType/1014',11,49,'en',1),
 (258,'2006-04-24 16:37:25','2006-04-24 16:37:25',NULL,'2006-04-24 16:37:25',39,39,70,NULL,21,'http://metadataregistry.org/uri/NSDLResType/1013',11,48,'en',1),
 (259,'2006-04-24 16:37:26','2006-04-24 16:37:26',NULL,'2006-04-24 16:37:26',39,39,48,NULL,21,'http://metadataregistry.org/uri/NSDLResType/1035',11,70,'en',1),
 (260,'2006-04-24 16:38:19','2006-04-24 16:38:19',NULL,'2006-04-24 16:38:19',39,39,48,NULL,5,'Resource that uses a video or audio recording to show or explain a procedure, process, or principle. Note a verbal explanation is not required, the explanation may be implied through an action. This is distinct from simulations in that demonstrations have real objects in them as opposed to representations.',11,NULL,'en',1),
 (261,'2006-04-24 16:38:56','2006-04-24 16:38:56',NULL,'2006-04-24 16:38:56',39,39,48,NULL,5,'An illustration or explanation, as of a theory or product, by exemplification or practical application. [American Heritage Dictionary, 4th ed.]',11,NULL,'en',1),
 (262,'2006-04-24 16:40:17','2006-04-24 16:40:18',NULL,'2006-04-24 16:40:18',39,39,49,NULL,5,'A scientific procedure undertaken to make a discovery, test a hypothesis, or demonstrate a known fact. [Compact Oxford English Dictionary]',11,NULL,'en',1),
 (263,'2006-04-24 16:40:33','2006-04-24 16:40:33',NULL,'2006-04-24 16:40:33',39,39,49,NULL,1,'Laboratory Experiment',11,NULL,'en',1),
 (264,'2006-04-24 16:53:01','2006-04-24 16:53:01',NULL,'2006-04-24 16:53:01',39,39,50,NULL,5,'Prose literature, especially novels, describing imaginary events and people.',11,NULL,'en',1),
 (265,'2006-04-24 16:54:11','2006-04-24 16:54:11',NULL,'2006-04-24 16:54:11',39,39,50,NULL,22,'Do not use for technical documentation and guides, or field and instructor\'s guides.',11,NULL,'en',1),
 (266,'2006-04-24 16:54:51','2006-04-24 16:54:52',NULL,'2006-04-24 16:54:52',39,39,50,NULL,6,'Eliminated \'book\" from the term, moved former definition exclusions to scope note.',11,NULL,'en',1),
 (267,'2006-04-24 16:55:59','2006-04-24 16:56:00',NULL,'2006-04-24 16:56:00',39,39,76,NULL,1,'Virtual Field Trip',11,NULL,'en',1),
 (268,'2006-04-24 16:56:45','2006-04-24 16:56:46',NULL,'2006-04-24 16:56:46',39,39,76,NULL,5,'A trip or excursion to a place, often by a group of students or the like, to gain\r\nfirsthand information, knowledge, or experience. Includes descriptions or plans for actual field trips as well as virtual field trips. [Wordsmyth]',11,NULL,'en',1),
 (269,'2006-04-24 16:57:12','2006-04-24 16:57:12',NULL,'2006-04-24 16:57:12',39,39,76,NULL,10,'Term source: http://www.dlese.org/Metadata/index.htm',11,NULL,'en',1),
 (270,'2006-04-24 16:58:08','2006-04-24 16:58:08',NULL,'2006-04-24 16:58:08',39,39,51,NULL,1,'Webform',11,NULL,'en',1),
 (271,'2006-04-24 16:58:22','2006-04-24 16:58:23',NULL,'2006-04-24 16:58:23',39,39,51,NULL,5,'A formatted document containing blank fields that users can fill in with data. [Webopedia]',11,NULL,'en',1),
 (272,'2006-04-24 16:59:45','2006-04-24 16:59:45',NULL,'2006-04-24 16:59:45',39,39,52,NULL,1,'Discussion',11,NULL,'en',1),
 (273,'2006-04-24 16:59:57','2006-04-24 16:59:57',NULL,'2006-04-24 16:59:57',39,39,52,NULL,1,'Listserv',11,NULL,'en',1),
 (274,'2006-04-24 17:00:15','2006-04-24 17:00:15',NULL,'2006-04-24 17:00:15',39,39,52,NULL,1,'Message Board',11,NULL,'en',1),
 (275,'2006-04-24 17:00:26','2006-04-24 17:00:26',NULL,'2006-04-24 17:00:26',39,39,52,NULL,5,'A meeting or medium for an exchange of views. [Compact Oxford English Dictionary]',11,NULL,'en',1),
 (295,'2006-04-30 12:58:00','2006-04-30 12:58:00',NULL,'2006-04-30 12:58:00',39,39,71,NULL,21,'http://metadataregistry.org/uri/NSDLResType/1040',11,75,'en',1),
 (296,'2006-04-30 12:58:01','2006-04-30 12:58:01',NULL,'2006-04-30 12:58:01',39,39,75,NULL,21,'http://metadataregistry.org/uri/NSDLResType/1036',11,71,'en',1),
 (297,'2006-05-23 13:20:09','2006-05-23 13:20:09',NULL,'2006-05-23 13:20:09',39,39,53,NULL,1,'Educational game',11,NULL,'en',1),
 (298,'2006-05-23 13:21:05','2006-05-23 13:21:05',NULL,'2006-05-23 13:21:05',39,39,53,NULL,5,'An activity designed to teach about a certain subject or help learn a skill. [Wikipedia: Educational games]',11,NULL,'en',1),
 (299,'2006-05-23 13:22:36','2006-05-23 13:22:36',NULL,'2006-05-23 13:22:36',39,39,53,NULL,6,'Term source: http://www.ischool.washington.edu/sasutton/IEEE1484.html',11,NULL,'en',1),
 (300,'2006-05-23 13:29:49','2006-05-23 13:29:49',NULL,'2006-05-23 13:29:49',39,39,49,NULL,6,'Term source: http://www.ischool.washington.edu/sasutton/IEEE1484.html',11,NULL,'en',1),
 (301,'2006-05-23 13:33:26','2006-05-23 13:33:26',NULL,'2006-05-23 13:33:26',39,39,54,NULL,1,'Wordlist',11,NULL,'en',1),
 (302,'2006-05-23 13:34:25','2006-05-23 13:34:25',NULL,'2006-05-23 13:34:25',39,39,54,NULL,5,'An alphabetical list of words relating to a specific subject, text, or dialect, with explanations. [Compact Oxford English Dictionary]',11,NULL,'en',1),
 (303,'2006-05-23 13:36:01','2006-05-23 13:36:01',NULL,'2006-05-23 13:36:01',39,39,62,NULL,21,'http://metadataregistry.org/uri/NSDLResType/1020',11,55,'en',1),
 (304,'2006-05-23 13:36:01','2006-05-23 13:36:01',NULL,'2006-05-23 13:36:01',39,39,55,NULL,21,'http://metadataregistry.org/uri/NSDLResType/1027',11,62,'en',1),
 (305,'2006-05-23 13:36:15','2006-05-23 13:36:15',NULL,'2006-05-23 13:36:15',39,39,55,NULL,1,'Diagram',11,NULL,'en',1),
 (306,'2006-05-23 13:36:26','2006-05-23 13:36:26',NULL,'2006-05-23 13:36:26',39,39,55,NULL,1,'Graph',11,NULL,'en',1),
 (307,'2006-05-23 13:36:38','2006-05-23 13:36:38',NULL,'2006-05-23 13:36:38',39,39,55,NULL,1,'Drawing',11,NULL,'en',1),
 (308,'2006-05-23 13:37:31','2006-05-23 13:37:31',NULL,'2006-05-23 13:37:31',39,39,55,NULL,1,'Chart',11,NULL,'en',1),
 (309,'2006-05-23 13:39:04','2006-05-23 13:39:04',NULL,'2006-05-23 13:39:04',39,39,55,NULL,5,'Visual matter used to clarify or decorate a text. [American Heritage Dictionary, 4th ed.]',11,NULL,'en',1),
 (310,'2006-05-23 13:40:55','2006-05-23 13:40:55',NULL,'2006-05-23 13:40:55',39,39,56,NULL,1,'Teacher Guide',11,NULL,'en',1),
 (311,'2006-05-23 13:41:07','2006-05-23 13:41:07',NULL,'2006-05-23 13:41:07',39,39,56,NULL,1,'Teaching Guide',11,NULL,'en',1),
 (312,'2006-05-23 13:41:37','2006-05-23 13:41:37',NULL,'2006-05-23 13:41:37',39,39,71,NULL,21,'http://metadataregistry.org/uri/NSDLResType/1021',11,56,'en',1),
 (313,'2006-05-23 13:41:37','2006-05-23 13:41:37',NULL,'2006-05-23 13:41:37',39,39,56,NULL,21,'http://metadataregistry.org/uri/NSDLResType/1036',11,71,'en',1),
 (314,'2006-05-23 13:42:35','2006-05-23 13:42:35',NULL,'2006-05-23 13:42:35',39,39,56,NULL,5,'Supporting resource for teachers regarding the use of learning materials with respect to learning objectives, classroom management, materials, assessment, and additional reference material. ',11,NULL,'en',1),
 (315,'2006-05-23 13:43:13','2006-05-23 13:43:13',NULL,'2006-05-23 13:43:13',39,39,56,NULL,6,'Term source: http://www.dlese.org/Metadata/index.htm',11,NULL,'en',1),
 (316,'2006-05-23 13:43:43','2006-05-23 13:43:43',NULL,'2006-05-23 13:43:43',39,39,57,NULL,1,'Activity',11,NULL,'en',1),
 (317,'2006-05-23 13:43:56','2006-05-23 13:43:56',NULL,'2006-05-23 13:43:56',39,39,57,NULL,1,'Classroom activity',11,NULL,'en',1),
 (318,'2006-05-23 13:47:41','2006-05-23 13:47:41',NULL,'2006-05-23 13:47:41',39,39,57,NULL,5,'Resource to support students\' learning of specific concepts or content. May include teaching instructions (educational goals, learning objectives, procedures, etc.) or resources for direct student use ranging from printable text to interactive online activities.',11,NULL,'en',1),
 (319,'2006-05-23 13:48:17','2006-05-23 13:48:17',NULL,'2006-05-23 13:48:17',39,39,57,NULL,5,'A specific assignment to a student. [Wordsmyth]',11,NULL,'en',1),
 (320,'2006-05-23 13:48:57','2006-05-23 13:48:57',NULL,'2006-05-23 13:48:57',39,39,57,NULL,6,'Term source: http://www.goenc.com',11,NULL,'en',1),
 (321,'2006-05-23 13:50:24','2006-05-23 13:50:24',NULL,'2006-05-23 13:50:24',39,39,58,NULL,5,'A 2-dimensional representation of a single point in time or space that illustrates fairly static physical features (e.g., topos, soil, road, bedrock maps, etc.)',11,NULL,'en',1),
 (322,'2006-05-23 13:51:14','2006-05-23 13:51:14',NULL,'2006-05-23 13:51:14',39,39,58,NULL,5,'A representation usually on a flat surface of the whole or a part of an area. [Merriam-Webster Online]',11,NULL,'en',1),
 (323,'2006-05-23 13:51:51','2006-05-23 13:51:51',NULL,'2006-05-23 13:51:51',39,39,58,NULL,6,'Term source: http://www.dlese.org/Metadata/index.htm',11,NULL,'en',1),
 (324,'2006-05-23 14:20:30','2006-05-23 14:20:30',NULL,'2006-05-23 14:20:30',39,39,59,NULL,5,'Vocal, instrumental, or mechanical sounds having rhythm, melody, or harmony. [Merriam-Webster Online]',11,NULL,'en',1),
 (325,'2006-05-23 14:21:23','2006-05-23 14:21:23',NULL,'2006-05-23 14:21:23',39,39,59,NULL,22,'Use also for recordings and musical notation.',11,NULL,'en',1),
 (326,'2006-05-23 14:22:40','2006-05-23 14:22:40',NULL,'2006-05-23 14:22:40',39,39,59,NULL,6,'Term source: http://www.dlese.org/Metadata/index.htm.  Substituted a more general definition and added the scope note.',11,NULL,'en',1),
 (327,'2006-05-23 14:25:00','2006-05-23 14:25:00',NULL,'2006-05-23 14:25:00',39,39,60,NULL,5,'Recorded historical information obtained in interviews concerning personal experiences and recollections.',11,NULL,'en',1),
 (328,'2006-05-23 14:25:16','2006-05-23 14:25:16',NULL,'2006-05-23 14:25:16',39,39,60,NULL,22,'Includes oral history transcriptions.',11,NULL,'en',1),
 (329,'2006-05-23 14:25:43','2006-05-23 14:25:43',NULL,'2006-05-23 14:25:43',39,39,60,NULL,6,'Term source: http://www.dlese.org/Metadata/index.htm',11,NULL,'en',1),
 (330,'2006-05-23 14:26:25','2006-05-23 14:26:25',NULL,'2006-05-23 14:26:25',39,39,61,NULL,1,'Journal',11,NULL,'en',1),
 (331,'2006-05-23 14:26:34','2006-05-23 14:26:34',NULL,'2006-05-23 14:26:34',39,39,61,NULL,1,'Magazine',11,NULL,'en',1),
 (332,'2006-05-23 14:35:24','2006-05-23 14:35:24',NULL,'2006-05-23 14:35:24',39,39,61,NULL,5,'Publication that is produced on some predictable schedule, such as weekly, monthly or annually. ',11,NULL,'en',1),
 (333,'2006-05-23 14:36:00','2006-05-23 14:36:00',NULL,'2006-05-23 14:36:00',39,39,61,NULL,6,'Term source: http://www.dlese.org/Metadata/index.htm',11,NULL,'en',1),
 (334,'2006-05-23 14:37:20','2006-05-23 14:37:20',NULL,'2006-05-23 14:37:20',39,39,62,NULL,5,'A picture made by using a camera that records an image on a light-sensitive surface. [Wordsmyth]',11,NULL,'en',1),
 (335,'2006-05-23 14:38:33','2006-05-23 14:38:33',NULL,'2006-05-23 14:38:33',39,39,63,NULL,5,'Homepage that is the entrance to a large complex website holding a variety of related resources, hosted by a single organization or group of related organizations.',11,NULL,'en',1),
 (336,'2006-05-23 14:39:22','2006-05-23 14:39:22',NULL,'2006-05-23 14:39:22',39,39,63,NULL,5,'A website considered as an entry point to other websites, often by being or providing access to a search engine. [dictionary.com]',11,NULL,'en',1),
 (337,'2006-05-23 14:40:14','2006-05-23 14:40:14',NULL,'2006-05-23 14:40:14',39,39,63,NULL,6,'Term source: http://www.dlese.org/Metadata/index.htm',11,NULL,'en',1),
 (338,'2006-05-23 14:41:45','2006-05-23 14:41:45',NULL,'2006-05-23 14:41:45',39,39,64,NULL,1,'Lecture',11,NULL,'en',1),
 (339,'2006-05-23 14:42:23','2006-05-23 14:42:23',NULL,'2006-05-23 14:42:23',39,39,64,NULL,5,'Unit of instruction organized and delivered by an instructor for the purpose of informing a group about a topic.',11,NULL,'en',1),
 (340,'2006-05-23 14:43:03','2006-05-23 14:43:03',NULL,'2006-05-23 14:43:03',39,39,64,NULL,5,'Something, such as a lecture or speech, that is set forth for an audience. [American Heritage Dictionary, 4th ed.]',11,NULL,'en',1),
 (341,'2006-05-23 14:43:57','2006-05-23 14:43:57',NULL,'2006-05-23 14:43:57',39,39,64,NULL,6,'Term source: http://www.ilumina-dlib.org/documents/learning_resource_type.htm',11,NULL,'en',1),
 (342,'2006-05-23 14:45:13','2006-05-23 14:45:13',NULL,'2006-05-23 14:45:13',39,39,65,NULL,1,'Homework Assignment',11,NULL,'en',1),
 (343,'2006-05-23 14:45:55','2006-05-23 14:45:55',NULL,'2006-05-23 14:45:55',39,39,65,NULL,5,'Series of tasks or questions posed to the student, as in homework or other assignment.',11,NULL,'en',1),
 (344,'2006-05-23 14:46:27','2006-05-23 14:46:27',NULL,'2006-05-23 14:46:27',39,39,65,NULL,6,'Term source: http://www.dlese.org/Metadata/index.htm',11,NULL,'en',1),
 (345,'2006-05-23 14:47:24','2006-05-23 14:47:24',NULL,'2006-05-23 14:47:24',39,39,66,NULL,5,'Activity fo extend or apply concepts taught in a course that usually culminates in a product.',11,NULL,'en',1),
 (346,'2006-05-23 14:48:08','2006-05-23 14:48:08',NULL,'2006-05-23 14:48:08',39,39,66,NULL,5,'A task or poblem engaged in usually by a group of students to supplement and apply classroom studies. [Merriam-Webster Online]',11,NULL,'en',1),
 (347,'2006-05-23 14:48:48','2006-05-23 14:48:48',NULL,'2006-05-23 14:48:48',39,39,66,NULL,6,'Term source: http://www.ilumina-dlib.org/documents/learning_resource_type.htm',11,NULL,'en',1),
 (348,'2006-05-23 14:49:15','2006-05-23 14:49:15',NULL,'2006-05-23 14:49:15',39,39,67,NULL,1,'Reference Book',11,NULL,'en',1),
 (349,'2006-05-23 14:50:37','2006-05-23 14:50:37',NULL,'2006-05-23 14:50:37',39,39,67,NULL,5,'A source of information, ranging in size from a large compendium to something that is small and specialized, intended to be used as an authoritative source or to begin to research a topic.',11,NULL,'en',1),
 (350,'2006-05-23 14:51:18','2006-05-23 14:51:18',NULL,'2006-05-23 14:51:18',39,39,67,NULL,5,'A comprehensive, systematically organized collection of information such as a dictionary, encyclopedia or almanac. [EdNA]',11,NULL,'en',1),
 (351,'2006-05-23 14:54:33','2006-05-23 14:54:33',NULL,'2006-05-23 14:54:33',39,39,67,NULL,6,'Term source: http://www.goenc.com',11,NULL,'en',1),
 (352,'2006-05-23 14:55:35','2006-05-23 14:55:35',NULL,'2006-05-23 14:55:35',39,39,68,NULL,1,'Satellite Imagery',11,NULL,'en',1),
 (353,'2006-05-23 14:55:47','2006-05-23 14:55:47',NULL,'2006-05-23 14:55:47',39,39,68,NULL,1,'Radar Imagery',11,NULL,'en',1),
 (354,'2006-05-23 14:56:46','2006-05-23 14:56:46',NULL,'2006-05-23 14:56:46',39,39,68,NULL,5,'Imagery generated from measuring devices that are not in direct contact with the medium they are measuring (e.g., radar or satellite imagery)',11,NULL,'en',1),
 (355,'2006-05-23 14:57:24','2006-05-23 14:57:24',NULL,'2006-05-23 14:57:24',39,39,68,NULL,6,'Term source: http://www.dlese.org/Metadata/index.htm',11,NULL,'en',1),
 (356,'2006-05-23 15:03:11','2006-05-23 15:03:11',NULL,'2006-05-23 15:03:11',39,39,40,NULL,21,'http://metadataregistry.org/uri/NSDLResType/1034',11,69,'en',1),
 (357,'2006-05-23 15:03:11','2006-05-23 15:03:11',NULL,'2006-05-23 15:03:11',39,39,69,NULL,21,'http://metadataregistry.org/uri/NSDLResType/1005',11,40,'en',1),
 (358,'2006-05-23 15:04:19','2006-05-23 15:04:19',NULL,'2006-05-23 15:04:19',39,39,69,NULL,5,'Detailed account or statement, often outlining the results or events of a meeting, endeavor, activity or study (e.g., review, evaluation).',11,NULL,'en',1),
 (359,'2006-05-23 15:13:35','2006-05-23 15:13:35',NULL,'2006-05-23 15:13:35',39,39,69,NULL,6,'Term source: http://www.dlese.org/Metadata/index.htm',11,NULL,'en',1),
 (360,'2006-05-23 15:15:11','2006-05-23 15:15:11',NULL,'2006-05-23 15:15:11',39,39,70,NULL,5,'Imitative representation, such as animations or artificial manipulations of photographs, of the function of a system, process or principle. Note that the imitative nature of this distinguishes it from a demonstration.',11,NULL,'en',1),
 (361,'2006-05-23 15:15:54','2006-05-23 15:15:54',NULL,'2006-05-23 15:15:54',39,39,70,NULL,5,'Representation of the operation or features of one process or system through the use of another. [American Heritage Dictionary, 4th ed.]',11,NULL,'en',1),
 (362,'2006-05-23 15:17:06','2006-05-23 15:17:06',NULL,'2006-05-23 15:17:06',39,39,70,NULL,6,'Term source: http://www.goenc.com',11,NULL,'en',1),
 (363,'2006-05-23 15:18:27','2006-05-23 15:18:27',NULL,'2006-05-23 15:18:27',39,39,71,NULL,5,'A guide to provide students with content information and/or hints, techniques, or management ideas in a particular area.',11,NULL,'en',1),
 (364,'2006-05-23 15:20:12','2006-05-23 15:20:12',NULL,'2006-05-23 15:20:12',39,39,71,NULL,5,'A student tool used to help facilitate learning and comprehension of literature, research topics, history, and other subjects. Most study guides summarize chapters of novels or the important elements of the subject. [Wikipedia]',11,NULL,'en',1),
 (365,'2006-05-23 15:22:01','2006-05-23 15:22:01',NULL,'2006-05-23 15:22:01',39,39,71,NULL,6,'Term source: http://www.rdn.ac.uk/publications/rdn-ltsn/types',11,NULL,'en',1),
 (366,'2006-05-23 15:23:22','2006-05-23 15:23:22',NULL,'2006-05-23 15:23:22',39,39,72,NULL,5,'Plan showing the structure of a particular course, including course description and objectives, grading policy, materials, assignments, lesson sequence, and course calendar.',11,NULL,'en',1),
 (367,'2006-05-23 15:23:56','2006-05-23 15:23:56',NULL,'2006-05-23 15:23:56',39,39,72,NULL,6,'Term source: http://www.ilumina-dlib.org/documents/learning_resource_type.htm',11,NULL,'en',1),
 (368,'2006-05-23 15:24:58','2006-05-23 15:24:58',NULL,'2006-05-23 15:24:58',39,39,73,NULL,5,'Resource providing comprehensive materials for specific topics; often includes chapters or other typical book components.',11,NULL,'en',1),
 (369,'2006-05-23 15:25:28','2006-05-23 15:25:28',NULL,'2006-05-23 15:25:28',39,39,73,NULL,6,'Term source: http://www.goenc.com',11,NULL,'en',1),
 (370,'2006-05-23 15:26:04','2006-05-23 15:26:04',NULL,'2006-05-23 15:26:04',39,39,74,NULL,1,'Dissertation',11,NULL,'en',1),
 (371,'2006-05-23 15:26:23','2006-05-23 15:26:23',NULL,'2006-05-23 15:26:23',39,39,74,NULL,5,'Scholarly work as for an academic degree.',11,NULL,'en',1),
 (372,'2006-05-23 15:27:13','2006-05-23 15:27:13',NULL,'2006-05-23 15:27:13',39,39,74,NULL,5,'A long essay or dissertation involving personal research, written as part of a university degree. [Compact Oxford English Dictionary]',11,NULL,'en',1),
 (373,'2006-05-23 15:27:42','2006-05-23 15:27:42',NULL,'2006-05-23 15:27:42',39,39,74,NULL,6,'Term source: http://www.dlese.org/Metadata/index.htm',11,NULL,'en',1),
 (374,'2006-05-23 15:28:52','2006-05-23 15:28:52',NULL,'2006-05-23 15:28:52',39,39,75,NULL,5,'Resource that provides guided information about a specific subject.',11,NULL,'en',1),
 (375,'2006-05-23 15:29:34','2006-05-23 15:29:34',NULL,'2006-05-23 15:29:34',39,39,75,NULL,5,'A session or course of concentrated instruction given by a tutor, often on a special topic. [Wordsmyth]',11,NULL,'en',1),
 (376,'2006-05-23 15:30:06','2006-05-23 15:30:06',NULL,'2006-05-23 15:30:06',39,39,75,NULL,6,'Term source: http://www.dlese.org/Metadata/index.htm',11,NULL,'en',1),
 (377,'2006-05-23 15:31:10','2006-05-23 15:31:10',NULL,'2006-05-23 15:31:10',39,39,77,NULL,1,'Web Log',11,NULL,'en',1),
 (378,'2006-05-23 15:31:22','2006-05-23 15:31:22',NULL,'2006-05-23 15:31:22',39,39,77,NULL,1,'Blog',11,NULL,'en',1),
 (379,'2006-05-23 15:32:07','2006-05-23 15:32:07',NULL,'2006-05-23 15:32:07',39,39,77,NULL,5,'A web-based publication consisting primarily of periodic articles, written by one person or a group. [Wikipedia]',11,NULL,'en',1),
 (380,'2006-05-23 15:32:39','2006-05-23 15:32:39',NULL,'2006-05-23 15:32:39',39,39,77,NULL,6,'Term source: http://www.goenc.com',11,NULL,'en',1),
 (383,'2006-06-06 11:24:21','2006-06-06 11:24:21',NULL,'2006-06-06 11:24:21',39,39,85,1,19,'persName',NULL,NULL,'en',1),
 (384,'2006-06-06 11:24:53','2006-06-06 11:24:53',NULL,'2006-06-06 11:24:53',39,39,86,1,19,'persEmailAddress',NULL,NULL,'en',1),
 (385,'2006-06-06 11:25:16','2006-06-06 11:25:16',NULL,'2006-06-06 11:25:16',39,39,87,1,19,'persPhoneNumber',NULL,NULL,'en',1),
 (386,'2006-06-06 11:25:38','2006-06-06 11:25:38',NULL,'2006-06-06 11:25:38',39,39,88,1,19,'persAddress',NULL,NULL,'en',1),
 (387,'2006-06-06 11:26:58','2006-06-06 11:26:58',NULL,'2006-06-06 11:26:58',39,39,89,1,19,'persAffiliation',NULL,NULL,'en',1),
 (388,'2006-06-06 11:27:11','2006-06-06 11:27:11',NULL,'2006-06-06 11:27:11',39,39,90,1,19,'role',NULL,NULL,'en',1),
 (389,'2006-06-06 11:28:50','2006-06-06 11:28:50',NULL,'2006-06-06 11:28:50',39,39,91,1,19,'orgName',NULL,NULL,'en',1),
 (390,'2006-06-06 11:29:03','2006-06-06 11:29:03',NULL,'2006-06-06 11:29:03',39,39,92,1,19,'orgEmailAddress',NULL,NULL,'en',1),
 (391,'2006-06-06 11:29:14','2006-06-06 11:29:14',NULL,'2006-06-06 11:29:14',39,39,93,1,19,'orgAddress',NULL,NULL,'en',1),
 (392,'2006-06-06 11:29:27','2006-06-06 11:29:27',NULL,'2006-06-06 11:29:27',39,39,94,1,19,'orgPhoneNumber',NULL,NULL,'en',1),
 (393,'2006-06-06 11:29:38','2006-06-06 11:29:38',NULL,'2006-06-06 11:29:38',39,39,95,1,19,'orgWebPage',NULL,NULL,'en',1),
 (394,'2006-06-06 11:33:13','2006-06-06 11:33:13',NULL,'2006-06-06 11:33:13',39,39,85,NULL,1,'Personal Name',15,NULL,'en',1),
 (395,'2006-06-06 11:34:48','2006-06-06 11:34:48',NULL,'2006-06-06 11:34:48',39,39,85,NULL,10,'Same as foaf:person',15,NULL,'en',1),
 (396,'2006-06-07 13:19:25','2006-06-07 13:19:25',NULL,'2006-06-07 13:19:25',39,39,86,NULL,1,'Person Email Address',15,NULL,'en',1),
 (397,'2006-06-07 13:19:44','2006-06-07 13:19:44',NULL,'2006-06-07 13:19:44',39,39,86,NULL,5,'The personal email address of an agent.',15,NULL,'en',1),
 (398,'2006-06-07 13:21:23','2006-06-07 13:21:23',NULL,'2006-06-07 13:21:23',39,39,86,NULL,10,'Same as: foaf:mbox',15,NULL,'en',1),
 (399,'2006-06-07 13:22:34','2006-06-07 13:22:34',NULL,'2006-06-07 13:22:34',39,39,87,NULL,1,'Person Phone Number',15,NULL,'en',1),
 (400,'2006-06-07 13:24:43','2006-06-07 13:24:43',NULL,'2006-06-07 13:24:43',39,39,87,NULL,5,'The phone number where the person can be reached. The registry generally asks only for business phone numbers.',15,NULL,'en',1),
 (401,'2006-06-07 13:26:36','2006-06-07 13:26:36',NULL,'2006-06-07 13:26:36',39,39,87,NULL,10,'Same as: foaf:phone',15,NULL,'en',1),
 (402,'2006-06-07 13:27:15','2006-06-07 13:27:15',NULL,'2006-06-07 13:27:15',39,39,88,NULL,1,'Person Address',15,NULL,'en',1),
 (403,'2006-06-07 13:27:50','2006-06-07 13:27:50',NULL,'2006-06-07 13:27:50',39,39,88,NULL,5,'The street or mailing address of the person. The registry normally asks only for business addresses.',15,NULL,'en',1),
 (404,'2006-06-07 13:33:40','2006-06-07 13:33:40',NULL,'2006-06-07 13:33:40',39,39,89,NULL,1,'Person Affiliation',15,NULL,'en',1),
 (405,'2006-06-07 13:34:13','2006-06-07 13:34:13',NULL,'2006-06-07 13:34:13',39,39,89,NULL,5,'The business affiliation of a person.',15,NULL,'en',1),
 (406,'2006-06-07 13:35:12','2006-06-07 13:35:12',NULL,'2006-06-07 13:35:12',39,39,90,NULL,5,'The role of the person in the context of a vocabulary.',15,NULL,'en',1),
 (407,'2006-06-07 13:35:49','2006-06-07 13:35:49',NULL,'2006-06-07 13:35:49',39,39,90,NULL,22,'Used with a set of specific roles.',15,NULL,'en',1),
 (408,'2006-06-07 13:36:18','2006-06-07 13:36:18',NULL,'2006-06-07 13:36:18',39,39,91,NULL,1,'Organization Name',15,NULL,'en',1),
 (409,'2006-06-07 13:38:12','2006-06-07 13:38:12',NULL,'2006-06-07 13:38:12',39,39,91,NULL,5,'The name of an organization.',15,NULL,'en',1),
 (410,'2006-06-07 13:38:38','2006-06-07 13:38:38',NULL,'2006-06-07 13:38:38',39,39,91,NULL,10,'Same as: foaf:organization',15,NULL,'en',1),
 (411,'2006-06-07 13:39:27','2006-06-07 13:39:27',NULL,'2006-06-07 13:39:27',39,39,92,NULL,1,'Organization Email Address',15,NULL,'en',1),
 (412,'2006-06-07 13:40:23','2006-06-07 13:40:23',NULL,'2006-06-07 13:40:23',39,39,92,NULL,5,'The email address associated with the organization. Generally the email address used for general contact for the organization, not associated with a particular person.',15,NULL,'en',1),
 (413,'2006-06-07 13:40:59','2006-06-07 13:40:59',NULL,'2006-06-07 13:40:59',39,39,93,NULL,1,'Organization Address',15,NULL,'en',1),
 (414,'2006-06-07 13:41:27','2006-06-07 13:41:27',NULL,'2006-06-07 13:41:27',39,39,93,NULL,5,'The street or mailing address for an organization.',15,NULL,'en',1),
 (415,'2006-06-07 13:42:06','2006-06-07 13:42:06',NULL,'2006-06-07 13:42:06',39,39,94,NULL,1,'Organization WebPage',15,NULL,'en',1),
 (416,'2006-06-07 13:44:13','2006-06-07 13:44:13',NULL,'2006-06-07 13:44:13',39,39,94,NULL,5,'A general phone number for the organization, not normally associated with a particular person.',15,NULL,'en',1),
 (417,'2006-06-07 13:44:32','2006-06-07 13:44:32',NULL,'2006-06-07 13:44:32',39,39,94,NULL,5,'A general phone number for the organization, not normally associated with a particular person.',15,NULL,'en',1),
 (418,'2006-06-07 13:45:05','2006-06-07 13:45:05',NULL,'2006-06-07 13:45:05',39,39,95,NULL,1,'Organization WebPage',15,NULL,'en',1),
 (419,'2006-06-07 13:45:27','2006-06-07 13:45:27',NULL,'2006-06-07 13:45:27',39,39,95,NULL,5,'The webpage associated with the organization as a whole.',15,NULL,'en',1),
 (420,'2006-06-07 13:46:26','2006-06-07 13:46:26',NULL,'2006-06-07 13:46:26',39,39,95,NULL,10,'Same as: foaf:homepage',15,NULL,'en',1),
 (421,'2006-06-07 14:01:09','2006-06-07 14:01:09',NULL,'2006-06-07 14:01:09',38,38,96,1,19,'vocabName',NULL,NULL,'en',1),
 (422,'2006-06-07 14:01:22','2006-06-07 14:01:22',NULL,'2006-06-07 14:01:22',38,38,97,1,19,'vocabURI',NULL,NULL,'en',1),
 (423,'2006-06-07 14:01:30','2006-06-07 14:01:30',NULL,'2006-06-07 14:01:30',38,38,98,1,19,'vocabURL',NULL,NULL,'en',1),
 (424,'2006-06-07 14:01:40','2006-06-07 14:01:40',NULL,'2006-06-07 14:01:40',38,38,99,1,19,'baseDomain',NULL,NULL,'en',1),
 (425,'2006-06-07 14:02:09','2006-06-07 14:02:09',NULL,'2006-06-07 14:02:09',38,38,100,1,19,'vocabToken',NULL,NULL,'en',1),
 (426,'2006-06-07 14:02:16','2006-06-07 14:02:16',NULL,'2006-06-07 14:02:16',38,38,101,1,19,'agent',NULL,NULL,'en',1),
 (427,'2006-06-07 14:02:24','2006-06-07 14:02:24',NULL,'2006-06-07 14:02:24',38,38,102,1,19,'community',NULL,NULL,'en',1),
 (428,'2006-06-07 14:02:34','2006-06-07 14:02:34',NULL,'2006-06-07 14:02:34',38,38,103,1,19,'vocabNote',NULL,NULL,'en',1),
 (429,'2006-06-07 16:32:39','2006-06-07 16:32:39',NULL,'2006-06-07 16:32:39',38,38,101,NULL,5,'The person or organization having a role with the Vocabulary.',16,NULL,'en',1),
 (430,'2006-06-07 16:33:27','2006-06-07 16:33:27',NULL,'2006-06-07 16:33:27',38,38,101,NULL,22,'In general the agent will be represented with a registry URI.',16,NULL,'en',1),
 (431,'2006-06-07 16:37:31','2006-06-07 16:37:31',NULL,'2006-06-07 16:37:31',38,38,99,NULL,5,'The initial portion of the URI that emanates either from the owner\'s domain or the registry.',16,NULL,'en',1),
 (432,'2006-06-07 16:39:27','2006-06-07 16:39:27',NULL,'2006-06-07 16:39:27',38,38,102,NULL,5,'A topic or keyword designating the community for which the vocabulary is relevant.',16,NULL,'en',1),
 (433,'2006-06-07 16:40:00','2006-06-07 16:40:00',NULL,'2006-06-07 16:40:00',38,38,99,NULL,1,'Base Domain',16,NULL,'en',1),
 (434,'2006-06-07 16:40:39','2006-06-07 16:40:39',NULL,'2006-06-07 16:40:39',38,38,96,NULL,1,'Vocabulary Name',16,NULL,'en',1),
 (435,'2006-06-07 16:41:32','2006-06-07 16:41:32',NULL,'2006-06-07 16:41:32',38,38,96,NULL,5,'The name of the vocabulary, generally that by which it is commonly known.',16,NULL,'en',1),
 (436,'2006-06-07 16:42:11','2006-06-07 16:42:11',NULL,'2006-06-07 16:42:11',38,38,103,NULL,1,'Vocabulary Note',16,NULL,'en',1),
 (437,'2006-06-07 16:42:38','2006-06-07 16:42:38',NULL,'2006-06-07 16:42:38',38,38,103,NULL,5,'A note about the usage or history of the vocabulary.',16,NULL,'en',1),
 (438,'2006-06-07 16:43:04','2006-06-07 16:43:04',NULL,'2006-06-07 16:43:04',38,38,100,NULL,1,'Vocabulary Token',16,NULL,'en',1),
 (439,'2006-06-07 16:44:34','2006-06-07 16:44:34',NULL,'2006-06-07 16:44:34',38,38,100,NULL,5,'A unique alphanumeric string used to identify the vocabulary.',16,NULL,'en',1),
 (440,'2006-06-07 16:45:42','2006-06-07 16:45:42',NULL,'2006-06-07 16:45:42',38,38,97,NULL,1,'Vocabulary URI',16,NULL,'en',1),
 (441,'2006-06-07 16:46:34','2006-06-07 16:46:34',NULL,'2006-06-07 16:46:34',38,38,97,NULL,5,'The URI used for machine access to the vocabulary.',16,NULL,'en',1),
 (442,'2006-06-07 16:47:05','2006-06-07 16:47:05',NULL,'2006-06-07 16:47:05',38,38,98,NULL,1,'Vocabulary URL',16,NULL,'en',1),
 (443,'2006-06-07 16:48:29','2006-06-07 16:48:29',NULL,'2006-06-07 16:48:29',38,38,98,NULL,5,'The URL used for the human-readable representation of the vocabulary or a searchable access point to the vocabulary.',16,NULL,'en',1),
 (444,'2006-06-15 20:18:15','2006-06-15 20:18:15',NULL,'2006-06-15 20:18:15',39,39,104,1,19,'Issued',NULL,NULL,'en',1),
 (445,'2006-06-15 20:18:23','2006-06-15 20:18:23',NULL,'2006-06-15 20:18:23',39,39,105,1,19,'Modified',NULL,NULL,'en',1),
 (446,'2006-06-15 20:18:44','2006-06-15 20:18:44',NULL,'2006-06-15 20:18:44',39,39,106,1,19,'Status',NULL,NULL,'en',1),
 (447,'2006-06-15 20:19:39','2006-06-15 20:19:39',NULL,'2006-06-15 20:19:39',39,39,104,NULL,5,'Date on which the class or property was issued.',17,NULL,'en',1),
 (448,'2006-06-15 20:20:06','2006-06-15 20:20:06',NULL,'2006-06-15 20:20:06',39,39,104,NULL,10,'Term Source: SKOS',17,NULL,'en',1),
 (449,'2006-07-02 14:49:46','2006-07-02 14:49:46',NULL,'2006-07-02 14:49:46',38,38,107,1,19,'All',NULL,NULL,'en',1),
 (450,'2006-07-02 14:50:24','2006-07-02 14:50:24',NULL,'2006-07-02 14:50:24',38,38,108,1,19,'1',NULL,NULL,'en',1),
 (451,'2006-07-02 14:50:48','2006-07-02 14:50:48',NULL,'2006-07-02 14:50:48',38,38,109,1,19,'2',NULL,NULL,'en',1),
 (452,'2006-07-02 14:51:18','2006-07-02 14:51:18',NULL,'2006-07-02 14:51:18',38,38,110,1,19,'3',NULL,NULL,'en',1),
 (453,'2006-07-02 14:53:19','2006-07-02 14:53:19',NULL,'2006-07-02 14:53:19',38,38,111,1,19,'4',NULL,NULL,'en',1),
 (454,'2006-07-02 14:53:44','2006-07-02 14:53:44',NULL,'2006-07-02 14:53:44',38,38,112,1,19,'5',NULL,NULL,'en',1),
 (455,'2006-07-02 14:55:01','2006-07-02 14:55:01',NULL,'2006-07-02 14:55:01',38,38,113,1,19,'6',NULL,NULL,'en',1),
 (456,'2006-07-02 14:55:29','2006-07-02 14:55:29',NULL,'2006-07-02 14:55:29',38,38,114,1,19,'7',NULL,NULL,'en',1),
 (457,'2006-07-02 14:55:50','2006-07-02 14:55:50',NULL,'2006-07-02 14:55:50',38,38,115,1,19,'8',NULL,NULL,'en',1),
 (458,'2006-07-02 14:56:10','2006-07-02 14:56:10',NULL,'2006-07-02 14:56:10',38,38,116,1,19,'9',NULL,NULL,'en',1),
 (459,'2006-07-02 14:56:33','2006-07-02 14:56:33',NULL,'2006-07-02 14:56:33',38,38,117,1,19,'10',NULL,NULL,'en',1),
 (460,'2006-07-02 14:57:03','2006-07-02 14:57:03',NULL,'2006-07-02 14:57:03',38,38,118,1,19,'11',NULL,NULL,'en',1),
 (461,'2006-07-02 14:57:30','2006-07-02 14:57:30',NULL,'2006-07-02 14:57:30',38,38,119,1,19,'12',NULL,NULL,'en',1),
 (462,'2006-07-02 14:59:48','2006-07-02 14:59:48',NULL,'2006-07-02 14:59:48',38,38,120,1,19,'Adult/Continuing education',NULL,NULL,'en',1),
 (463,'2006-07-02 15:00:21','2006-07-02 15:00:21',NULL,'2006-07-02 15:00:21',38,38,121,1,19,'Community college',NULL,NULL,'en',1);
INSERT INTO `reg_concept_property` (`id`,`created_at`,`updated_at`,`deleted_at`,`last_updated`,`created_user_id`,`updated_user_id`,`concept_id`,`primary_pref_label`,`skos_property_id`,`object`,`scheme_id`,`related_concept_id`,`language`,`status_id`) VALUES
 (464,'2006-07-02 15:00:52','2006-07-02 15:00:52',NULL,'2006-07-02 15:00:52',38,38,122,1,19,'Higher education',NULL,NULL,'en',1),
 (465,'2006-07-02 15:02:27','2006-07-02 15:02:27',NULL,'2006-07-02 15:02:27',38,38,123,1,19,'Preschool education',NULL,NULL,'en',1),
 (466,'2006-07-02 15:03:01','2006-07-02 15:03:01',NULL,'2006-07-02 15:03:01',38,38,124,1,19,'Vocational education',NULL,NULL,'en',1),
 (467,'2006-07-02 15:04:49','2006-07-02 15:04:49',NULL,'2006-07-02 15:04:49',38,38,125,1,19,'Kindergarten',NULL,NULL,'en',1),
 (468,'2006-07-02 15:05:14','2006-07-02 15:05:14',NULL,'2006-07-02 15:05:14',38,38,126,1,19,'Unspecified',NULL,NULL,'en',1),
 (469,'2006-07-02 16:09:40','2006-07-02 16:09:40',NULL,'2006-07-02 16:09:40',38,38,127,1,19,'Alternative assessment',NULL,NULL,'en',1),
 (470,'2006-07-02 20:35:36','2006-07-02 20:35:36',NULL,'2006-07-02 20:35:36',38,38,128,1,19,'Curriculum based assessment',NULL,NULL,'en',1),
 (471,'2006-07-02 20:36:17','2006-07-02 20:36:17',NULL,'2006-07-02 20:36:17',38,38,129,1,19,'Informal assessment',NULL,NULL,'en',1),
 (472,'2006-07-02 20:36:43','2006-07-02 20:36:43',NULL,'2006-07-02 20:36:43',38,38,130,1,19,'Peer evaluation',NULL,NULL,'en',1),
 (473,'2006-07-02 20:37:28','2006-07-02 20:37:28',NULL,'2006-07-02 20:37:28',38,38,131,1,19,'Self-evaluation',NULL,NULL,'en',1),
 (474,'2006-07-02 20:39:12','2006-07-02 20:39:12',NULL,'2006-07-02 20:39:12',38,38,132,1,19,'Testing',NULL,NULL,'en',1),
 (475,'2006-07-02 20:39:59','2006-07-02 20:39:59',NULL,'2006-07-02 20:39:59',38,38,133,1,19,'Authentic assessment',NULL,NULL,'en',1),
 (476,'2006-07-02 20:41:02','2006-07-02 20:41:02',NULL,'2006-07-02 20:41:02',38,38,134,1,19,'Observation',NULL,NULL,'en',1),
 (477,'2006-07-02 20:41:53','2006-07-02 20:41:53',NULL,'2006-07-02 20:41:53',38,38,135,1,19,'Portfolio assessment',NULL,NULL,'en',1),
 (478,'2006-07-02 20:43:19','2006-07-02 20:43:19',NULL,'2006-07-02 20:43:19',38,38,136,1,19,'Standardized testing',8,NULL,'en',1),
 (479,'2006-07-03 00:20:24','2006-07-03 00:20:24',NULL,'2006-07-03 00:20:24',38,38,127,NULL,5,'Describes alternatives to traditional, standardized, norm- or criterion-referenced traditional paper and pencil testing. An alternative assessment might require students to answer an open-ended question, work out a solution to a problem, perform a demonstration of a skill, or in some way produce work rather than select an answer from choices on a sheet of paper. Portfolios and instructor observation of students are also alternative forms of assessment. (New Horizons)',18,NULL,'en',1),
 (480,'2006-07-03 00:21:26','2006-07-03 00:21:26',NULL,'2006-07-03 00:21:26',38,38,127,NULL,1,'Assessment alternatives',18,NULL,'en',1),
 (481,'2006-07-03 00:24:46','2006-07-03 00:24:46',NULL,'2006-07-03 00:24:46',38,38,133,NULL,5,'Evaluating by asking for the behavior the learning is intended to produce. The concept of model, practice, feedback in which students know what excellent performance is and are guided to practice an entire concept rather than bits and pieces in preparation for eventual understanding. A variety of techniques can be employed in authentic assessment. (New Horizons)',18,NULL,'en',1),
 (482,'2006-07-03 00:26:26','2006-07-03 00:26:26',NULL,'2006-07-03 00:26:26',38,38,128,NULL,5,'Direct and frequent measurement of student performance on the classroom curriculum in order to ascertain student instructional needs -- used principally for instructional decision\r\nmaking, the approach also supports screening, placement, and monitoring in special education. (note: see also the identifier \"curriculum related testing\") (ERIC)',18,NULL,'en',1),
 (485,'2006-07-03 00:32:50','2006-07-03 00:32:50',NULL,'2006-07-03 00:32:50',38,38,129,NULL,5,'Appraisal of an individual\'s or group\'s status or growth by means other than standardized instruments. (ERIC)',18,NULL,'en',1),
 (486,'2006-07-03 00:33:24','2006-07-03 00:33:24',NULL,'2006-07-03 00:33:24',38,38,134,NULL,5,'Directed or intentional examination of persons, situations, or things to obtain information -- includes the quantified values by which observed facts are represented. (ERIC)',18,NULL,'en',1),
 (487,'2006-07-03 00:33:50','2006-07-03 00:33:50',NULL,'2006-07-03 00:33:50',38,38,130,NULL,5,'Evaluation by one\'s peers. (ERIC)',18,NULL,'en',1),
 (488,'2006-07-03 00:34:20','2006-07-03 00:34:20',NULL,'2006-07-03 00:34:20',38,38,135,NULL,5,'Systematic collection of a student\'s work samples, records of observation, test results, etc., over a period of time for the purpose of evaluating student growth and achievement -- used occasionally with populations other than students. (note: prior to dec94, \"portfolios (background materials)\" was used, usually with \"student evaluation,\" to index this concept) (ERIC)',18,NULL,'en',1),
 (489,'2006-07-03 00:35:33','2006-07-03 00:35:33',NULL,'2006-07-03 00:35:33',38,38,131,NULL,5,'Assessment of an institution, organization, program, etc., by its members or sponsors. ',18,NULL,'en',1),
 (490,'2006-07-03 00:35:59','2006-07-03 00:35:59',NULL,'2006-07-03 00:35:59',38,38,136,NULL,5,' Tests for which content has been selected and checked empirically, norms have been established, uniform methods of administering have been developed, and which may be scored with a relatively high degree of objectivity. (ERIC)',18,NULL,'en',1),
 (491,'2006-07-03 00:36:26','2006-07-03 00:36:26',NULL,'2006-07-03 00:36:26',38,38,132,NULL,5,'Gathering and processing information about individuals\' ability, skill, understanding, or knowledge under controlled conditions. (note: see also \"evaluation\" and \"measurement\") (ERIC)',18,NULL,'en',1),
 (493,'2006-07-03 22:36:43','2006-07-03 22:36:43',NULL,'2006-07-03 22:36:43',38,38,138,1,19,'Leading and Managing',NULL,NULL,'en',1),
 (494,'2006-07-03 22:37:29','2006-07-03 22:37:29',NULL,'2006-07-03 22:37:29',38,38,139,1,19,'Partnering',NULL,NULL,'en',1),
 (500,'2006-07-04 12:59:24','2006-07-04 12:59:24',NULL,'2006-07-04 12:59:24',38,38,141,1,19,'Learning and Teaching',NULL,NULL,'en',1),
 (501,'2006-07-04 12:59:49','2006-07-04 12:59:49',NULL,'2006-07-04 12:59:49',38,38,142,1,19,'Core Subjects',NULL,NULL,'en',1),
 (502,'2006-07-04 13:00:27','2006-07-04 13:00:27',NULL,'2006-07-04 13:00:27',38,38,142,NULL,3,'http://purl.org/ASN/scheme/P21/concepts#Learning_and_Teaching',19,141,'en',1),
 (503,'2006-07-04 13:00:27','2006-07-04 13:00:27',NULL,'2006-07-04 13:00:27',38,38,141,NULL,16,'http://purl.org/ASN/scheme/P21/concepts#Core_Subjects',19,142,'en',1),
 (504,'2006-07-04 13:02:07','2006-07-04 13:02:07',NULL,'2006-07-04 13:02:07',38,38,143,1,19,'English',NULL,NULL,'en',1),
 (507,'2006-07-04 13:04:09','2006-07-04 13:04:09',NULL,'2006-07-04 13:04:09',38,38,143,NULL,3,'http://purl.org/ASN/scheme/P21/concepts#Core_Subjects',19,142,'en',1),
 (509,'2006-07-04 13:05:17','2006-07-04 13:05:17',NULL,'2006-07-04 13:05:17',38,38,144,1,19,'Language Arts',NULL,NULL,'en',1),
 (510,'2006-07-04 13:06:05','2006-07-04 13:06:05',NULL,'2006-07-04 13:06:05',38,38,144,NULL,3,'http://purl.org/ASN/scheme/P21/concepts#Core_Subjects',19,142,'en',1),
 (511,'2006-07-04 13:06:05','2006-07-04 13:06:05',NULL,'2006-07-04 13:06:05',38,38,142,NULL,16,'http://purl.org/ASN/scheme/P21/concepts#Language_Arts',19,144,'en',1),
 (512,'2006-07-04 13:07:50','2006-07-04 13:07:50',NULL,'2006-07-04 13:07:50',38,38,142,NULL,16,'http://purl.org/ASN/scheme/P21/concepts#English',19,143,'en',1),
 (514,'2006-07-04 13:10:52','2006-07-04 13:10:52',NULL,'2006-07-04 13:10:52',38,38,145,1,19,'Mathematics',NULL,NULL,'en',1),
 (515,'2006-07-04 13:11:25','2006-07-04 13:11:25',NULL,'2006-07-04 13:11:25',38,38,145,NULL,3,'http://purl.org/ASN/scheme/P21/concepts#Core_Subjects',19,142,'en',1),
 (516,'2006-07-04 13:11:25','2006-07-04 13:11:25',NULL,'2006-07-04 13:11:25',38,38,142,NULL,16,'http://purl.org/ASN/scheme/P21/concepts#Mathematics',19,145,'en',1),
 (517,'2006-07-04 13:12:35','2006-07-04 13:12:35',NULL,'2006-07-04 13:12:35',38,38,146,1,19,'Science',NULL,NULL,'en',1),
 (518,'2006-07-04 13:13:00','2006-07-04 13:13:00',NULL,'2006-07-04 13:13:00',38,38,146,NULL,3,'http://purl.org/ASN/scheme/P21/concepts#Core_Subjects',19,142,'en',1),
 (519,'2006-07-04 13:13:00','2006-07-04 13:13:00',NULL,'2006-07-04 13:13:00',38,38,142,NULL,16,'http://purl.org/ASN/scheme/P21/concepts#Science',19,146,'en',1),
 (520,'2006-07-10 16:37:22','2006-07-10 16:37:22',NULL,'2006-07-10 16:37:22',38,38,147,1,19,'Foreign Language',NULL,NULL,'en',1),
 (521,'2006-07-10 16:37:40','2006-07-10 16:37:40',NULL,'2006-07-10 16:37:40',38,38,148,1,19,'Civics',NULL,NULL,'en',1),
 (522,'2006-07-10 16:37:58','2006-07-10 16:37:58',NULL,'2006-07-10 16:37:58',38,38,149,1,19,'Government',NULL,NULL,'en',1),
 (523,'2006-07-10 16:39:14','2006-07-10 16:39:14',NULL,'2006-07-10 16:39:14',38,38,150,1,19,'Economics',NULL,NULL,'en',1),
 (524,'2006-07-10 16:39:34','2006-07-10 16:39:34',NULL,'2006-07-10 16:39:34',38,38,151,1,19,'History',NULL,NULL,'en',1),
 (525,'2006-07-10 16:39:53','2006-07-10 16:39:53',NULL,'2006-07-10 16:39:53',38,38,152,1,19,'Geography',NULL,NULL,'en',1),
 (526,'2006-07-10 16:40:13','2006-07-10 16:40:13',NULL,'2006-07-10 16:40:13',38,38,153,1,19,'Arts',NULL,NULL,'en',1),
 (527,'2006-07-10 16:41:13','2006-07-10 16:41:13',NULL,'2006-07-10 16:41:13',38,38,154,1,19,'21st Century Context',NULL,NULL,'en',1),
 (528,'2006-07-10 16:42:18','2006-07-10 16:42:18',NULL,'2006-07-10 16:42:18',38,38,154,NULL,3,'http://purl.org/ASN/scheme/P21/concepts#Learning_and_Teaching',19,141,'en',1),
 (529,'2006-07-10 16:42:18','2006-07-10 16:42:18',NULL,'2006-07-10 16:42:18',38,38,141,NULL,16,'http://purl.org/ASN/scheme/P21/concepts#21st_Century_Context',19,154,'en',1),
 (530,'2006-07-10 16:43:40','2006-07-10 16:43:40',NULL,'2006-07-10 16:43:40',38,38,155,1,19,'21st Century Content',NULL,NULL,'en',1),
 (531,'2006-07-10 16:44:05','2006-07-10 16:44:05',NULL,'2006-07-10 16:44:05',38,38,156,1,19,'Global Awareness',NULL,NULL,'en',1),
 (532,'2006-07-10 16:44:44','2006-07-10 16:44:44',NULL,'2006-07-10 16:44:44',38,38,157,1,19,'Financial, Economic and Business Literacy',NULL,NULL,'en',1),
 (533,'2006-07-10 16:45:05','2006-07-10 16:45:05',NULL,'2006-07-10 16:45:05',38,38,158,1,19,'Civic Literacy',NULL,NULL,'en',1),
 (534,'2006-07-10 16:45:56','2006-07-10 16:45:56',NULL,'2006-07-10 16:45:56',38,38,156,NULL,3,'http://purl.org/ASN/scheme/P21/concepts#21st_Century_Content',19,155,'en',1),
 (535,'2006-07-10 16:45:56','2006-07-10 16:45:56',NULL,'2006-07-10 16:45:56',38,38,155,NULL,16,'http://purl.org/ASN/scheme/P21/concepts#Global_Awareness',19,156,'en',1),
 (536,'2006-07-10 16:46:26','2006-07-10 16:46:26',NULL,'2006-07-10 16:46:26',38,38,157,NULL,3,'http://purl.org/ASN/scheme/P21/concepts#21st_Century_Content',19,155,'en',1),
 (537,'2006-07-10 16:46:26','2006-07-10 16:46:26',NULL,'2006-07-10 16:46:26',38,38,155,NULL,16,'http://purl.org/ASN/scheme/P21/concepts#Financial_Economic_and_Business_Literacy',19,157,'en',1),
 (538,'2006-07-10 16:46:48','2006-07-10 16:46:48',NULL,'2006-07-10 16:46:48',38,38,158,NULL,3,'http://purl.org/ASN/scheme/P21/concepts#21st_Century_Content',19,155,'en',1),
 (539,'2006-07-10 16:46:48','2006-07-10 16:46:48',NULL,'2006-07-10 16:46:48',38,38,155,NULL,16,'http://purl.org/ASN/scheme/P21/concepts#Civic_Literacy',19,158,'en',1),
 (540,'2006-07-10 16:48:36','2006-07-10 16:48:36',NULL,'2006-07-10 16:48:36',38,38,159,1,19,'Learning Skills',NULL,NULL,'en',1),
 (541,'2006-07-10 16:49:44','2006-07-10 16:49:44',NULL,'2006-07-10 16:49:44',38,38,159,NULL,3,'http://purl.org/ASN/scheme/P21/concepts#Learning_and_Teaching',19,141,'en',1),
 (542,'2006-07-10 16:49:44','2006-07-10 16:49:44',NULL,'2006-07-10 16:49:44',38,38,141,NULL,16,'http://purl.org/ASN/scheme/P21/concepts#Learning_Skills',19,159,'en',1),
 (543,'2006-07-10 16:50:57','2006-07-10 16:50:57',NULL,'2006-07-10 16:50:57',38,38,160,1,19,'Information and Communication Skills',NULL,NULL,'en',1),
 (544,'2006-07-10 16:51:23','2006-07-10 16:51:23',NULL,'2006-07-10 16:51:23',38,38,161,1,19,'Thinking and Problem Solving Skills',NULL,NULL,'en',1),
 (545,'2006-07-10 16:51:53','2006-07-10 16:51:53',NULL,'2006-07-10 16:51:53',38,38,162,1,19,'Interpersonal and Self Directional Skills',NULL,NULL,'en',1),
 (546,'2006-07-10 16:53:11','2006-07-10 16:53:11',NULL,'2006-07-10 16:53:11',38,38,160,NULL,3,'http://purl.org/ASN/scheme/P21/concepts#Learning_Skills',19,159,'en',1),
 (547,'2006-07-10 16:53:11','2006-07-10 16:53:11',NULL,'2006-07-10 16:53:11',38,38,159,NULL,16,'http://purl.org/ASN/scheme/P21/concepts#Information_and_Communication_Skills',19,160,'en',1),
 (548,'2006-07-10 16:53:32','2006-07-10 16:53:32',NULL,'2006-07-10 16:53:32',38,38,161,NULL,3,'http://purl.org/ASN/scheme/P21/concepts#Learning_Skills',19,159,'en',1),
 (549,'2006-07-10 16:53:32','2006-07-10 16:53:32',NULL,'2006-07-10 16:53:32',38,38,159,NULL,16,'http://purl.org/ASN/scheme/P21/concepts#Thinking_and_Problem_Solving_Skills',19,161,'en',1),
 (550,'2006-07-10 16:53:54','2006-07-10 16:53:54',NULL,'2006-07-10 16:53:54',38,38,162,NULL,3,'http://purl.org/ASN/scheme/P21/concepts#Learning_Skills',19,159,'en',1),
 (551,'2006-07-10 16:53:54','2006-07-10 16:53:54',NULL,'2006-07-10 16:53:54',38,38,159,NULL,16,'http://purl.org/ASN/scheme/P21/concepts#Interpersonal_and_Self_Directional_Skills',19,162,'en',1),
 (552,'2006-07-10 16:58:58','2006-07-10 16:58:58',NULL,'2006-07-10 16:58:58',38,38,163,1,19,'Information and Media Literacy Skills',NULL,NULL,'en',1),
 (553,'2006-07-10 16:59:17','2006-07-10 16:59:17',NULL,'2006-07-10 16:59:17',38,38,164,1,19,'Communication Skills',NULL,NULL,'en',1),
 (554,'2006-07-10 17:01:30','2006-07-10 17:01:30',NULL,'2006-07-10 17:01:30',38,38,163,NULL,3,'http://purl.org/ASN/scheme/P21/concepts#Information_and_Communication_Skills',19,160,'en',1),
 (555,'2006-07-10 17:01:30','2006-07-10 17:01:30',NULL,'2006-07-10 17:01:30',38,38,160,NULL,16,'http://purl.org/ASN/scheme/P21/concepts#Information_and_Media_Literacy_Skills',19,163,'en',1),
 (556,'2006-07-10 17:02:52','2006-07-10 17:02:52',NULL,'2006-07-10 17:02:52',38,38,164,NULL,3,'http://purl.org/ASN/scheme/P21/concepts#Information_and_Communication_Skills',19,160,'en',1),
 (557,'2006-07-10 17:02:52','2006-07-10 17:02:52',NULL,'2006-07-10 17:02:52',38,38,160,NULL,16,'http://purl.org/ASN/scheme/P21/concepts#Communication_Skills',19,164,'en',1),
 (558,'2006-07-10 17:04:57','2006-07-10 17:04:57',NULL,'2006-07-10 17:04:57',38,38,165,1,19,'Critical Thinking and Systems Thinking',NULL,NULL,'en',1),
 (559,'2006-07-10 17:05:30','2006-07-10 17:05:30',NULL,'2006-07-10 17:05:30',38,38,166,1,19,'Problem Identification, Formulation and Solution',NULL,NULL,'en',1),
 (560,'2006-07-10 17:06:01','2006-07-10 17:06:01',NULL,'2006-07-10 17:06:01',38,38,167,1,19,'Creativity and Intellectual Curiosity',NULL,NULL,'en',1),
 (561,'2006-07-10 17:06:48','2006-07-10 17:06:48',NULL,'2006-07-10 17:06:48',38,38,165,NULL,3,'\r\nhttp://purl.org/ASN/scheme/P21/concepts#Thinking_and_Problem_Solving_Skills',19,161,'en',1),
 (562,'2006-07-10 17:06:48','2006-07-10 17:06:48',NULL,'2006-07-10 17:06:48',38,38,161,NULL,16,'http://purl.org/ASN/scheme/P21/concepts#Critical_Thinking_and_Systems_Thinking',19,165,'en',1),
 (563,'2006-07-10 17:07:16','2006-07-10 17:07:16',NULL,'2006-07-10 17:07:16',38,38,166,NULL,3,'http://purl.org/ASN/scheme/P21/concepts#Thinking_and_Problem_Solving_Skills',19,161,'en',1),
 (564,'2006-07-10 17:07:16','2006-07-10 17:07:16',NULL,'2006-07-10 17:07:16',38,38,161,NULL,16,'http://purl.org/ASN/scheme/P21/concepts#Problem_Identification_Formulation_and_Solution',19,166,'en',1),
 (565,'2006-07-10 17:07:40','2006-07-10 17:07:40',NULL,'2006-07-10 17:07:40',38,38,167,NULL,3,'http://purl.org/ASN/scheme/P21/concepts#Thinking_and_Problem_Solving_Skills',19,161,'en',1),
 (566,'2006-07-10 17:07:40','2006-07-10 17:07:40',NULL,'2006-07-10 17:07:40',38,38,161,NULL,16,'http://purl.org/ASN/scheme/P21/concepts#Creativity_and_Intellectual_Curiosity',19,167,'en',1),
 (567,'2006-07-10 17:10:01','2006-07-10 17:10:01',NULL,'2006-07-10 17:10:01',38,38,168,1,19,'Interpersonal and Collaborative Skills',NULL,NULL,'en',1),
 (568,'2006-07-10 17:10:20','2006-07-10 17:10:20',NULL,'2006-07-10 17:10:20',38,38,169,1,19,'Self Direction',NULL,NULL,'en',1),
 (569,'2006-07-10 17:10:48','2006-07-10 17:10:48',NULL,'2006-07-10 17:10:48',38,38,170,1,19,'Accountability and Adaptability',NULL,NULL,'en',1),
 (570,'2006-07-10 17:11:09','2006-07-10 17:11:09',NULL,'2006-07-10 17:11:09',38,38,171,1,19,'Social Responsibility',NULL,NULL,'en',1),
 (571,'2006-07-10 17:13:27','2006-07-10 17:13:27',NULL,'2006-07-10 17:13:27',38,38,172,1,19,'Learning Tools',NULL,NULL,'en',1),
 (572,'2006-07-10 17:14:05','2006-07-10 17:14:05',NULL,'2006-07-10 17:14:05',38,38,172,NULL,3,'http://purl.org/ASN/scheme/P21/concepts#Learning_and_Teaching',19,141,'en',1),
 (573,'2006-07-10 17:14:05','2006-07-10 17:14:05',NULL,'2006-07-10 17:14:05',38,38,141,NULL,16,'http://purl.org/ASN/scheme/P21/concepts#Learning_Tools',19,172,'en',1),
 (574,'2006-07-10 17:14:58','2006-07-10 17:14:58',NULL,'2006-07-10 17:14:58',38,38,173,1,19,'Assessment',NULL,NULL,'en',1),
 (575,'2006-07-10 17:15:59','2006-07-10 17:15:59',NULL,'2006-07-10 17:15:59',38,38,173,NULL,3,'http://purl.org/ASN/scheme/P21/concepts#Learning_and_Teaching',19,141,'en',1),
 (576,'2006-07-10 17:15:59','2006-07-10 17:15:59',NULL,'2006-07-10 17:15:59',38,38,141,NULL,16,'http://purl.org/ASN/scheme/P21/concepts#Assessment',19,173,'en',1),
 (577,'2006-07-10 17:16:32','2006-07-10 17:16:32',NULL,'2006-07-10 17:16:32',38,38,174,1,19,'Pedagogy',NULL,NULL,'en',1),
 (578,'2006-07-10 17:17:07','2006-07-10 17:17:07',NULL,'2006-07-10 17:17:07',38,38,174,NULL,3,'http://purl.org/ASN/scheme/P21/concepts#Learning_and_Teaching',19,141,'en',1),
 (579,'2006-07-10 17:17:07','2006-07-10 17:17:07',NULL,'2006-07-10 17:17:07',38,38,141,NULL,16,'http://purl.org/ASN/scheme/P21/concepts#Pedagogy',19,174,'en',1),
 (580,'2006-07-10 17:34:47','2006-07-10 17:34:47',NULL,'2006-07-10 17:34:47',38,38,175,1,19,'Professional Development',NULL,NULL,'en',1),
 (581,'2006-07-10 17:35:35','2006-07-10 17:35:35',NULL,'2006-07-10 17:35:35',38,38,175,NULL,3,'http://purl.org/ASN/scheme/P21/concepts#Learning_and_Teaching',19,141,'en',1),
 (582,'2006-07-10 17:35:35','2006-07-10 17:35:35',NULL,'2006-07-10 17:35:35',38,38,141,NULL,16,'http://purl.org/ASN/scheme/P21/concepts#Professional_Development',19,175,'en',1),
 (583,'2006-07-10 17:37:29','2006-07-10 17:37:29',NULL,'2006-07-10 17:37:29',38,38,176,1,19,'Vision',NULL,NULL,'en',1),
 (584,'2006-07-10 17:37:57','2006-07-10 17:37:57',NULL,'2006-07-10 17:37:57',38,38,177,1,19,'Equitable Educational Opportunity',NULL,NULL,'en',1),
 (585,'2006-07-10 17:38:22','2006-07-10 17:38:22',NULL,'2006-07-10 17:38:22',38,38,178,1,19,'Planning and Allocating Resources',NULL,NULL,'en',1),
 (586,'2006-07-10 17:39:17','2006-07-10 17:39:17',NULL,'2006-07-10 17:39:17',38,38,179,1,19,'Infrastructure and System Integration',NULL,NULL,'en',1),
 (587,'2006-07-10 17:39:37','2006-07-10 17:39:37',NULL,'2006-07-10 17:39:37',38,38,180,1,19,'Knowledge and Skills',NULL,NULL,'en',1),
 (588,'2006-07-10 17:39:57','2006-07-10 17:39:57',NULL,'2006-07-10 17:39:57',38,38,181,1,19,'Policy Making',NULL,NULL,'en',1),
 (589,'2006-07-10 17:40:15','2006-07-10 17:40:15',NULL,'2006-07-10 17:40:15',38,38,182,1,19,'Accountability',NULL,NULL,'en',1),
 (590,'2006-07-10 17:41:44','2006-07-10 17:41:44',NULL,'2006-07-10 17:41:44',38,38,176,NULL,3,'http://purl.org/ASN/scheme/P21/concepts#Leading_and_Managing',19,138,'en',1),
 (591,'2006-07-10 17:41:44','2006-07-10 17:41:44',NULL,'2006-07-10 17:41:44',38,38,138,NULL,16,'http://purl.org/ASN/scheme/P21/concepts#Vision',19,176,'en',1),
 (592,'2006-07-10 17:42:52','2006-07-10 17:42:52',NULL,'2006-07-10 17:42:52',38,38,177,NULL,3,'http://purl.org/ASN/scheme/P21/concepts#Leading_and_Managing',19,138,'en',1),
 (593,'2006-07-10 17:42:52','2006-07-10 17:42:52',NULL,'2006-07-10 17:42:52',38,38,138,NULL,16,'http://purl.org/ASN/scheme/P21/concepts#Equitable_Educational_Opportunity',19,177,'en',1),
 (594,'2006-07-10 17:43:15','2006-07-10 17:43:15',NULL,'2006-07-10 17:43:15',38,38,178,NULL,3,'http://purl.org/ASN/scheme/P21/concepts#Leading_and_Managing',19,138,'en',1),
 (595,'2006-07-10 17:43:15','2006-07-10 17:43:15',NULL,'2006-07-10 17:43:15',38,38,138,NULL,16,'http://purl.org/ASN/scheme/P21/concepts#Planning_and_Allocating_Resources',19,178,'en',1),
 (596,'2006-07-10 17:43:34','2006-07-10 17:43:34',NULL,'2006-07-10 17:43:34',38,38,179,NULL,3,'http://purl.org/ASN/scheme/P21/concepts#Leading_and_Managing',19,138,'en',1),
 (597,'2006-07-10 17:43:34','2006-07-10 17:43:34',NULL,'2006-07-10 17:43:34',38,38,138,NULL,16,'http://purl.org/ASN/scheme/P21/concepts#Infrastructure_and_System_Integration',19,179,'en',1),
 (598,'2006-07-10 17:43:51','2006-07-10 17:43:51',NULL,'2006-07-10 17:43:51',38,38,180,NULL,3,'http://purl.org/ASN/scheme/P21/concepts#Leading_and_Managing',19,138,'en',1),
 (599,'2006-07-10 17:43:51','2006-07-10 17:43:51',NULL,'2006-07-10 17:43:51',38,38,138,NULL,16,'http://purl.org/ASN/scheme/P21/concepts#Knowledge_and_Skills',19,180,'en',1),
 (600,'2006-07-10 17:44:05','2006-07-10 17:44:05',NULL,'2006-07-10 17:44:05',38,38,181,NULL,3,'http://purl.org/ASN/scheme/P21/concepts#Leading_and_Managing',19,138,'en',1),
 (601,'2006-07-10 17:44:05','2006-07-10 17:44:05',NULL,'2006-07-10 17:44:05',38,38,138,NULL,16,'http://purl.org/ASN/scheme/P21/concepts#Policy_Making',19,181,'en',1),
 (602,'2006-07-10 17:44:21','2006-07-10 17:44:21',NULL,'2006-07-10 17:44:21',38,38,182,NULL,3,'http://purl.org/ASN/scheme/P21/concepts#Leading_and_Managing',19,138,'en',1),
 (603,'2006-07-10 17:44:21','2006-07-10 17:44:21',NULL,'2006-07-10 17:44:21',38,38,138,NULL,16,'http://purl.org/ASN/scheme/P21/concepts#Accountability',19,182,'en',1),
 (604,'2006-07-10 17:54:09','2006-07-10 17:54:09',NULL,'2006-07-10 17:54:09',38,38,176,NULL,5,'All administrators include the integration of 21st Century Skills as part of their overall vision for student achievement and act as role models for such integration, as well as create broad and inclusive plans that integrate 21st Century Skills into every aspect of learning, teaching and administrating.',19,NULL,'en',1),
 (605,'2006-07-10 17:55:17','2006-07-10 17:55:17',NULL,'2006-07-10 17:55:17',38,38,177,NULL,5,'21st Century Tools are equitably distributed and there is access through homes, community centers, libraries and after-school programs, and students have access to environments that advance 21st Century Skills.',19,NULL,'en',1),
 (606,'2006-07-10 17:56:06','2006-07-10 17:56:06',NULL,'2006-07-10 17:56:06',38,38,178,NULL,5,'District resource allocation plans are structured to provide students, parents, teachers and administrators with seamless access to 21st Century Tools and technology in school, at home and any other place where learning activities are envisioned.',19,NULL,'en',1),
 (607,'2006-07-10 17:57:11','2006-07-10 17:57:11',NULL,'2006-07-10 17:57:11',38,38,179,NULL,5,'Infrastructure plans are structured to provide students, parents, teachers and administrators with seamless access to 21st Century Tools and technology in school, there is a process for handling technology support, and all technology is refreshed every three to four years.',19,NULL,'en',1),
 (608,'2006-07-10 17:57:54','2006-07-10 17:57:54',NULL,'2006-07-10 17:57:54',38,38,180,NULL,5,'Administrators regularly use innovative management techniques, data-driven decision making and 21st Century Tools, and all administrators are proficient in the use of 21st Century Tools in the creation of curriculum and assessment.',19,NULL,'en',1),
 (609,'2006-07-10 17:58:30','2006-07-10 17:58:30',NULL,'2006-07-10 17:58:30',38,38,181,NULL,5,'All curriculum, educational objectives and standards are aligned with assessment and include 21st Century skills and encourage the integration of 21st Century skills into both content mastery and administrative processes.',19,NULL,'en',1),
 (610,'2006-07-10 17:59:40','2006-07-10 17:59:40',NULL,'2006-07-10 17:59:40',38,38,182,NULL,5,'All schools and districts are evaluated on student achievement of 21st Century Skills, the systemic incorporation of 21st Century Skills, the efficiency of educational programs, and professional development programs that include 21st Century Skills.',19,NULL,'en',1),
 (611,'2006-07-10 18:00:18','2006-07-10 18:00:18',NULL,'2006-07-10 18:00:18',38,38,183,1,19,'Parents',NULL,NULL,'en',1),
 (612,'2006-07-10 18:00:50','2006-07-10 18:00:50',NULL,'2006-07-10 18:00:50',38,38,139,NULL,16,'http://purl.org/ASN/scheme/P21/concepts#Parents',19,183,'en',1),
 (613,'2006-07-10 18:00:50','2006-07-10 18:00:50',NULL,'2006-07-10 18:00:50',38,38,183,NULL,3,'http://purl.org/ASN/scheme/P21/concepts#Partnering',19,139,'en',1),
 (614,'2006-07-10 18:01:11','2006-07-10 18:01:11',NULL,'2006-07-10 18:01:11',38,38,183,NULL,5,'Parents, students and teachers collaborate to create an education that includes the mastery of core subjects and 21st Century Skills, 21st Century Tools are used to facilitate dialogue, and most parents have a mastery of 21st Century Tools',19,NULL,'en',1),
 (615,'2006-07-10 18:01:36','2006-07-10 18:01:36',NULL,'2006-07-10 18:01:36',38,38,184,1,19,'Community',NULL,NULL,'en',1),
 (616,'2006-07-10 18:01:56','2006-07-10 18:01:56',NULL,'2006-07-10 18:01:56',38,38,139,NULL,16,'http://purl.org/ASN/scheme/P21/concepts#Community',19,184,'en',1),
 (617,'2006-07-10 18:01:56','2006-07-10 18:01:56',NULL,'2006-07-10 18:01:56',38,38,184,NULL,3,'http://purl.org/ASN/scheme/P21/concepts#Partnering',19,139,'en',1),
 (618,'2006-07-10 18:02:15','2006-07-10 18:02:15',NULL,'2006-07-10 18:02:15',38,38,184,NULL,5,'Community programs support learner mastery of 21st Century Skills and coordinate with school programs to promote strategies that reinforce 21st Century Skills.',19,NULL,'en',1),
 (619,'2006-07-10 18:03:00','2006-07-10 18:03:00',NULL,'2006-07-10 18:03:00',38,38,185,1,19,'Higher Education and Teacher Preparation',NULL,NULL,'en',1),
 (620,'2006-07-10 18:03:45','2006-07-10 18:03:45',NULL,'2006-07-10 18:03:45',38,38,139,NULL,16,'http://purl.org/ASN/scheme/P21/concepts#Higher_Education_and_Teacher_Preparation',19,185,'en',1),
 (621,'2006-07-10 18:03:45','2006-07-10 18:03:45',NULL,'2006-07-10 18:03:45',38,38,185,NULL,3,'http://purl.org/ASN/scheme/P21/concepts#Partnering',19,139,'en',1),
 (622,'2006-07-10 18:04:11','2006-07-10 18:04:11',NULL,'2006-07-10 18:04:11',38,38,185,NULL,5,'K-12 schools and higher education programs regularly work together to prepare students for college, including the integration of content and 21st Century Skills.',19,NULL,'en',1),
 (623,'2006-07-10 18:04:48','2006-07-10 18:04:48',NULL,'2006-07-10 18:04:48',38,38,186,1,19,'Content Providers',NULL,NULL,'en',1),
 (624,'2006-07-10 18:05:22','2006-07-10 18:05:22',NULL,'2006-07-10 18:05:22',38,38,139,NULL,16,'http://purl.org/ASN/scheme/P21/concepts#Content_Providers',19,186,'en',1),
 (625,'2006-07-10 18:05:22','2006-07-10 18:05:22',NULL,'2006-07-10 18:05:22',38,38,186,NULL,3,'http://purl.org/ASN/scheme/P21/concepts#Partnering',19,139,'en',1),
 (626,'2006-07-10 18:05:50','2006-07-10 18:05:50',NULL,'2006-07-10 18:05:50',38,38,186,NULL,5,'Content providers create content and resources that include standards with 21st Century Skills and education leaders work with content providers to develop aligned resources, assessment and curriculum integrated with the appropriate 21st Century Tools and educational systems.',19,NULL,'en',1),
 (627,'2006-07-10 18:06:24','2006-07-10 18:06:24',NULL,'2006-07-10 18:06:24',38,38,187,1,19,'Business',NULL,NULL,'en',1),
 (628,'2006-07-10 18:06:49','2006-07-10 18:06:49',NULL,'2006-07-10 18:06:49',38,38,139,NULL,16,'http://purl.org/ASN/scheme/P21/concepts#Business',19,187,'en',1),
 (629,'2006-07-10 18:06:49','2006-07-10 18:06:49',NULL,'2006-07-10 18:06:49',38,38,187,NULL,3,'http://purl.org/ASN/scheme/P21/concepts#Partnering',19,139,'en',1),
 (630,'2006-07-10 18:07:07','2006-07-10 18:07:07',NULL,'2006-07-10 18:07:07',38,38,187,NULL,5,'K-12 and private sector partners regularly work together to ensure student preparation for the workplace and the mastery of 21st Century Skills, and businesses regularly support educational programs that promote 21st Century Skills.',19,NULL,'en',1),
 (631,'2006-07-10 18:08:52','2006-07-10 18:08:52',NULL,'2006-07-10 18:08:52',38,38,155,NULL,5,'Education and business leaders identified significant emerging content areas that are critical to success in communities and workplaces.',19,NULL,'en',1),
 (632,'2006-07-10 18:09:43','2006-07-10 18:09:43',NULL,'2006-07-10 18:09:43',38,38,154,NULL,5,'Students need to learn academic content through real-world examples, applications and experiences both inside and outside of school. Students are better learners when education is relevant, engaging and meaningful to their lives--they understand subjects better and retain more information.',19,NULL,'en',1),
 (633,'2006-07-10 18:14:10','2006-07-10 18:14:10',NULL,'2006-07-10 18:14:10',38,38,173,NULL,5,'All assessments are learner-centered, formative, content specific, ongoing and rooted in teaching strategies and most assessments use technology.',19,NULL,'en',1),
 (635,'2006-07-10 18:19:42','2006-07-10 18:19:42',NULL,'2006-07-10 18:19:42',38,38,160,NULL,5,'Information and Media Literacy: Analyzing, accessing, managing, integrating, evaluating and creating information in a variety of forms and media. Understanding the role of media in society. Communication Skills: Understanding, managing and creating effective oral, written and multimedia communication in a variety of forms and contexts.',19,NULL,'en',1),
 (636,'2006-07-10 18:20:34','2006-07-10 18:20:34',NULL,'2006-07-10 18:20:34',38,38,164,NULL,5,'Understanding, managing and creating effective oral, written and multimedia communication in a variety of forms and contexts.',19,NULL,'en',1),
 (637,'2006-07-10 18:21:25','2006-07-10 18:21:25',NULL,'2006-07-10 18:21:25',38,38,184,NULL,5,'Community programs support learner mastery of 21st Century Skills and coordinate with school programs to promote strategies that reinforce 21st Century Skills.',19,NULL,'en',1),
 (638,'2006-07-10 18:22:51','2006-07-10 18:22:51',NULL,'2006-07-10 18:22:51',38,38,142,NULL,5,'When students work towards mastery of core subjects, their study includes 21st Century content taught in a 21st Century Context.',19,NULL,'en',1),
 (639,'2006-07-10 18:25:05','2006-07-10 18:25:05',NULL,'2006-07-10 18:25:05',38,38,157,NULL,5,'Financial, economic and business literacy, and developing entrepreneurial skills to enhance workplace productivity and career options.',19,NULL,'en',1),
 (640,'2006-07-10 18:30:19','2006-07-10 18:30:19',NULL,'2006-07-10 18:30:19',38,38,162,NULL,5,'Interpersonal and collaborative skills: Demonstrating teamwork and leadership: adapting to varied roles and responsibilities; working productively with others; exercising empathy; respecting diverse perspectives.  Self Direction: Monitoring one\'s own understanding and learning needs, locating appropriate resources, transferring learning from one domain to another. Accountability and Adaptability: Exercising personal responsibility and flexibility in personal, workplace and community contexts; setting and meeting high standards and goals for one\'s self and others; tolerating ambiguity.  Social Responsibility: Acting responsibly with the interests of the larger community in mind; demonstrating ethical behavior in personal, workplace and community contexts.',19,NULL,'en',1),
 (641,'2006-07-10 18:34:27','2006-07-10 18:34:27',NULL,'2006-07-10 18:34:27',38,38,172,NULL,5,'In a digital world, students need to learn to use the tools to master the learning skills that are essential to everyday life and workplace productivity. This proficiency is known as ICT Literacy.',19,NULL,'en',1),
 (642,'2006-07-10 18:36:22','2006-07-10 18:36:22',NULL,'2006-07-10 18:36:22',38,38,174,NULL,5,'Teachers act as facilitators and partners for teaching and learning, all teachers use adaptable and flexible teaching strategies.',19,NULL,'en',1),
 (643,'2006-07-10 18:38:34','2006-07-10 18:38:34',NULL,'2006-07-10 18:38:34',38,38,175,NULL,5,'Professional development supports the application of 21st Century Skills in teaching and learning strategies and classroom management practices,and teachers use professional development to reinforce their content competency and integrate 21st Century Skills.',19,NULL,'en',1),
 (644,'2006-07-10 18:39:42','2006-07-10 18:39:42',NULL,'2006-07-10 18:39:42',38,38,169,NULL,5,' Monitoring one\'s own understanding and learning needs, locating appropriate resources, transferring learning from one domain to another. \r\n',19,NULL,'en',1),
 (645,'2006-07-10 18:41:35','2006-07-10 18:41:35',NULL,'2006-07-10 18:41:35',38,38,171,NULL,5,'Acting responsibly with the interests of the larger community in mind; demonstrating ethical behavior in personal, workplace and community contexts.',19,NULL,'en',1),
 (646,'2006-07-10 18:42:37','2006-07-10 18:42:37',NULL,'2006-07-10 18:42:37',38,38,161,NULL,5,'Critical Thinking and Systems Thinking: Exercising sound reasoning in understanding and making complex choices, understanding the interconnections among systems. Problem Identification, Formulation and Solution: Ability to frame, analyze and solve problems. Creativity and Intellectual Curiosity: Developing, implementing and communicating new ideas to others, staying open and responsive to new and diverse perspectives.',19,NULL,'en',1),
 (647,'2006-07-11 21:57:55','2006-07-11 21:57:55',NULL,'2006-07-11 21:57:55',38,38,188,1,19,'Arts',NULL,NULL,'en',1),
 (648,'2006-07-11 22:00:44','2006-07-11 22:00:44',NULL,'2006-07-11 22:00:44',38,38,189,1,19,'Educational technology',NULL,NULL,'en',1),
 (649,'2006-07-11 22:02:52','2006-07-11 22:02:52',NULL,'2006-07-11 22:02:52',38,38,190,1,19,'Foreign languages',NULL,NULL,'en',1),
 (650,'2006-07-11 22:04:21','2006-07-11 22:04:21',NULL,'2006-07-11 22:04:21',38,38,191,1,19,'Health',NULL,NULL,'en',1),
 (651,'2006-07-11 22:05:18','2006-07-11 22:05:18',NULL,'2006-07-11 22:05:18',38,38,192,1,19,'Language arts',NULL,NULL,'en',1),
 (652,'2006-07-11 22:06:54','2006-07-11 22:06:54',NULL,'2006-07-11 22:06:54',38,38,193,1,19,'Mathematics',NULL,NULL,'en',1),
 (653,'2006-07-11 22:12:09','2006-07-11 22:12:09',NULL,'2006-07-11 22:12:09',38,38,194,1,19,'Philosophy',NULL,NULL,'en',1),
 (654,'2006-07-11 22:13:30','2006-07-11 22:13:30',NULL,'2006-07-11 22:13:30',38,38,195,1,19,'Physical education',NULL,NULL,'en',1),
 (655,'2006-07-11 22:14:14','2006-07-11 22:14:14',NULL,'2006-07-11 22:14:14',38,38,196,1,19,'Religion',NULL,NULL,'en',1),
 (656,'2006-07-11 22:15:04','2006-07-11 22:15:04',NULL,'2006-07-11 22:15:04',38,38,197,1,19,'Science',NULL,NULL,'en',1),
 (657,'2006-07-11 22:16:06','2006-07-11 22:16:06',NULL,'2006-07-11 22:16:06',38,38,198,1,19,'Social studies',NULL,NULL,'en',1),
 (658,'2006-07-11 22:17:05','2006-07-11 22:17:05',NULL,'2006-07-11 22:17:05',38,38,199,1,19,'Vocational education',NULL,NULL,'en',1),
 (662,'2006-09-20 11:56:01','2006-09-20 11:56:01',NULL,'2006-09-20 11:56:01',39,39,203,1,19,'URI',NULL,NULL,'en',1),
 (663,'2006-09-20 11:56:12','2006-09-20 11:56:12',NULL,'2006-09-20 11:56:12',39,39,204,1,19,'Label',NULL,NULL,'en',1),
 (664,'2006-09-20 11:56:23','2006-09-20 11:56:23',NULL,'2006-09-20 11:56:23',39,39,205,1,19,'Name',NULL,NULL,'en',1),
 (665,'2006-09-20 11:56:37','2006-09-20 11:56:37',NULL,'2006-09-20 11:56:37',39,39,206,1,19,'Definition',NULL,NULL,'en',1),
 (666,'2006-09-20 11:56:48','2006-09-20 11:56:48',NULL,'2006-09-20 11:56:48',39,39,207,1,19,'Comments',NULL,NULL,'en',1),
 (667,'2006-09-20 11:56:55','2006-09-20 11:56:55',NULL,'2006-09-20 11:56:55',39,39,208,1,19,'DefinedBy',NULL,NULL,'en',1),
 (668,'2006-09-20 11:57:09','2006-09-20 11:57:09',NULL,'2006-09-20 11:57:09',39,39,209,1,19,'TypeOfTerm',NULL,NULL,'en',1),
 (669,'2006-09-20 11:57:23','2006-09-20 11:57:23',NULL,'2006-09-20 11:57:23',39,39,210,1,19,'DateCreated',NULL,NULL,'en',1),
 (670,'2006-09-20 11:57:31','2006-09-20 11:57:31',NULL,'2006-09-20 11:57:31',39,39,211,1,19,'LastUpdated',NULL,NULL,'en',1),
 (671,'2006-09-20 11:58:08','2006-09-20 11:58:08',NULL,'2006-09-20 11:58:08',39,39,212,1,19,'Refines',NULL,NULL,'en',1),
 (672,'2006-09-20 11:58:16','2006-09-20 11:58:16',NULL,'2006-09-20 11:58:16',39,39,213,1,19,'RefinedBy',NULL,NULL,'en',1),
 (673,'2006-09-20 11:59:21','2006-09-20 11:59:21',NULL,'2006-09-20 11:59:21',39,39,203,NULL,1,'Term URI',22,NULL,'en',1),
 (674,'2006-09-20 11:59:41','2006-09-20 11:59:41',NULL,'2006-09-20 11:59:41',39,39,203,NULL,1,'Identifier',22,NULL,'en',1),
 (675,'2006-09-20 12:01:05','2006-09-20 12:01:05',NULL,'2006-09-20 12:01:05',39,39,203,NULL,10,'DCMI Registry uses no label for URIs; the DC CD AP uses \'Identifier.\'',22,NULL,'en',1),
 (676,'2006-09-20 12:10:50','2006-09-20 12:10:50',NULL,'2006-09-20 12:10:50',39,39,205,NULL,1,'Qualified Name',22,NULL,'en',1),
 (677,'2006-09-20 12:11:51','2006-09-20 12:11:52',NULL,'2006-09-20 12:11:52',39,39,205,NULL,10,'DCMI Registry uses Name; DC CD AP uses Qualified Name.',22,NULL,'en',1),
 (678,'2006-09-20 12:53:31','2006-09-20 12:53:31',NULL,'2006-09-20 12:53:31',39,39,207,NULL,1,'Description',22,NULL,'en',1),
 (679,'2006-09-20 12:53:53','2006-09-20 12:53:53',NULL,'2006-09-20 12:53:53',39,39,207,NULL,10,'Called Description in the DCMI Registry.',22,NULL,'en',1),
 (680,'2006-09-20 12:54:49','2006-09-20 12:54:49',NULL,'2006-09-20 12:54:49',39,39,210,NULL,1,'Issued',22,NULL,'en',1),
 (681,'2006-09-20 12:55:13','2006-09-20 12:55:13',NULL,'2006-09-20 12:55:13',39,39,210,NULL,10,'Called Issued in the DCMI Registry.',22,NULL,'en',1),
 (682,'2006-09-20 12:55:55','2006-09-20 12:55:55',NULL,'2006-09-20 12:55:55',39,39,208,NULL,1,'IsDefinedBy',22,NULL,'en',1),
 (683,'2006-09-20 12:56:17','2006-09-20 12:56:17',NULL,'2006-09-20 12:56:17',39,39,208,NULL,10,'Called IsDefinedBy in the DCMI Registry.',22,NULL,'en',1),
 (684,'2006-09-20 12:57:29','2006-09-20 12:57:29',NULL,'2006-09-20 12:57:29',39,39,211,NULL,1,'Last Updated',22,NULL,'en',1),
 (685,'2006-09-20 12:57:50','2006-09-20 12:57:50',NULL,'2006-09-20 12:57:50',39,39,211,NULL,10,'Called Modified in the DCMI Registry.',22,NULL,'en',1),
 (686,'2006-09-20 13:53:11','2006-09-20 13:53:11',NULL,'2006-09-20 13:53:11',39,39,209,NULL,1,'Type',22,NULL,'en',1),
 (687,'2006-09-20 13:53:39','2006-09-20 13:53:39',NULL,'2006-09-20 13:53:39',39,39,209,NULL,10,'Called Type in DCMI Registry.',22,NULL,'en',1),
 (688,'2006-09-20 15:10:55','2006-09-20 15:10:55',NULL,'2006-09-20 15:10:55',36,36,214,1,19,'URI',NULL,NULL,'en',1),
 (689,'2006-09-20 15:11:04','2006-09-20 15:11:04',NULL,'2006-09-20 15:11:04',36,36,215,1,19,'Name',NULL,NULL,'en',1),
 (690,'2006-09-20 15:11:21','2006-09-20 15:11:21',NULL,'2006-09-20 15:11:21',36,36,216,1,19,'SourceLabel',NULL,NULL,'en',1),
 (691,'2006-09-20 15:11:43','2006-09-20 15:11:43',NULL,'2006-09-20 15:11:43',36,36,217,1,19,'APLabel',NULL,NULL,'en',1),
 (692,'2006-09-20 15:12:02','2006-09-20 15:12:02',NULL,'2006-09-20 15:12:02',36,36,218,1,19,'SourceDefinition',NULL,NULL,'en',1),
 (693,'2006-09-20 15:12:12','2006-09-20 15:12:12',NULL,'2006-09-20 15:12:12',36,36,219,1,19,'UsageInThisDCAP',NULL,NULL,'en',1),
 (694,'2006-09-20 15:12:29','2006-09-20 15:12:29',NULL,'2006-09-20 15:12:29',36,36,220,1,19,'Comments',NULL,NULL,'en',1),
 (695,'2006-09-20 15:12:42','2006-09-20 15:12:42',NULL,'2006-09-20 15:12:42',36,36,221,1,19,'DefinedBy',NULL,NULL,'en',1),
 (696,'2006-09-20 15:12:49','2006-09-20 15:12:49',NULL,'2006-09-20 15:12:49',36,36,222,1,19,'TypeOfTerm',NULL,NULL,'en',1),
 (697,'2006-09-20 15:13:01','2006-09-20 15:13:01',NULL,'2006-09-20 15:13:01',36,36,223,1,19,'DateCreated',NULL,NULL,'en',1),
 (698,'2006-09-20 15:13:08','2006-09-20 15:13:08',NULL,'2006-09-20 15:13:08',36,36,224,1,19,'LastUpdated',NULL,NULL,'en',1),
 (699,'2006-09-20 15:13:20','2006-09-20 15:13:20',NULL,'2006-09-20 15:13:20',36,36,225,1,19,'Refines',NULL,NULL,'en',1),
 (700,'2006-09-20 15:13:27','2006-09-20 15:13:27',NULL,'2006-09-20 15:13:27',36,36,226,1,19,'RefinedBy',NULL,NULL,'en',1),
 (701,'2006-09-20 15:13:41','2006-09-20 15:13:41',NULL,'2006-09-20 15:13:41',36,36,227,1,19,'EncodingSchemeFor',NULL,NULL,'en',1),
 (702,'2006-09-20 15:13:58','2006-09-20 15:13:58',NULL,'2006-09-20 15:13:58',36,36,228,1,19,'UsesEncodingScheme',NULL,NULL,'en',1),
 (703,'2006-09-20 15:14:55','2006-09-20 15:14:55',NULL,'2006-09-20 15:14:55',36,36,229,1,19,'ValueURI',NULL,NULL,'en',1),
 (704,'2006-09-20 15:15:18','2006-09-20 15:15:18',NULL,'2006-09-20 15:15:18',36,36,230,1,19,'ValueString',NULL,NULL,'en',1),
 (705,'2006-09-20 15:15:32','2006-09-20 15:15:32',NULL,'2006-09-20 15:15:32',36,36,231,1,19,'RichRepresentation',NULL,NULL,'en',1),
 (706,'2006-09-20 15:15:44','2006-09-20 15:15:44',NULL,'2006-09-20 15:15:44',36,36,232,1,19,'Obligation',NULL,NULL,'en',1),
 (707,'2006-09-20 15:15:50','2006-09-20 15:15:50',NULL,'2006-09-20 15:15:50',36,36,233,1,19,'Condition',NULL,NULL,'en',1),
 (708,'2006-09-20 15:15:58','2006-09-20 15:15:58',NULL,'2006-09-20 15:15:58',36,36,234,1,19,'Occurrence',NULL,NULL,'en',1),
 (709,'2006-09-20 15:17:32','2006-09-20 15:17:32',NULL,'2006-09-20 15:17:32',36,36,230,NULL,3,'http://metadataregistry.org/uri//NSDLAP/1015',23,228,'en',1),
 (710,'2006-09-20 15:17:32','2006-09-20 15:17:32',NULL,'2006-09-20 15:17:32',36,36,228,NULL,16,'http://metadataregistry.org/uri//NSDLAP/1017',23,230,'en',1),
 (711,'2006-09-20 15:17:52','2006-09-20 15:17:52',NULL,'2006-09-20 15:17:52',36,36,230,NULL,3,'http://metadataregistry.org/uri//NSDLAP/1015',23,228,'en',1),
 (712,'2006-09-20 15:17:52','2006-09-20 15:17:52',NULL,'2006-09-20 15:17:52',36,36,228,NULL,16,'http://metadataregistry.org/uri//NSDLAP/1017',23,230,'en',1),
 (713,'2006-09-20 15:18:08','2006-09-20 15:18:08',NULL,'2006-09-20 15:18:08',36,36,231,NULL,3,'http://metadataregistry.org/uri//NSDLAP/1015',23,228,'en',1),
 (714,'2006-09-20 15:18:08','2006-09-20 15:18:08',NULL,'2006-09-20 15:18:08',36,36,228,NULL,16,'http://metadataregistry.org/uri//NSDLAP/1018',23,231,'en',1),
 (715,'2006-09-20 15:19:06','2006-09-20 15:19:06',NULL,'2006-09-20 15:19:06',36,36,228,NULL,1,'UsesVocabularyEncodingScheme',23,NULL,'en',1),
 (716,'2006-09-20 15:19:29','2006-09-20 15:19:29',NULL,'2006-09-20 15:19:29',36,36,228,NULL,1,'HasEncodingScheme',23,NULL,'en',1),
 (717,'2006-09-20 15:20:07','2006-09-20 15:20:07',NULL,'2006-09-20 15:20:07',36,36,228,NULL,10,'CEN Guidelines use HasEncodingScheme; DC CD AP uses UsesVocabularyEncodingScheme. Definition from CEN CWA14855.     ',23,NULL,'en',1),
 (720,'2006-09-30 13:44:21','2006-09-30 13:44:21',NULL,'2006-09-30 13:44:21',36,36,219,NULL,22,'The AP definition is optional for APs, but when used must not constitute an expansion in the definition of the property as defined in the native schema.',NULL,NULL,'en',1),
 (721,'2006-09-30 13:45:42','2006-09-30 13:45:42',NULL,'2006-09-30 13:45:42',36,36,217,NULL,1,'LabelInThisDCAP',NULL,NULL,'en',1),
 (722,'2006-09-30 13:46:36','2006-09-30 13:46:36',NULL,'2006-09-30 13:46:36',36,36,217,NULL,10,'LabelInThisDCAP used by the DC CD AP.',NULL,NULL,'en',1),
 (723,'2006-09-30 13:54:32','2006-09-30 13:54:32',NULL,'2006-09-30 13:54:32',36,36,233,NULL,5,'Describes the condition or conditions according to which a value shall be present.',NULL,NULL,'en',1),
 (724,'2006-09-30 13:55:15','2006-09-30 13:55:15',NULL,'2006-09-30 13:55:15',36,36,233,NULL,10,'Definition from CEN CWA14855.',NULL,NULL,'en',1),
 (725,'2006-09-30 13:57:28','2006-09-30 13:57:28',NULL,'2006-09-30 13:57:28',36,36,232,NULL,5,'Indicates whether the element is required to always or sometimes be present (i.e., contain a value). ',NULL,NULL,'en',1),
 (726,'2006-09-30 13:58:05','2006-09-30 13:58:05',NULL,'2006-09-30 13:58:05',36,36,232,NULL,10,'Definition from CEN CWA14855. Second sentence omitted.',NULL,NULL,'en',1),
 (727,'2006-09-30 14:00:12','2006-09-30 14:00:12',NULL,'2006-09-30 14:00:12',36,36,234,NULL,5,'Indicates any limit to the repeatability of the element.',NULL,NULL,'en',1),
 (728,'2006-09-30 14:00:51','2006-09-30 14:00:51',NULL,'2006-09-30 14:00:51',36,36,234,NULL,10,'Definition from CEN CWA14855.',NULL,NULL,'en',1),
 (729,'2006-09-30 14:03:06','2006-09-30 14:03:06',NULL,'2006-09-30 14:03:06',36,36,223,NULL,1,'Issued',NULL,NULL,'en',1),
 (730,'2006-09-30 14:03:18','2006-09-30 14:03:18',NULL,'2006-09-30 14:03:18',36,36,223,NULL,1,'DateIssued',NULL,NULL,'en',1),
 (731,'2006-09-30 14:03:39','2006-09-30 14:03:40',NULL,'2006-09-30 14:03:40',36,36,223,NULL,10,'Issued used by DCMI Registry.',NULL,NULL,'en',1),
 (732,'2006-09-30 14:05:53','2006-09-30 14:05:53',NULL,'2006-09-30 14:05:53',36,36,224,NULL,10,'Modified used by DCMI Registry--not clear whether the same property.',NULL,NULL,'en',1),
 (733,'2006-09-30 14:07:04','2006-09-30 14:07:04',NULL,'2006-09-30 14:07:04',36,36,215,NULL,1,'QualifiedName',NULL,NULL,'en',1),
 (734,'2006-09-30 14:07:49','2006-09-30 14:07:49',NULL,'2006-09-30 14:07:49',36,36,215,NULL,10,'QualifiedName used in the DC CD AP.  Definition from CEN CWA14855.',NULL,NULL,'en',1),
 (735,'2006-09-30 14:08:53','2006-09-30 14:08:53',NULL,'2006-09-30 14:08:53',36,36,222,NULL,1,'Type',NULL,NULL,'en',1),
 (736,'2006-09-30 14:09:15','2006-09-30 14:09:15',NULL,'2006-09-30 14:09:15',36,36,222,NULL,10,'Type used in DCMI Registry.  Definition from CEN CWA14855.',NULL,NULL,'en',1),
 (737,'2006-09-30 14:12:07','2006-09-30 14:12:07',NULL,'2006-09-30 14:12:07',36,36,226,NULL,5,'The described term semantically refines the referenced term.',NULL,NULL,'en',1),
 (738,'2006-09-30 14:13:21','2006-09-30 14:13:21',NULL,'2006-09-30 14:13:21',36,36,226,NULL,10,'Definition from CEN CWA14855.',NULL,NULL,'en',1),
 (739,'2006-09-30 15:44:13','2006-09-30 15:44:13',NULL,'2006-09-30 15:44:13',36,36,227,NULL,5,'The described term, an Encoding Scheme, qualifies the referenced term.',NULL,NULL,'en',1),
 (740,'2006-09-30 15:44:44','2006-09-30 15:44:44',NULL,'2006-09-30 15:44:44',36,36,227,NULL,10,'Definition from CEN CWA14855.',NULL,NULL,'en',1),
 (741,'2006-09-30 15:47:31','2006-09-30 15:47:31',NULL,'2006-09-30 15:47:31',36,36,228,NULL,5,'The described term is qualified by the referenced Encoding Scheme.',NULL,NULL,'en',1),
 (742,'2006-09-30 15:49:49','2006-09-30 15:49:49',NULL,'2006-09-30 15:49:49',36,36,218,NULL,1,'Definition',NULL,NULL,'en',1),
 (743,'2006-09-30 15:52:14','2006-09-30 15:52:14',NULL,'2006-09-30 15:52:14',36,36,218,NULL,5,'A statement that represents the concept and essential nature of the term.',NULL,NULL,'en',1),
 (744,'2006-09-30 15:55:31','2006-09-30 15:55:31',NULL,'2006-09-30 15:55:31',36,36,218,NULL,10,'Definition from CEN CWA14855. ',NULL,NULL,'en',1),
 (745,'2006-09-30 15:58:51','2006-09-30 15:58:51',NULL,'2006-09-30 15:58:51',36,36,220,NULL,5,'Additional information about the term or its application.',NULL,NULL,'en',1),
 (746,'2006-09-30 15:59:12','2006-09-30 15:59:12',NULL,'2006-09-30 15:59:12',36,36,220,NULL,10,'Definition from CEN CWA14855.',NULL,NULL,'en',1),
 (747,'2006-09-30 16:00:35','2006-09-30 16:00:35',NULL,'2006-09-30 16:00:35',36,36,222,NULL,5,'A grammatical category of the term (e.g., \"Element\", \"Element Refinement\", or \"Encoding Scheme\").',NULL,NULL,'en',1),
 (748,'2006-09-30 16:02:17','2006-09-30 16:02:17',NULL,'2006-09-30 16:02:17',36,36,214,NULL,1,'TermURI',NULL,NULL,'en',1),
 (749,'2006-09-30 16:02:35','2006-09-30 16:02:35',NULL,'2006-09-30 16:02:35',36,36,214,NULL,5,'A Uniform Resource Identifier used to identify the term.',NULL,NULL,'en',1),
 (750,'2006-09-30 16:03:27','2006-09-30 16:03:27',NULL,'2006-09-30 16:03:27',36,36,214,NULL,10,'Definition from CEN CWA14855.',NULL,NULL,'en',1),
 (751,'2006-09-30 16:04:13','2006-09-30 16:04:13',NULL,'2006-09-30 16:04:13',36,36,215,NULL,5,'A unique token assigned to the term.',NULL,NULL,'en',1),
 (752,'2006-09-30 16:06:09','2006-09-30 16:06:09',NULL,'2006-09-30 16:06:09',36,36,216,NULL,5,'A human-readable label assigned to the term.',NULL,NULL,'en',1),
 (753,'2006-09-30 16:07:46','2006-09-30 16:07:46',NULL,'2006-09-30 16:07:46',36,36,216,NULL,10,'Definition from CEN CWA14855. DCMI Registry and CEN use Label.',NULL,NULL,'en',1),
 (754,'2006-09-30 16:08:21','2006-09-30 16:08:21',NULL,'2006-09-30 16:08:21',36,36,216,NULL,1,'Label',NULL,NULL,'en',1),
 (755,'2006-09-30 16:10:10','2006-09-30 16:10:10',NULL,'2006-09-30 16:10:10',36,36,221,NULL,5,'An identifier of a namespace, pointer to a schema, or bibliographic reference for a document within which the term is defined.',NULL,NULL,'en',1),
 (756,'2006-09-30 16:11:21','2006-09-30 16:11:21',NULL,'2006-09-30 16:11:21',36,36,221,NULL,10,'Definition from CEN CWA14855.',NULL,NULL,'en',1),
 (757,'2006-10-01 18:06:59','2006-10-01 18:06:59',NULL,'2006-10-01 18:06:59',36,36,219,NULL,5,'A description of how the property is to be applied in a description of a resource of the specified type. This information supplements the definition of the property provided by its owner/maintenance agency.',NULL,NULL,'en',1),
 (758,'2006-10-01 18:07:26','2006-10-01 18:07:26',NULL,'2006-10-01 18:07:26',36,36,219,NULL,10,'Definition from DC CD AP.',NULL,NULL,'en',1),
 (759,'2006-10-02 10:16:36','2006-10-02 10:16:36',NULL,'2006-10-02 10:16:36',38,38,235,1,19,'Assessment',NULL,NULL,'en',1),
 (760,'2006-10-02 10:16:52','2006-10-02 10:16:52',NULL,'2006-10-02 10:16:52',38,38,236,1,19,'Student Groupings',NULL,NULL,'en',1),
 (761,'2006-10-02 10:17:12','2006-10-02 10:17:12',NULL,'2006-10-02 10:17:12',38,38,237,1,19,'Teaching Methods',NULL,NULL,'en',1),
 (762,'2006-10-02 10:18:39','2006-10-02 10:18:39',NULL,'2006-10-02 10:18:39',38,38,238,1,19,'Alternative assessment',NULL,NULL,'en',1),
 (763,'2006-10-02 10:18:57','2006-10-02 10:18:57',NULL,'2006-10-02 10:18:57',38,38,239,1,19,'Authentic assessment',NULL,NULL,'en',1),
 (764,'2006-10-02 10:19:19','2006-10-02 10:19:19',NULL,'2006-10-02 10:19:19',38,38,240,1,19,'Curriculum based assessment',NULL,NULL,'en',1),
 (765,'2006-10-02 10:19:32','2006-10-02 10:19:32',NULL,'2006-10-02 10:19:32',38,38,241,1,19,'Informal assessment',NULL,NULL,'en',1),
 (766,'2006-10-02 10:19:46','2006-10-02 10:19:46',NULL,'2006-10-02 10:19:46',38,38,242,1,19,'Observation',NULL,NULL,'en',1),
 (767,'2006-10-02 10:20:00','2006-10-02 10:20:00',NULL,'2006-10-02 10:20:00',38,38,243,1,19,'Peer evaluation',NULL,NULL,'en',1),
 (768,'2006-10-02 10:21:02','2006-10-02 10:21:02',NULL,'2006-10-02 10:21:02',38,38,244,1,19,'Portfolio assessment',NULL,NULL,'en',1),
 (769,'2006-10-02 10:21:13','2006-10-02 10:21:13',NULL,'2006-10-02 10:21:13',38,38,245,1,19,'Self evaluation',NULL,NULL,'en',1),
 (771,'2006-10-02 10:21:51','2006-10-02 10:21:51',NULL,'2006-10-02 10:21:51',38,38,247,1,19,'Testing',NULL,NULL,'en',1),
 (772,'2006-10-02 10:27:51','2006-10-02 10:27:51',NULL,'2006-10-02 10:27:51',38,38,238,NULL,3,'http://metadataregistry.org/uri//InstMethod/1001',24,235,'en',1),
 (773,'2006-10-02 10:27:51','2006-10-02 10:27:51',NULL,'2006-10-02 10:27:51',38,38,235,NULL,16,'http://metadataregistry.org/uri//InstMethod/1005',24,238,'en',1),
 (774,'2006-10-02 10:28:07','2006-10-02 10:28:07',NULL,'2006-10-02 10:28:07',38,38,239,NULL,3,'http://metadataregistry.org/uri//InstMethod/1001',24,235,'en',1),
 (775,'2006-10-02 10:28:07','2006-10-02 10:28:07',NULL,'2006-10-02 10:28:07',38,38,235,NULL,16,'http://metadataregistry.org/uri//InstMethod/1006',24,239,'en',1),
 (776,'2006-10-02 10:28:19','2006-10-02 10:28:19',NULL,'2006-10-02 10:28:19',38,38,240,NULL,3,'http://metadataregistry.org/uri//InstMethod/1001',24,235,'en',1),
 (777,'2006-10-02 10:28:19','2006-10-02 10:28:19',NULL,'2006-10-02 10:28:19',38,38,235,NULL,16,'http://metadataregistry.org/uri//InstMethod/1007',24,240,'en',1),
 (778,'2006-10-02 10:28:29','2006-10-02 10:28:29',NULL,'2006-10-02 10:28:29',38,38,241,NULL,3,'http://metadataregistry.org/uri//InstMethod/1001',24,235,'en',1),
 (779,'2006-10-02 10:28:29','2006-10-02 10:28:29',NULL,'2006-10-02 10:28:29',38,38,235,NULL,16,'http://metadataregistry.org/uri//InstMethod/1008',24,241,'en',1),
 (780,'2006-10-02 10:28:43','2006-10-02 10:28:43',NULL,'2006-10-02 10:28:43',38,38,242,NULL,3,'http://metadataregistry.org/uri//InstMethod/1001',24,235,'en',1),
 (781,'2006-10-02 10:28:43','2006-10-02 10:28:43',NULL,'2006-10-02 10:28:43',38,38,235,NULL,16,'http://metadataregistry.org/uri//InstMethod/1009',24,242,'en',1),
 (782,'2006-10-02 10:33:29','2006-10-02 10:33:29',NULL,'2006-10-02 10:33:29',38,38,243,NULL,3,'http://metadataregistry.org/uri//InstMethod/1001',24,235,'en',1),
 (783,'2006-10-02 10:33:29','2006-10-02 10:33:29',NULL,'2006-10-02 10:33:29',38,38,235,NULL,16,'http://metadataregistry.org/uri//InstMethod/1010',24,243,'en',1),
 (784,'2006-10-02 10:33:41','2006-10-02 10:33:41',NULL,'2006-10-02 10:33:41',38,38,244,NULL,3,'http://metadataregistry.org/uri//InstMethod/1001',24,235,'en',1),
 (785,'2006-10-02 10:33:41','2006-10-02 10:33:41',NULL,'2006-10-02 10:33:41',38,38,235,NULL,16,'http://metadataregistry.org/uri//InstMethod/1012',24,244,'en',1),
 (786,'2006-10-02 10:34:10','2006-10-02 10:34:10',NULL,'2006-10-02 10:34:10',38,38,245,NULL,3,'http://metadataregistry.org/uri//InstMethod/1001',24,235,'en',1),
 (787,'2006-10-02 10:34:10','2006-10-02 10:34:10',NULL,'2006-10-02 10:34:10',38,38,235,NULL,16,'http://metadataregistry.org/uri//InstMethod/1013',24,245,'en',1),
 (794,'2006-10-02 10:35:04','2006-10-02 10:35:04',NULL,'2006-10-02 10:35:04',38,38,247,NULL,3,'http://metadataregistry.org/uri//InstMethod/1001',24,235,'en',1),
 (795,'2006-10-02 10:35:05','2006-10-02 10:35:05',NULL,'2006-10-02 10:35:05',38,38,235,NULL,16,'http://metadataregistry.org/uri//InstMethod/1015',24,247,'en',1),
 (796,'2006-10-02 10:40:04','2006-10-02 10:40:04',NULL,'2006-10-02 10:40:04',38,38,248,1,19,'Cross age teaching',NULL,NULL,'en',1),
 (797,'2006-10-02 10:40:14','2006-10-02 10:40:14',NULL,'2006-10-02 10:40:14',38,38,249,1,19,'Heterogeneous grouping',NULL,NULL,'en',1),
 (798,'2006-10-02 10:40:25','2006-10-02 10:40:25',NULL,'2006-10-02 10:40:25',38,38,250,1,19,'Homogeneous grouping',NULL,NULL,'en',1),
 (799,'2006-10-02 10:43:37','2006-10-02 10:43:37',NULL,'2006-10-02 10:43:37',38,38,251,1,19,'Individualized instruction',NULL,NULL,'en',1),
 (800,'2006-10-02 10:43:59','2006-10-02 10:43:59',NULL,'2006-10-02 10:43:59',38,38,252,1,19,'Large Group instruction',NULL,NULL,'en',1),
 (801,'2006-10-02 10:44:13','2006-10-02 10:44:13',NULL,'2006-10-02 10:44:13',38,38,253,1,19,'Non-graded instructional grouping',NULL,NULL,'en',1),
 (802,'2006-10-02 10:44:25','2006-10-02 10:44:25',NULL,'2006-10-02 10:44:25',38,38,254,1,19,'Small group instruction',NULL,NULL,'en',1),
 (803,'2006-10-02 10:46:41','2006-10-02 10:46:41',NULL,'2006-10-02 10:46:41',38,38,248,NULL,3,'http://metadataregistry.org/uri//InstMethod/1002',24,236,'en',1),
 (804,'2006-10-02 10:46:41','2006-10-02 10:46:41',NULL,'2006-10-02 10:46:41',38,38,236,NULL,16,'http://metadataregistry.org/uri//InstMethod/1018',24,248,'en',1),
 (805,'2006-10-02 10:47:08','2006-10-02 10:47:08',NULL,'2006-10-02 10:47:08',38,38,249,NULL,3,'http://metadataregistry.org/uri//InstMethod/1002',24,236,'en',1),
 (806,'2006-10-02 10:47:08','2006-10-02 10:47:08',NULL,'2006-10-02 10:47:08',38,38,236,NULL,16,'http://metadataregistry.org/uri//InstMethod/1019',24,249,'en',1),
 (807,'2006-10-02 10:47:22','2006-10-02 10:47:22',NULL,'2006-10-02 10:47:22',38,38,250,NULL,3,'http://metadataregistry.org/uri//InstMethod/1002',24,236,'en',1),
 (808,'2006-10-02 10:47:22','2006-10-02 10:47:22',NULL,'2006-10-02 10:47:22',38,38,236,NULL,16,'http://metadataregistry.org/uri//InstMethod/1020',24,250,'en',1),
 (809,'2006-10-02 10:47:36','2006-10-02 10:47:36',NULL,'2006-10-02 10:47:36',38,38,251,NULL,3,'http://metadataregistry.org/uri//InstMethod/1002',24,236,'en',1),
 (810,'2006-10-02 10:47:36','2006-10-02 10:47:36',NULL,'2006-10-02 10:47:36',38,38,236,NULL,16,'http://metadataregistry.org/uri//InstMethod/1023',24,251,'en',1),
 (811,'2006-10-02 10:48:13','2006-10-02 10:48:13',NULL,'2006-10-02 10:48:13',38,38,252,NULL,3,'http://metadataregistry.org/uri//InstMethod/1002',24,236,'en',1),
 (812,'2006-10-02 10:48:13','2006-10-02 10:48:13',NULL,'2006-10-02 10:48:13',38,38,236,NULL,16,'http://metadataregistry.org/uri//InstMethod/1024',24,252,'en',1),
 (813,'2006-10-02 10:48:24','2006-10-02 10:48:24',NULL,'2006-10-02 10:48:24',38,38,253,NULL,3,'http://metadataregistry.org/uri//InstMethod/1002',24,236,'en',1),
 (814,'2006-10-02 10:48:24','2006-10-02 10:48:24',NULL,'2006-10-02 10:48:24',38,38,236,NULL,16,'http://metadataregistry.org/uri//InstMethod/1025',24,253,'en',1),
 (815,'2006-10-02 10:48:41','2006-10-02 10:48:41',NULL,'2006-10-02 10:48:41',38,38,254,NULL,3,'http://metadataregistry.org/uri//InstMethod/1002',24,236,'en',1),
 (816,'2006-10-02 10:48:41','2006-10-02 10:48:41',NULL,'2006-10-02 10:48:41',38,38,236,NULL,16,'http://metadataregistry.org/uri//InstMethod/1026',24,254,'en',1),
 (817,'2006-10-02 10:50:58','2006-10-02 10:50:58',NULL,'2006-10-02 10:50:58',38,38,255,1,19,'Brainstorming',NULL,NULL,'en',1),
 (818,'2006-10-02 10:51:07','2006-10-02 10:51:07',NULL,'2006-10-02 10:51:07',38,38,256,1,19,'Computer assisted instruction',NULL,NULL,'en',1),
 (819,'2006-10-02 10:51:16','2006-10-02 10:51:16',NULL,'2006-10-02 10:51:16',38,38,257,1,19,'Computer simulations',NULL,NULL,'en',1),
 (820,'2006-10-02 10:51:27','2006-10-02 10:51:27',NULL,'2006-10-02 10:51:27',38,38,258,1,19,'Contingency management',NULL,NULL,'en',1),
 (821,'2006-10-02 10:51:37','2006-10-02 10:51:37',NULL,'2006-10-02 10:51:37',38,38,259,1,19,'Cooperative learning',NULL,NULL,'en',1),
 (822,'2006-10-02 10:51:45','2006-10-02 10:51:45',NULL,'2006-10-02 10:51:45',38,38,260,1,19,'Demonstrations',NULL,NULL,'en',1),
 (823,'2006-10-02 10:51:56','2006-10-02 10:51:56',NULL,'2006-10-02 10:51:56',38,38,261,1,19,'Dialog journals',NULL,NULL,'en',1),
 (824,'2006-10-02 10:52:05','2006-10-02 10:52:05',NULL,'2006-10-02 10:52:05',38,38,262,1,19,'Discovery learning',NULL,NULL,'en',1),
 (825,'2006-10-02 10:52:15','2006-10-02 10:52:15',NULL,'2006-10-02 10:52:15',38,38,263,1,19,'Discussions',NULL,NULL,'en',1),
 (826,'2006-10-02 10:52:26','2006-10-02 10:52:26',NULL,'2006-10-02 10:52:26',38,38,264,1,19,'Dramatic play drills',NULL,NULL,'en',1),
 (827,'2006-10-02 10:52:35','2006-10-02 10:52:35',NULL,'2006-10-02 10:52:35',38,38,265,1,19,'Experiential learning',NULL,NULL,'en',1),
 (828,'2006-10-02 10:52:45','2006-10-02 10:52:45',NULL,'2006-10-02 10:52:45',38,38,266,1,19,'Guided design',NULL,NULL,'en',1),
 (829,'2006-10-02 10:52:54','2006-10-02 10:52:54',NULL,'2006-10-02 10:52:54',38,38,267,1,19,'Hands-on learning',NULL,NULL,'en',1),
 (830,'2006-10-02 10:53:05','2006-10-02 10:53:05',NULL,'2006-10-02 10:53:05',38,38,268,1,19,'Interdisciplinary ',NULL,NULL,'en',1),
 (831,'2006-10-02 10:54:22','2006-10-02 10:54:22',NULL,'2006-10-02 10:54:22',38,38,269,1,19,'Integrated instruction',NULL,NULL,'en',1),
 (832,'2006-10-02 10:54:30','2006-10-02 10:54:30',NULL,'2006-10-02 10:54:30',38,38,270,1,19,'Lab procedures',NULL,NULL,'en',1),
 (833,'2006-10-02 10:54:47','2006-10-02 10:54:47',NULL,'2006-10-02 10:54:47',38,38,271,1,19,'Learning modules',NULL,NULL,'en',1),
 (834,'2006-10-02 10:54:59','2006-10-02 10:54:59',NULL,'2006-10-02 10:54:59',38,38,272,1,19,'Lecture',NULL,NULL,'en',1),
 (835,'2006-10-02 10:55:10','2006-10-02 10:55:10',NULL,'2006-10-02 10:55:10',38,38,273,1,19,'Montessori Method',NULL,NULL,'en',1),
 (836,'2006-10-02 10:55:20','2006-10-02 10:55:20',NULL,'2006-10-02 10:55:20',38,38,274,1,19,'Multiple activities',NULL,NULL,'en',1),
 (837,'2006-10-02 10:55:29','2006-10-02 10:55:29',NULL,'2006-10-02 10:55:29',38,38,275,1,19,'Multimedia instruction',NULL,NULL,'en',1),
 (838,'2006-10-02 10:55:38','2006-10-02 10:55:38',NULL,'2006-10-02 10:55:38',38,38,276,1,19,'Museum education',NULL,NULL,'en',1),
 (839,'2006-10-02 10:55:47','2006-10-02 10:55:47',NULL,'2006-10-02 10:55:47',38,38,277,1,19,'Peer Tutoring',NULL,NULL,'en',1),
 (840,'2006-10-02 10:55:57','2006-10-02 10:55:57',NULL,'2006-10-02 10:55:57',38,38,278,1,19,'Programmed instruction',NULL,NULL,'en',1),
 (841,'2006-10-02 10:56:06','2006-10-02 10:56:06',NULL,'2006-10-02 10:56:06',38,38,279,1,19,'Project-based learning',NULL,NULL,'en',1),
 (842,'2006-10-02 10:56:14','2006-10-02 10:56:14',NULL,'2006-10-02 10:56:14',38,38,280,1,19,'Questioning techniques',NULL,NULL,'en',1),
 (843,'2006-10-02 10:57:56','2006-10-02 10:57:56',NULL,'2006-10-02 10:57:56',38,38,281,1,19,'Role playing',NULL,NULL,'en',1),
 (844,'2006-10-02 10:58:07','2006-10-02 10:58:07',NULL,'2006-10-02 10:58:07',38,38,282,1,19,'Self directed groups',NULL,NULL,'en',1),
 (845,'2006-10-02 10:58:17','2006-10-02 10:58:17',NULL,'2006-10-02 10:58:17',38,38,283,1,19,'Self-paced learning modules',NULL,NULL,'en',1),
 (846,'2006-10-02 10:58:26','2006-10-02 10:58:26',NULL,'2006-10-02 10:58:26',38,38,284,1,19,'Simulations and games',NULL,NULL,'en',1),
 (847,'2006-10-02 10:58:36','2006-10-02 10:58:36',NULL,'2006-10-02 10:58:36',38,38,285,1,19,'Teaching guides',NULL,NULL,'en',1),
 (848,'2006-10-02 10:58:50','2006-10-02 10:58:50',NULL,'2006-10-02 10:58:50',38,38,286,1,19,'Team teaching',NULL,NULL,'en',1),
 (849,'2006-10-02 10:59:00','2006-10-02 10:59:00',NULL,'2006-10-02 10:59:00',38,38,287,1,19,'Thematic approach',NULL,NULL,'en',1),
 (850,'2006-10-02 10:59:08','2006-10-02 10:59:08',NULL,'2006-10-02 10:59:08',38,38,288,1,19,'Tutorial programs',NULL,NULL,'en',1),
 (851,'2006-10-02 10:59:17','2006-10-02 10:59:17',NULL,'2006-10-02 10:59:17',38,38,289,1,19,'Visual instruction',NULL,NULL,'en',1),
 (852,'2006-10-02 10:59:26','2006-10-02 10:59:26',NULL,'2006-10-02 10:59:26',38,38,290,1,19,'Whole language approach',NULL,NULL,'en',1),
 (853,'2006-10-02 11:02:21','2006-10-02 11:02:21',NULL,'2006-10-02 11:02:21',38,38,255,NULL,3,'http://metadataregistry.org/uri//InstMethod/1003',24,237,'en',1),
 (854,'2006-10-02 11:02:21','2006-10-02 11:02:21',NULL,'2006-10-02 11:02:21',38,38,237,NULL,16,'http://metadataregistry.org/uri//InstMethod/1027',24,255,'en',1),
 (855,'2006-10-02 11:02:42','2006-10-02 11:02:42',NULL,'2006-10-02 11:02:42',38,38,256,NULL,3,'http://metadataregistry.org/uri//InstMethod/1003',24,237,'en',1),
 (856,'2006-10-02 11:02:42','2006-10-02 11:02:42',NULL,'2006-10-02 11:02:42',38,38,237,NULL,16,'http://metadataregistry.org/uri//InstMethod/1028',24,256,'en',1),
 (857,'2006-10-02 11:03:14','2006-10-02 11:03:14',NULL,'2006-10-02 11:03:14',38,38,257,NULL,3,'http://metadataregistry.org/uri//InstMethod/1003',24,237,'en',1),
 (858,'2006-10-02 11:03:14','2006-10-02 11:03:14',NULL,'2006-10-02 11:03:14',38,38,237,NULL,16,'http://metadataregistry.org/uri//InstMethod/1029',24,257,'en',1),
 (859,'2006-10-02 11:03:33','2006-10-02 11:03:33',NULL,'2006-10-02 11:03:33',38,38,258,NULL,3,'http://metadataregistry.org/uri//InstMethod/1003',24,237,'en',1),
 (860,'2006-10-02 11:03:33','2006-10-02 11:03:33',NULL,'2006-10-02 11:03:33',38,38,237,NULL,16,'http://metadataregistry.org/uri//InstMethod/1030',24,258,'en',1),
 (861,'2006-10-02 11:03:49','2006-10-02 11:03:49',NULL,'2006-10-02 11:03:49',38,38,259,NULL,3,'http://metadataregistry.org/uri//InstMethod/1003',24,237,'en',1),
 (862,'2006-10-02 11:03:49','2006-10-02 11:03:49',NULL,'2006-10-02 11:03:49',38,38,237,NULL,16,'http://metadataregistry.org/uri//InstMethod/1031',24,259,'en',1),
 (863,'2006-10-02 11:04:12','2006-10-02 11:04:12',NULL,'2006-10-02 11:04:12',38,38,260,NULL,3,'http://metadataregistry.org/uri//InstMethod/1003',24,237,'en',1),
 (864,'2006-10-02 11:04:12','2006-10-02 11:04:12',NULL,'2006-10-02 11:04:12',38,38,237,NULL,16,'http://metadataregistry.org/uri//InstMethod/1032',24,260,'en',1),
 (865,'2006-10-02 11:04:29','2006-10-02 11:04:29',NULL,'2006-10-02 11:04:29',38,38,261,NULL,3,'http://metadataregistry.org/uri//InstMethod/1003',24,237,'en',1),
 (866,'2006-10-02 11:04:29','2006-10-02 11:04:29',NULL,'2006-10-02 11:04:29',38,38,237,NULL,16,'http://metadataregistry.org/uri//InstMethod/1033',24,261,'en',1),
 (867,'2006-10-02 11:04:43','2006-10-02 11:04:43',NULL,'2006-10-02 11:04:43',38,38,262,NULL,3,'http://metadataregistry.org/uri//InstMethod/1003',24,237,'en',1),
 (868,'2006-10-02 11:04:43','2006-10-02 11:04:43',NULL,'2006-10-02 11:04:43',38,38,237,NULL,16,'http://metadataregistry.org/uri//InstMethod/1034',24,262,'en',1);
INSERT INTO `reg_concept_property` (`id`,`created_at`,`updated_at`,`deleted_at`,`last_updated`,`created_user_id`,`updated_user_id`,`concept_id`,`primary_pref_label`,`skos_property_id`,`object`,`scheme_id`,`related_concept_id`,`language`,`status_id`) VALUES
 (869,'2006-10-02 11:05:08','2006-10-02 11:05:08',NULL,'2006-10-02 11:05:08',38,38,263,NULL,3,'http://metadataregistry.org/uri//InstMethod/1003',24,237,'en',1),
 (870,'2006-10-02 11:05:08','2006-10-02 11:05:08',NULL,'2006-10-02 11:05:08',38,38,237,NULL,16,'http://metadataregistry.org/uri//InstMethod/1035',24,263,'en',1),
 (871,'2006-10-02 11:05:34','2006-10-02 11:05:34',NULL,'2006-10-02 11:05:34',38,38,264,NULL,3,'http://metadataregistry.org/uri//InstMethod/1003',24,237,'en',1),
 (872,'2006-10-02 11:05:34','2006-10-02 11:05:34',NULL,'2006-10-02 11:05:34',38,38,237,NULL,16,'http://metadataregistry.org/uri//InstMethod/1036',24,264,'en',1),
 (873,'2006-10-02 11:05:56','2006-10-02 11:05:56',NULL,'2006-10-02 11:05:56',38,38,265,NULL,3,'http://metadataregistry.org/uri//InstMethod/1003',24,237,'en',1),
 (874,'2006-10-02 11:05:56','2006-10-02 11:05:56',NULL,'2006-10-02 11:05:56',38,38,237,NULL,16,'http://metadataregistry.org/uri//InstMethod/1037',24,265,'en',1),
 (875,'2006-10-02 11:06:18','2006-10-02 11:06:18',NULL,'2006-10-02 11:06:18',38,38,266,NULL,3,'http://metadataregistry.org/uri//InstMethod/1003',24,237,'en',1),
 (876,'2006-10-02 11:06:18','2006-10-02 11:06:18',NULL,'2006-10-02 11:06:18',38,38,237,NULL,16,'http://metadataregistry.org/uri//InstMethod/1038',24,266,'en',1),
 (877,'2006-10-02 11:06:40','2006-10-02 11:06:40',NULL,'2006-10-02 11:06:40',38,38,267,NULL,3,'http://metadataregistry.org/uri//InstMethod/1003',24,237,'en',1),
 (878,'2006-10-02 11:06:40','2006-10-02 11:06:40',NULL,'2006-10-02 11:06:40',38,38,237,NULL,16,'http://metadataregistry.org/uri//InstMethod/1039',24,267,'en',1),
 (879,'2006-10-02 11:07:06','2006-10-02 11:07:06',NULL,'2006-10-02 11:07:06',38,38,268,NULL,3,'http://metadataregistry.org/uri//InstMethod/1003',24,237,'en',1),
 (880,'2006-10-02 11:07:06','2006-10-02 11:07:06',NULL,'2006-10-02 11:07:06',38,38,237,NULL,16,'http://metadataregistry.org/uri//InstMethod/1040',24,268,'en',1),
 (881,'2006-10-02 11:07:24','2006-10-02 11:07:24',NULL,'2006-10-02 11:07:24',38,38,269,NULL,3,'http://metadataregistry.org/uri//InstMethod/1003',24,237,'en',1),
 (882,'2006-10-02 11:07:24','2006-10-02 11:07:24',NULL,'2006-10-02 11:07:24',38,38,237,NULL,16,'http://metadataregistry.org/uri//InstMethod/1042',24,269,'en',1),
 (883,'2006-10-02 11:07:54','2006-10-02 11:07:54',NULL,'2006-10-02 11:07:54',38,38,270,NULL,3,'http://metadataregistry.org/uri//InstMethod/1003',24,237,'en',1),
 (884,'2006-10-02 11:07:54','2006-10-02 11:07:54',NULL,'2006-10-02 11:07:54',38,38,237,NULL,16,'http://metadataregistry.org/uri//InstMethod/1043',24,270,'en',1),
 (885,'2006-10-02 11:08:51','2006-10-02 11:08:51',NULL,'2006-10-02 11:08:51',38,38,271,NULL,3,'http://metadataregistry.org/uri//InstMethod/1003',24,237,'en',1),
 (886,'2006-10-02 11:08:51','2006-10-02 11:08:51',NULL,'2006-10-02 11:08:51',38,38,237,NULL,16,'http://metadataregistry.org/uri//InstMethod/1044',24,271,'en',1),
 (887,'2006-10-02 11:09:12','2006-10-02 11:09:12',NULL,'2006-10-02 11:09:12',38,38,272,NULL,3,'http://metadataregistry.org/uri//InstMethod/1003',24,237,'en',1),
 (888,'2006-10-02 11:09:12','2006-10-02 11:09:12',NULL,'2006-10-02 11:09:12',38,38,237,NULL,16,'http://metadataregistry.org/uri//InstMethod/1045',24,272,'en',1),
 (889,'2006-10-02 11:09:31','2006-10-02 11:09:31',NULL,'2006-10-02 11:09:31',38,38,273,NULL,3,'http://metadataregistry.org/uri//InstMethod/1003',24,237,'en',1),
 (890,'2006-10-02 11:09:31','2006-10-02 11:09:31',NULL,'2006-10-02 11:09:31',38,38,237,NULL,16,'http://metadataregistry.org/uri//InstMethod/1046',24,273,'en',1),
 (891,'2006-10-02 11:10:16','2006-10-02 11:10:16',NULL,'2006-10-02 11:10:16',38,38,274,NULL,3,'http://metadataregistry.org/uri//InstMethod/1003',24,237,'en',1),
 (892,'2006-10-02 11:10:16','2006-10-02 11:10:16',NULL,'2006-10-02 11:10:16',38,38,237,NULL,16,'http://metadataregistry.org/uri//InstMethod/1047',24,274,'en',1),
 (893,'2006-10-02 11:10:44','2006-10-02 11:10:44',NULL,'2006-10-02 11:10:44',38,38,275,NULL,3,'http://metadataregistry.org/uri//InstMethod/1003',24,237,'en',1),
 (894,'2006-10-02 11:10:44','2006-10-02 11:10:44',NULL,'2006-10-02 11:10:44',38,38,237,NULL,16,'http://metadataregistry.org/uri//InstMethod/1048',24,275,'en',1),
 (895,'2006-10-02 11:12:09','2006-10-02 11:12:09',NULL,'2006-10-02 11:12:09',38,38,277,NULL,3,'http://metadataregistry.org/uri//InstMethod/1003',24,237,'en',1),
 (896,'2006-10-02 11:12:09','2006-10-02 11:12:09',NULL,'2006-10-02 11:12:09',38,38,237,NULL,16,'http://metadataregistry.org/uri//InstMethod/1050',24,276,'en',1),
 (897,'2006-10-02 11:12:29','2006-10-02 11:12:29',NULL,'2006-10-02 11:12:29',38,38,278,NULL,3,'http://metadataregistry.org/uri//InstMethod/1003',24,237,'en',1),
 (898,'2006-10-02 11:12:29','2006-10-02 11:12:29',NULL,'2006-10-02 11:12:29',38,38,237,NULL,16,'http://metadataregistry.org/uri//InstMethod/1051',24,277,'en',1),
 (899,'2006-10-02 11:12:56','2006-10-02 11:12:56',NULL,'2006-10-02 11:12:56',38,38,279,NULL,3,'http://metadataregistry.org/uri//InstMethod/1003',24,237,'en',1),
 (900,'2006-10-02 11:12:56','2006-10-02 11:12:56',NULL,'2006-10-02 11:12:56',38,38,237,NULL,16,'http://metadataregistry.org/uri//InstMethod/1052',24,279,'en',1),
 (901,'2006-10-02 11:13:17','2006-10-02 11:13:17',NULL,'2006-10-02 11:13:17',38,38,280,NULL,3,'http://metadataregistry.org/uri//InstMethod/1003',24,237,'en',1),
 (902,'2006-10-02 11:13:17','2006-10-02 11:13:17',NULL,'2006-10-02 11:13:17',38,38,237,NULL,16,'http://metadataregistry.org/uri//InstMethod/1053',24,280,'en',1),
 (903,'2006-10-02 11:13:31','2006-10-02 11:13:31',NULL,'2006-10-02 11:13:31',38,38,281,NULL,3,'http://metadataregistry.org/uri//InstMethod/1003',24,237,'en',1),
 (904,'2006-10-02 11:13:31','2006-10-02 11:13:31',NULL,'2006-10-02 11:13:31',38,38,237,NULL,16,'http://metadataregistry.org/uri//InstMethod/1055',24,281,'en',1),
 (905,'2006-10-02 11:13:47','2006-10-02 11:13:47',NULL,'2006-10-02 11:13:47',38,38,282,NULL,3,'http://metadataregistry.org/uri//InstMethod/1003',24,237,'en',1),
 (906,'2006-10-02 11:13:47','2006-10-02 11:13:47',NULL,'2006-10-02 11:13:47',38,38,237,NULL,16,'http://metadataregistry.org/uri//InstMethod/1056',24,282,'en',1),
 (907,'2006-10-02 11:14:17','2006-10-02 11:14:17',NULL,'2006-10-02 11:14:17',38,38,283,NULL,3,'http://metadataregistry.org/uri//InstMethod/1003',24,237,'en',1),
 (908,'2006-10-02 11:14:17','2006-10-02 11:14:17',NULL,'2006-10-02 11:14:17',38,38,237,NULL,16,'http://metadataregistry.org/uri//InstMethod/1057',24,283,'en',1),
 (909,'2006-10-02 11:14:30','2006-10-02 11:14:30',NULL,'2006-10-02 11:14:30',38,38,284,NULL,3,'http://metadataregistry.org/uri//InstMethod/1003',24,237,'en',1),
 (910,'2006-10-02 11:14:30','2006-10-02 11:14:30',NULL,'2006-10-02 11:14:30',38,38,237,NULL,16,'http://metadataregistry.org/uri//InstMethod/1058',24,284,'en',1),
 (911,'2006-10-02 11:14:58','2006-10-02 11:14:58',NULL,'2006-10-02 11:14:58',38,38,285,NULL,3,'http://metadataregistry.org/uri//InstMethod/1003',24,237,'en',1),
 (912,'2006-10-02 11:14:58','2006-10-02 11:14:58',NULL,'2006-10-02 11:14:58',38,38,237,NULL,16,'http://metadataregistry.org/uri//InstMethod/1059',24,285,'en',1),
 (913,'2006-10-02 11:15:18','2006-10-02 11:15:18',NULL,'2006-10-02 11:15:18',38,38,286,NULL,3,'http://metadataregistry.org/uri//InstMethod/1003',24,237,'en',1),
 (914,'2006-10-02 11:15:18','2006-10-02 11:15:18',NULL,'2006-10-02 11:15:18',38,38,237,NULL,16,'http://metadataregistry.org/uri//InstMethod/1060',24,286,'en',1),
 (915,'2006-10-02 11:15:53','2006-10-02 11:15:53',NULL,'2006-10-02 11:15:53',38,38,287,NULL,3,'http://metadataregistry.org/uri//InstMethod/1003',24,237,'en',1),
 (916,'2006-10-02 11:15:53','2006-10-02 11:15:53',NULL,'2006-10-02 11:15:53',38,38,237,NULL,16,'http://metadataregistry.org/uri//InstMethod/1061',24,287,'en',1),
 (917,'2006-10-02 11:16:17','2006-10-02 11:16:17',NULL,'2006-10-02 11:16:17',38,38,288,NULL,3,'http://metadataregistry.org/uri//InstMethod/1003',24,237,'en',1),
 (918,'2006-10-02 11:16:17','2006-10-02 11:16:17',NULL,'2006-10-02 11:16:17',38,38,237,NULL,16,'http://metadataregistry.org/uri//InstMethod/1062',24,288,'en',1),
 (919,'2006-10-02 11:16:34','2006-10-02 11:16:34',NULL,'2006-10-02 11:16:34',38,38,289,NULL,3,'http://metadataregistry.org/uri//InstMethod/1003',24,237,'en',1),
 (920,'2006-10-02 11:16:34','2006-10-02 11:16:34',NULL,'2006-10-02 11:16:34',38,38,237,NULL,16,'http://metadataregistry.org/uri//InstMethod/1063',24,289,'en',1),
 (921,'2006-10-02 11:17:03','2006-10-02 11:17:03',NULL,'2006-10-02 11:17:03',38,38,290,NULL,3,'http://metadataregistry.org/uri//InstMethod/1003',24,237,'en',1),
 (922,'2006-10-02 11:17:03','2006-10-02 11:17:03',NULL,'2006-10-02 11:17:03',38,38,237,NULL,16,'http://metadataregistry.org/uri//InstMethod/1064',24,290,'en',1),
 (923,'2006-10-06 10:29:34','2006-10-06 10:29:34',NULL,'2006-10-06 10:29:34',38,38,291,1,19,'Standardized testing',NULL,NULL,'en',1),
 (924,'2006-10-06 10:30:15','2006-10-06 10:30:15',NULL,'2006-10-06 10:30:15',38,38,291,NULL,3,'http://metadataregistry.org/uri/InstMethod/1001',24,235,'en',1),
 (925,'2006-10-06 10:30:15','2006-10-06 10:30:15',NULL,'2006-10-06 10:30:15',38,38,235,NULL,16,'http://metadataregistry.org/uri/InstMethod/1065',24,291,'en',1),
 (926,'2007-01-20 11:05:14','2007-01-20 11:05:14',NULL,'2007-01-20 11:05:14',39,39,292,1,19,'Education',NULL,NULL,'en',1),
 (927,'2007-01-20 11:08:48','2007-01-20 11:08:48',NULL,'2007-01-20 11:08:48',39,39,293,1,19,'Technology',NULL,NULL,'en',1),
 (928,'2007-01-20 11:09:47','2007-01-20 11:09:47',NULL,'2007-01-20 11:09:47',39,39,294,1,19,'Careers',NULL,NULL,'en',1),
 (929,'2007-01-20 11:10:04','2007-01-20 11:10:04',NULL,'2007-01-20 11:10:04',39,39,295,1,19,'Instructional issues',NULL,NULL,'en',1),
 (930,'2007-01-20 11:25:19','2007-01-20 11:25:19',NULL,'2007-01-20 11:25:19',39,39,296,1,19,'Educational media',NULL,NULL,'en',1),
 (931,'2007-01-20 11:25:47','2007-01-20 11:25:47',NULL,'2007-01-20 11:25:47',39,39,297,1,19,'Integrating technology in the classroom',NULL,NULL,'en',1),
 (932,'2007-01-20 11:26:14','2007-01-20 11:26:14',NULL,'2007-01-20 11:26:14',39,39,298,1,19,'Multimedia education',NULL,NULL,'en',1),
 (933,'2007-01-20 11:26:41','2007-01-20 11:26:41',NULL,'2007-01-20 11:26:41',39,39,299,1,19,'Technology planning',NULL,NULL,'en',1),
 (934,'2007-06-03 14:09:58','2007-06-03 14:09:58',NULL,'2007-06-03 14:09:58',39,39,300,1,19,'Earth science',NULL,NULL,'en',1),
 (935,'2007-06-03 14:10:09','2007-06-03 14:10:09',NULL,'2007-06-03 14:10:09',39,39,301,1,19,'Physical sciences',NULL,NULL,'en',1),
 (936,'2007-06-03 14:10:28','2007-06-03 14:10:28',NULL,'2007-06-03 14:10:28',39,39,302,1,19,'Meteorology',NULL,NULL,'en',1),
 (937,'2007-06-03 14:10:37','2007-06-03 14:10:37',NULL,'2007-06-03 14:10:37',39,39,303,1,19,'Oceanography',NULL,NULL,'en',1),
 (938,'2007-06-03 14:11:03','2007-06-03 14:11:03',NULL,'2007-06-03 14:11:03',39,39,304,1,19,'Astronomy',NULL,NULL,'en',1),
 (939,'2007-06-03 14:11:11','2007-06-03 14:11:11',NULL,'2007-06-03 14:11:11',39,39,305,1,19,'Space sciences',NULL,NULL,'en',1),
 (940,'2007-06-03 14:11:19','2007-06-03 14:11:19',NULL,'2007-06-03 14:11:19',39,39,306,1,19,'Computer science',NULL,NULL,'en',1),
 (941,'2007-06-03 16:08:11','2007-06-03 16:08:11',NULL,'2007-06-03 16:08:11',39,39,307,1,19,'Science',NULL,NULL,'en',1),
 (942,'2007-06-03 17:37:33','2007-06-03 17:37:33',NULL,'2007-06-03 17:37:33',39,39,308,1,19,'Geography',NULL,NULL,'en',1),
 (943,'2007-06-04 10:47:00','2007-06-04 10:47:00',NULL,'2007-06-04 10:47:00',39,39,295,NULL,3,'http://metadataregistry.org/uri//NSDLGEM/1001',25,292,'en',1),
 (944,'2007-06-04 10:47:00','2007-06-04 10:47:00',NULL,'2007-06-04 10:47:00',39,39,292,NULL,16,'http://metadataregistry.org/uri//NSDLGEM/1006',25,295,'en',1),
 (945,'2007-06-04 10:47:20','2007-06-04 10:47:20',NULL,'2007-06-04 10:47:20',39,39,294,NULL,3,'http://metadataregistry.org/uri//NSDLGEM/1001',25,292,'en',1),
 (946,'2007-06-04 10:47:20','2007-06-04 10:47:20',NULL,'2007-06-04 10:47:20',39,39,292,NULL,16,'http://metadataregistry.org/uri//NSDLGEM/1005',25,294,'en',1),
 (947,'2007-06-04 10:48:08','2007-06-04 10:48:08',NULL,'2007-06-04 10:48:08',39,39,309,1,19,'Health',NULL,NULL,'en',1),
 (948,'2007-06-04 10:48:19','2007-06-04 10:48:19',NULL,'2007-06-04 10:48:19',39,39,310,1,19,'Aging',NULL,NULL,'en',1),
 (949,'2007-06-04 10:48:35','2007-06-04 10:48:35',NULL,'2007-06-04 10:48:35',39,39,311,1,19,'Body systems and senses',NULL,NULL,'en',1),
 (950,'2007-06-04 10:48:47','2007-06-04 10:48:47',NULL,'2007-06-04 10:48:47',39,39,312,1,19,'Environmental health',NULL,NULL,'en',1),
 (951,'2007-06-04 10:50:13','2007-06-04 10:50:13',NULL,'2007-06-04 10:50:13',39,39,313,1,19,'Human sexuality',NULL,NULL,'en',1),
 (952,'2007-06-04 10:50:22','2007-06-04 10:50:22',NULL,'2007-06-04 10:50:22',39,39,314,1,19,'Nutrition',NULL,NULL,'en',1),
 (953,'2007-06-11 11:14:16','2007-06-11 11:14:16',NULL,'2007-06-11 11:14:16',39,39,310,NULL,3,'http://metadataregistry.org/uri/NSDLGEM/1025',25,309,'en',1),
 (954,'2007-06-11 11:14:16','2007-06-11 11:14:16',NULL,'2007-06-11 11:14:16',39,39,309,NULL,16,'http://metadataregistry.org/uri/NSDLGEM/1026',25,310,'en',1),
 (955,'2007-06-11 11:15:00','2007-06-11 11:15:00',NULL,'2007-06-11 11:15:00',39,39,311,NULL,3,'http://metadataregistry.org/uri/NSDLGEM/1025',25,309,'en',1),
 (956,'2007-06-11 11:15:00','2007-06-11 11:15:00',NULL,'2007-06-11 11:15:00',39,39,309,NULL,16,'http://metadataregistry.org/uri/NSDLGEM/1027',25,311,'en',1),
 (957,'2007-06-11 11:16:10','2007-06-11 11:16:10',NULL,'2007-06-11 11:16:10',39,39,312,NULL,3,'http://metadataregistry.org/uri/NSDLGEM/1025',25,309,'en',1),
 (958,'2007-06-11 11:16:10','2007-06-11 11:16:10',NULL,'2007-06-11 11:16:10',39,39,309,NULL,16,'http://metadataregistry.org/uri/NSDLGEM/1028',25,312,'en',1),
 (959,'2007-06-11 11:16:30','2007-06-11 11:16:30',NULL,'2007-06-11 11:16:30',39,39,313,NULL,3,'http://metadataregistry.org/uri/NSDLGEM/1025',25,309,'en',1),
 (960,'2007-06-11 11:16:30','2007-06-11 11:16:30',NULL,'2007-06-11 11:16:30',39,39,309,NULL,16,'http://metadataregistry.org/uri/NSDLGEM/1030',25,313,'en',1),
 (961,'2007-06-11 11:16:47','2007-06-11 11:16:47',NULL,'2007-06-11 11:16:47',39,39,314,NULL,3,'http://metadataregistry.org/uri/NSDLGEM/1025',25,309,'en',1),
 (962,'2007-06-11 11:16:47','2007-06-11 11:16:47',NULL,'2007-06-11 11:16:47',39,39,309,NULL,16,'http://metadataregistry.org/uri/NSDLGEM/1031',25,314,'en',1),
 (963,'2007-06-11 14:18:44','2007-06-11 14:18:44',NULL,'2007-06-11 14:18:44',39,39,315,1,19,'Mathematics',NULL,NULL,'en',1),
 (964,'2007-06-11 14:18:59','2007-06-11 14:18:59',NULL,'2007-06-11 14:18:59',39,39,316,1,19,'Algebra',NULL,NULL,'en',1),
 (965,'2007-06-11 14:19:12','2007-06-11 14:19:12',NULL,'2007-06-11 14:19:12',39,39,317,1,19,'Applied mathematics',NULL,NULL,'en',1),
 (966,'2007-06-11 14:19:31','2007-06-11 14:19:31',NULL,'2007-06-11 14:19:31',39,39,318,1,19,'Arithmetic',NULL,NULL,'en',1),
 (967,'2007-06-11 14:19:38','2007-06-11 14:19:38',NULL,'2007-06-11 14:19:38',39,39,319,1,19,'Calculus',NULL,NULL,'en',1),
 (968,'2007-06-11 14:19:50','2007-06-11 14:19:50',NULL,'2007-06-11 14:19:50',39,39,320,1,19,'Discrete mathematics',NULL,NULL,'en',1),
 (969,'2007-06-11 14:19:57','2007-06-11 14:19:57',NULL,'2007-06-11 14:19:57',39,39,321,1,19,'Functions',NULL,NULL,'en',1),
 (970,'2007-06-11 14:20:05','2007-06-11 14:20:05',NULL,'2007-06-11 14:20:05',39,39,322,1,19,'Geometry',NULL,NULL,'en',1),
 (971,'2007-06-11 14:20:17','2007-06-11 14:20:17',NULL,'2007-06-11 14:20:17',39,39,323,1,19,'Measurement',NULL,NULL,'en',1),
 (972,'2007-06-11 14:20:30','2007-06-11 14:20:30',NULL,'2007-06-11 14:20:30',39,39,324,1,19,'Number sense',NULL,NULL,'en',1),
 (973,'2007-06-11 14:20:41','2007-06-11 14:20:41',NULL,'2007-06-11 14:20:41',39,39,325,1,19,'Number theory',NULL,NULL,'en',1),
 (974,'2007-06-11 14:20:51','2007-06-11 14:20:51',NULL,'2007-06-11 14:20:51',39,39,326,1,19,'Patterns',NULL,NULL,'en',1),
 (975,'2007-06-11 14:20:58','2007-06-11 14:20:58',NULL,'2007-06-11 14:20:58',39,39,327,1,19,'Probability',NULL,NULL,'en',1),
 (976,'2007-06-11 14:21:05','2007-06-11 14:21:05',NULL,'2007-06-11 14:21:05',39,39,328,1,19,'Statistics',NULL,NULL,'en',1),
 (977,'2007-06-11 14:21:18','2007-06-11 14:21:18',NULL,'2007-06-11 14:21:18',39,39,329,1,19,'Trigonometry',NULL,NULL,'en',1),
 (978,'2007-06-11 14:21:42','2007-06-11 14:21:42',NULL,'2007-06-11 14:21:42',39,39,330,1,19,'Agriculture',NULL,NULL,'en',1),
 (979,'2007-06-11 14:22:02','2007-06-11 14:22:02',NULL,'2007-06-11 14:22:02',39,39,331,1,19,'Biological and life sciences',NULL,NULL,'en',1),
 (980,'2007-06-11 14:23:11','2007-06-11 14:23:11',NULL,'2007-06-11 14:23:11',39,39,332,1,19,'Biology',NULL,NULL,'en',1),
 (981,'2007-06-11 14:23:20','2007-06-11 14:23:20',NULL,'2007-06-11 14:23:20',39,39,333,1,19,'Botany',NULL,NULL,'en',1),
 (982,'2007-06-11 14:23:28','2007-06-11 14:23:28',NULL,'2007-06-11 14:23:28',39,39,334,1,19,'Chemistry',NULL,NULL,'en',1),
 (983,'2007-06-11 14:23:58','2007-06-11 14:23:58',NULL,'2007-06-11 14:23:58',39,39,335,1,19,'Ecology',NULL,NULL,'en',1),
 (984,'2007-06-11 14:24:07','2007-06-11 14:24:07',NULL,'2007-06-11 14:24:07',39,39,336,1,19,'Embryology',NULL,NULL,'en',1),
 (985,'2007-06-11 14:24:53','2007-06-11 14:24:53',NULL,'2007-06-11 14:24:53',39,39,337,1,19,'Engineering',NULL,NULL,'en',1),
 (986,'2007-06-11 14:25:00','2007-06-11 14:25:00',NULL,'2007-06-11 14:25:00',39,39,338,1,19,'Entomology',NULL,NULL,'en',1),
 (987,'2007-06-11 14:25:11','2007-06-11 14:25:11',NULL,'2007-06-11 14:25:11',39,39,339,1,19,'General science',NULL,NULL,'en',1),
 (988,'2007-06-11 14:25:24','2007-06-11 14:25:24',NULL,'2007-06-11 14:25:24',39,39,340,1,19,'Geology',NULL,NULL,'en',1),
 (989,'2007-06-11 14:25:30','2007-06-11 14:25:30',NULL,'2007-06-11 14:25:30',39,39,341,1,19,'Histology',NULL,NULL,'en',1),
 (990,'2007-06-11 14:25:49','2007-06-11 14:25:49',NULL,'2007-06-11 14:25:49',39,39,342,1,19,'History of science',NULL,NULL,'en',1),
 (991,'2007-06-11 14:26:03','2007-06-11 14:26:03',NULL,'2007-06-11 14:26:03',39,39,343,1,19,'Metallurgy',NULL,NULL,'en',1),
 (992,'2007-06-11 14:26:23','2007-06-11 14:26:23',NULL,'2007-06-11 14:26:23',39,39,344,1,19,'Natural history',NULL,NULL,'en',1),
 (993,'2007-06-11 14:26:49','2007-06-11 14:26:49',NULL,'2007-06-11 14:26:49',39,39,345,1,19,'Paleontology',NULL,NULL,'en',1),
 (994,'2007-06-11 14:26:57','2007-06-11 14:26:57',NULL,'2007-06-11 14:26:57',39,39,346,1,19,'Pharmacology',NULL,NULL,'en',1),
 (995,'2007-06-11 14:27:21','2007-06-11 14:27:21',NULL,'2007-06-11 14:27:21',39,39,347,1,19,'Physics',NULL,NULL,'en',1),
 (996,'2007-06-11 14:27:49','2007-06-11 14:27:49',NULL,'2007-06-11 14:27:49',39,39,348,1,19,'Social studies',NULL,NULL,'en',1),
 (997,'2007-06-11 14:27:59','2007-06-11 14:27:59',NULL,'2007-06-11 14:27:59',39,39,349,1,19,'Anthropology',NULL,NULL,'en',1),
 (998,'2007-06-11 14:28:07','2007-06-11 14:28:07',NULL,'2007-06-11 14:28:07',39,39,350,1,19,'Economics',NULL,NULL,'en',1),
 (999,'2007-06-11 14:28:27','2007-06-11 14:28:27',NULL,'2007-06-11 14:28:27',39,39,351,1,19,'History',NULL,NULL,'en',1),
 (1000,'2007-06-11 14:28:52','2007-06-11 14:28:52',NULL,'2007-06-11 14:28:52',39,39,352,1,19,'Psychology',NULL,NULL,'en',1),
 (1001,'2007-06-11 14:31:23','2007-06-11 14:31:23',NULL,'2007-06-11 14:31:23',39,39,296,NULL,3,'http://metadataregistry.org/uri//NSDLGEM/1003',25,293,'en',1),
 (1002,'2007-06-11 14:31:23','2007-06-11 14:31:23',NULL,'2007-06-11 14:31:23',39,39,293,NULL,16,'http://metadataregistry.org/uri//NSDLGEM/1007',25,296,'en',1),
 (1003,'2007-06-11 14:31:50','2007-06-11 14:31:50',NULL,'2007-06-11 14:31:50',39,39,297,NULL,3,'http://metadataregistry.org/uri//NSDLGEM/1003',25,293,'en',1),
 (1004,'2007-06-11 14:31:50','2007-06-11 14:31:50',NULL,'2007-06-11 14:31:50',39,39,293,NULL,16,'http://metadataregistry.org/uri//NSDLGEM/1008',25,297,'en',1),
 (1005,'2007-06-11 14:32:19','2007-06-11 14:32:19',NULL,'2007-06-11 14:32:19',39,39,298,NULL,3,'http://metadataregistry.org/uri//NSDLGEM/1003',25,293,'en',1),
 (1006,'2007-06-11 14:32:19','2007-06-11 14:32:19',NULL,'2007-06-11 14:32:19',39,39,293,NULL,16,'http://metadataregistry.org/uri//NSDLGEM/1009',25,298,'en',1),
 (1007,'2007-06-11 14:32:39','2007-06-11 14:32:39',NULL,'2007-06-11 14:32:39',39,39,299,NULL,3,'http://metadataregistry.org/uri//NSDLGEM/1003',25,293,'en',1),
 (1008,'2007-06-11 14:32:39','2007-06-11 14:32:39',NULL,'2007-06-11 14:32:39',39,39,293,NULL,16,'http://metadataregistry.org/uri//NSDLGEM/1010',25,299,'en',1),
 (1009,'2007-06-11 14:34:46','2007-06-11 14:34:46',NULL,'2007-06-11 14:34:46',39,39,293,NULL,16,'http://purl.org/gem/instance/subject/GEM-S/educational_technology',20,189,'en',1),
 (1010,'2007-06-11 14:34:46','2007-06-11 14:34:46',NULL,'2007-06-11 14:34:46',38,38,189,NULL,3,'http://metadataregistry.org/uri//NSDLGEM/1003',25,293,'en',1),
 (1011,'2007-06-11 14:35:57','2007-06-11 14:35:57',NULL,'2007-06-11 14:35:57',39,39,349,NULL,3,'http://metadataregistry.org/uri/NSDLGEM/1066',25,348,'en',1),
 (1012,'2007-06-11 14:35:57','2007-06-11 14:35:57',NULL,'2007-06-11 14:35:57',39,39,348,NULL,16,'http://metadataregistry.org/uri/NSDLGEM/1067',25,349,'en',1),
 (1013,'2007-06-11 14:36:20','2007-06-11 14:36:20',NULL,'2007-06-11 14:36:20',39,39,350,NULL,3,'http://metadataregistry.org/uri/NSDLGEM/1066',25,348,'en',1),
 (1014,'2007-06-11 14:36:20','2007-06-11 14:36:20',NULL,'2007-06-11 14:36:20',39,39,348,NULL,16,'http://metadataregistry.org/uri/NSDLGEM/1068',25,350,'en',1),
 (1015,'2007-06-11 14:36:41','2007-06-11 14:36:41',NULL,'2007-06-11 14:36:41',39,39,308,NULL,3,'http://metadataregistry.org/uri/NSDLGEM/1066',25,348,'en',1),
 (1016,'2007-06-11 14:36:41','2007-06-11 14:36:41',NULL,'2007-06-11 14:36:41',39,39,348,NULL,16,'http://metadataregistry.org/uri/NSDLGEM/1023',25,308,'en',1),
 (1017,'2007-06-11 14:36:58','2007-06-11 14:36:58',NULL,'2007-06-11 14:36:58',39,39,351,NULL,3,'http://metadataregistry.org/uri/NSDLGEM/1066',25,348,'en',1),
 (1018,'2007-06-11 14:36:58','2007-06-11 14:36:58',NULL,'2007-06-11 14:36:58',39,39,348,NULL,16,'http://metadataregistry.org/uri/NSDLGEM/1069',25,351,'en',1),
 (1019,'2007-06-11 14:37:17','2007-06-11 14:37:17',NULL,'2007-06-11 14:37:17',39,39,352,NULL,3,'http://metadataregistry.org/uri/NSDLGEM/1066',25,348,'en',1),
 (1020,'2007-06-11 14:37:17','2007-06-11 14:37:17',NULL,'2007-06-11 14:37:17',39,39,348,NULL,16,'http://metadataregistry.org/uri/NSDLGEM/1070',25,352,'en',1),
 (1021,'2007-06-11 14:40:47','2007-06-11 14:40:47',NULL,'2007-06-11 14:40:47',39,39,330,NULL,3,'http://metadataregistry.org/uri/NSDLGEM/1022',25,307,'en',1),
 (1022,'2007-06-11 14:40:47','2007-06-11 14:40:47',NULL,'2007-06-11 14:40:47',39,39,307,NULL,16,'http://metadataregistry.org/uri/NSDLGEM/1048',25,330,'en',1),
 (1023,'2007-06-11 14:41:06','2007-06-11 14:41:06',NULL,'2007-06-11 14:41:06',39,39,304,NULL,3,'http://metadataregistry.org/uri/NSDLGEM/1022',25,307,'en',1),
 (1024,'2007-06-11 14:41:06','2007-06-11 14:41:06',NULL,'2007-06-11 14:41:06',39,39,307,NULL,16,'http://metadataregistry.org/uri/NSDLGEM/1018',25,304,'en',1),
 (1025,'2007-06-11 14:41:20','2007-06-11 14:41:20',NULL,'2007-06-11 14:41:20',39,39,331,NULL,3,'http://metadataregistry.org/uri/NSDLGEM/1022',25,307,'en',1),
 (1026,'2007-06-11 14:41:20','2007-06-11 14:41:20',NULL,'2007-06-11 14:41:20',39,39,307,NULL,16,'http://metadataregistry.org/uri/NSDLGEM/1049',25,331,'en',1),
 (1027,'2007-06-11 14:41:41','2007-06-11 14:41:41',NULL,'2007-06-11 14:41:41',39,39,332,NULL,3,'http://metadataregistry.org/uri/NSDLGEM/1022',25,307,'en',1),
 (1028,'2007-06-11 14:41:41','2007-06-11 14:41:41',NULL,'2007-06-11 14:41:41',39,39,307,NULL,16,'http://metadataregistry.org/uri/NSDLGEM/1050',25,332,'en',1),
 (1029,'2007-06-11 14:42:39','2007-06-11 14:42:39',NULL,'2007-06-11 14:42:39',39,39,332,NULL,3,'http://metadataregistry.org/uri/NSDLGEM/1022',25,307,'en',1),
 (1030,'2007-06-11 14:42:39','2007-06-11 14:42:39',NULL,'2007-06-11 14:42:39',39,39,307,NULL,16,'http://metadataregistry.org/uri/NSDLGEM/1050',25,332,'en',1),
 (1031,'2007-06-11 14:42:59','2007-06-11 14:42:59',NULL,'2007-06-11 14:42:59',39,39,334,NULL,3,'http://metadataregistry.org/uri/NSDLGEM/1022',25,307,'en',1),
 (1032,'2007-06-11 14:42:59','2007-06-11 14:42:59',NULL,'2007-06-11 14:42:59',39,39,307,NULL,16,'http://metadataregistry.org/uri/NSDLGEM/1052',25,334,'en',1),
 (1033,'2007-06-11 14:43:18','2007-06-11 14:43:18',NULL,'2007-06-11 14:43:18',39,39,306,NULL,3,'http://metadataregistry.org/uri/NSDLGEM/1022',25,307,'en',1),
 (1034,'2007-06-11 14:43:18','2007-06-11 14:43:18',NULL,'2007-06-11 14:43:18',39,39,307,NULL,16,'http://metadataregistry.org/uri/NSDLGEM/1020',25,306,'en',1),
 (1035,'2007-06-11 14:44:18','2007-06-11 14:44:18',NULL,'2007-06-11 14:44:18',39,39,306,NULL,10,'Computer science is not a topic in the source vocabulary.',25,NULL,'en',1),
 (1036,'2007-06-11 14:45:06','2007-06-11 14:45:06',NULL,'2007-06-11 14:45:06',39,39,300,NULL,3,'http://metadataregistry.org/uri/NSDLGEM/1022',25,307,'en',1),
 (1037,'2007-06-11 14:45:06','2007-06-11 14:45:06',NULL,'2007-06-11 14:45:06',39,39,307,NULL,16,'http://metadataregistry.org/uri/NSDLGEM/1014',25,300,'en',1),
 (1038,'2007-06-11 14:46:00','2007-06-11 14:46:00',NULL,'2007-06-11 14:46:00',39,39,335,NULL,3,'http://metadataregistry.org/uri/NSDLGEM/1022',25,307,'en',1),
 (1039,'2007-06-11 14:46:00','2007-06-11 14:46:00',NULL,'2007-06-11 14:46:00',39,39,307,NULL,16,'http://metadataregistry.org/uri/NSDLGEM/1053',25,335,'en',1),
 (1040,'2007-06-11 14:46:25','2007-06-11 14:46:25',NULL,'2007-06-11 14:46:25',39,39,336,NULL,3,'http://metadataregistry.org/uri/NSDLGEM/1022',25,307,'en',1),
 (1041,'2007-06-11 14:46:25','2007-06-11 14:46:25',NULL,'2007-06-11 14:46:25',39,39,307,NULL,16,'http://metadataregistry.org/uri/NSDLGEM/1054',25,336,'en',1),
 (1042,'2007-06-11 14:46:44','2007-06-11 14:46:44',NULL,'2007-06-11 14:46:44',39,39,337,NULL,3,'http://metadataregistry.org/uri/NSDLGEM/1022',25,307,'en',1),
 (1043,'2007-06-11 14:46:44','2007-06-11 14:46:44',NULL,'2007-06-11 14:46:44',39,39,307,NULL,16,'http://metadataregistry.org/uri/NSDLGEM/1055',25,337,'en',1),
 (1044,'2007-06-11 14:47:11','2007-06-11 14:47:11',NULL,'2007-06-11 14:47:11',39,39,338,NULL,3,'http://metadataregistry.org/uri/NSDLGEM/1022',25,307,'en',1),
 (1045,'2007-06-11 14:47:11','2007-06-11 14:47:11',NULL,'2007-06-11 14:47:11',39,39,307,NULL,16,'http://metadataregistry.org/uri/NSDLGEM/1056',25,338,'en',1),
 (1046,'2007-06-11 14:48:15','2007-06-11 14:48:15',NULL,'2007-06-11 14:48:15',39,39,339,NULL,3,'http://metadataregistry.org/uri/NSDLGEM/1022',25,307,'en',1),
 (1047,'2007-06-11 14:48:15','2007-06-11 14:48:15',NULL,'2007-06-11 14:48:15',39,39,307,NULL,16,'http://metadataregistry.org/uri/NSDLGEM/1057',25,339,'en',1),
 (1048,'2007-06-11 14:49:04','2007-06-11 14:49:04',NULL,'2007-06-11 14:49:04',39,39,340,NULL,3,'http://metadataregistry.org/uri/NSDLGEM/1022',25,307,'en',1),
 (1049,'2007-06-11 14:49:04','2007-06-11 14:49:04',NULL,'2007-06-11 14:49:04',39,39,307,NULL,16,'http://metadataregistry.org/uri/NSDLGEM/1058',25,340,'en',1),
 (1050,'2007-06-11 14:49:29','2007-06-11 14:49:29',NULL,'2007-06-11 14:49:29',39,39,341,NULL,3,'http://metadataregistry.org/uri/NSDLGEM/1022',25,307,'en',1),
 (1051,'2007-06-11 14:49:29','2007-06-11 14:49:29',NULL,'2007-06-11 14:49:29',39,39,307,NULL,16,'http://metadataregistry.org/uri/NSDLGEM/1059',25,341,'en',1),
 (1052,'2007-06-11 14:49:55','2007-06-11 14:49:55',NULL,'2007-06-11 14:49:55',39,39,342,NULL,3,'http://metadataregistry.org/uri/NSDLGEM/1022',25,307,'en',1),
 (1053,'2007-06-11 14:49:55','2007-06-11 14:49:55',NULL,'2007-06-11 14:49:55',39,39,307,NULL,16,'http://metadataregistry.org/uri/NSDLGEM/1060',25,342,'en',1),
 (1054,'2007-06-11 14:50:18','2007-06-11 14:50:18',NULL,'2007-06-11 14:50:18',39,39,343,NULL,3,'http://metadataregistry.org/uri/NSDLGEM/1022',25,307,'en',1),
 (1055,'2007-06-11 14:50:18','2007-06-11 14:50:18',NULL,'2007-06-11 14:50:18',39,39,307,NULL,16,'http://metadataregistry.org/uri/NSDLGEM/1061',25,343,'en',1),
 (1056,'2007-06-11 14:50:40','2007-06-11 14:50:40',NULL,'2007-06-11 14:50:40',39,39,302,NULL,3,'http://metadataregistry.org/uri/NSDLGEM/1022',25,307,'en',1),
 (1057,'2007-06-11 14:50:40','2007-06-11 14:50:40',NULL,'2007-06-11 14:50:40',39,39,307,NULL,16,'http://metadataregistry.org/uri/NSDLGEM/1016',25,302,'en',1),
 (1058,'2007-06-11 14:50:59','2007-06-11 14:50:59',NULL,'2007-06-11 14:50:59',39,39,344,NULL,3,'http://metadataregistry.org/uri/NSDLGEM/1022',25,307,'en',1),
 (1059,'2007-06-11 14:50:59','2007-06-11 14:50:59',NULL,'2007-06-11 14:50:59',39,39,307,NULL,16,'http://metadataregistry.org/uri/NSDLGEM/1062',25,344,'en',1),
 (1060,'2007-06-11 14:51:29','2007-06-11 14:51:29',NULL,'2007-06-11 14:51:29',39,39,303,NULL,3,'http://metadataregistry.org/uri/NSDLGEM/1022',25,307,'en',1),
 (1061,'2007-06-11 14:51:29','2007-06-11 14:51:29',NULL,'2007-06-11 14:51:29',39,39,307,NULL,16,'http://metadataregistry.org/uri/NSDLGEM/1017',25,303,'en',1),
 (1062,'2007-06-11 14:53:02','2007-06-11 14:53:02',NULL,'2007-06-11 14:53:02',39,39,345,NULL,3,'http://metadataregistry.org/uri/NSDLGEM/1022',25,307,'en',1),
 (1063,'2007-06-11 14:53:02','2007-06-11 14:53:02',NULL,'2007-06-11 14:53:02',39,39,307,NULL,16,'http://metadataregistry.org/uri/NSDLGEM/1063',25,345,'en',1),
 (1064,'2007-06-11 14:53:26','2007-06-11 14:53:26',NULL,'2007-06-11 14:53:26',39,39,346,NULL,3,'http://metadataregistry.org/uri/NSDLGEM/1022',25,307,'en',1),
 (1065,'2007-06-11 14:53:26','2007-06-11 14:53:26',NULL,'2007-06-11 14:53:26',39,39,307,NULL,16,'http://metadataregistry.org/uri/NSDLGEM/1064',25,346,'en',1),
 (1066,'2007-06-11 14:53:53','2007-06-11 14:53:53',NULL,'2007-06-11 14:53:53',39,39,301,NULL,3,'http://metadataregistry.org/uri/NSDLGEM/1022',25,307,'en',1),
 (1067,'2007-06-11 14:53:53','2007-06-11 14:53:53',NULL,'2007-06-11 14:53:53',39,39,307,NULL,16,'http://metadataregistry.org/uri/NSDLGEM/1015',25,301,'en',1),
 (1068,'2007-06-11 14:54:20','2007-06-11 14:54:20',NULL,'2007-06-11 14:54:20',39,39,347,NULL,3,'http://metadataregistry.org/uri/NSDLGEM/1022',25,307,'en',1),
 (1069,'2007-06-11 14:54:20','2007-06-11 14:54:20',NULL,'2007-06-11 14:54:20',39,39,307,NULL,16,'http://metadataregistry.org/uri/NSDLGEM/1065',25,347,'en',1),
 (1070,'2007-06-11 14:54:52','2007-06-11 14:54:52',NULL,'2007-06-11 14:54:52',39,39,305,NULL,3,'http://metadataregistry.org/uri/NSDLGEM/1022',25,307,'en',1),
 (1071,'2007-06-11 14:54:52','2007-06-11 14:54:52',NULL,'2007-06-11 14:54:52',39,39,307,NULL,16,'http://metadataregistry.org/uri/NSDLGEM/1019',25,305,'en',1),
 (1072,'2007-06-11 14:56:01','2007-06-11 14:56:01',NULL,'2007-06-11 14:56:01',39,39,316,NULL,3,'http://metadataregistry.org/uri/NSDLGEM/1033',25,315,'en',1),
 (1073,'2007-06-11 14:56:01','2007-06-11 14:56:01',NULL,'2007-06-11 14:56:01',39,39,315,NULL,16,'http://metadataregistry.org/uri/NSDLGEM/1034',25,316,'en',1),
 (1074,'2007-06-11 14:56:14','2007-06-11 14:56:14',NULL,'2007-06-11 14:56:14',39,39,317,NULL,3,'http://metadataregistry.org/uri/NSDLGEM/1033',25,315,'en',1),
 (1075,'2007-06-11 14:56:14','2007-06-11 14:56:14',NULL,'2007-06-11 14:56:14',39,39,315,NULL,16,'http://metadataregistry.org/uri/NSDLGEM/1035',25,317,'en',1),
 (1076,'2007-06-11 14:56:33','2007-06-11 14:56:33',NULL,'2007-06-11 14:56:33',39,39,318,NULL,3,'http://metadataregistry.org/uri/NSDLGEM/1033',25,315,'en',1),
 (1077,'2007-06-11 14:56:33','2007-06-11 14:56:33',NULL,'2007-06-11 14:56:33',39,39,315,NULL,16,'http://metadataregistry.org/uri/NSDLGEM/1036',25,318,'en',1),
 (1078,'2007-06-11 14:56:50','2007-06-11 14:56:50',NULL,'2007-06-11 14:56:50',39,39,319,NULL,3,'http://metadataregistry.org/uri/NSDLGEM/1033',25,315,'en',1),
 (1079,'2007-06-11 14:56:50','2007-06-11 14:56:50',NULL,'2007-06-11 14:56:50',39,39,315,NULL,16,'http://metadataregistry.org/uri/NSDLGEM/1037',25,319,'en',1),
 (1080,'2007-06-11 14:57:16','2007-06-11 14:57:16',NULL,'2007-06-11 14:57:16',39,39,320,NULL,3,'http://metadataregistry.org/uri/NSDLGEM/1033',25,315,'en',1),
 (1081,'2007-06-11 14:57:16','2007-06-11 14:57:16',NULL,'2007-06-11 14:57:16',39,39,315,NULL,16,'http://metadataregistry.org/uri/NSDLGEM/1038',25,320,'en',1),
 (1082,'2007-06-11 14:57:47','2007-06-11 14:57:47',NULL,'2007-06-11 14:57:47',39,39,321,NULL,3,'http://metadataregistry.org/uri/NSDLGEM/1033',25,315,'en',1),
 (1083,'2007-06-11 14:57:47','2007-06-11 14:57:47',NULL,'2007-06-11 14:57:47',39,39,315,NULL,16,'http://metadataregistry.org/uri/NSDLGEM/1039',25,321,'en',1),
 (1084,'2007-06-11 14:58:02','2007-06-11 14:58:02',NULL,'2007-06-11 14:58:02',39,39,322,NULL,3,'http://metadataregistry.org/uri/NSDLGEM/1033',25,315,'en',1),
 (1085,'2007-06-11 14:58:02','2007-06-11 14:58:02',NULL,'2007-06-11 14:58:02',39,39,315,NULL,16,'http://metadataregistry.org/uri/NSDLGEM/1040',25,322,'en',1),
 (1086,'2007-06-11 14:58:27','2007-06-11 14:58:27',NULL,'2007-06-11 14:58:27',39,39,323,NULL,3,'http://metadataregistry.org/uri/NSDLGEM/1033',25,315,'en',1),
 (1087,'2007-06-11 14:58:27','2007-06-11 14:58:27',NULL,'2007-06-11 14:58:27',39,39,315,NULL,16,'http://metadataregistry.org/uri/NSDLGEM/1041',25,323,'en',1),
 (1088,'2007-06-11 14:58:51','2007-06-11 14:58:51',NULL,'2007-06-11 14:58:51',39,39,324,NULL,3,'http://metadataregistry.org/uri/NSDLGEM/1033',25,315,'en',1),
 (1089,'2007-06-11 14:58:51','2007-06-11 14:58:51',NULL,'2007-06-11 14:58:51',39,39,315,NULL,16,'http://metadataregistry.org/uri/NSDLGEM/1042',25,324,'en',1),
 (1090,'2007-06-11 14:59:08','2007-06-11 14:59:08',NULL,'2007-06-11 14:59:08',39,39,325,NULL,3,'http://metadataregistry.org/uri/NSDLGEM/1033',25,315,'en',1),
 (1091,'2007-06-11 14:59:08','2007-06-11 14:59:08',NULL,'2007-06-11 14:59:08',39,39,315,NULL,16,'http://metadataregistry.org/uri/NSDLGEM/1043',25,325,'en',1),
 (1092,'2007-06-11 14:59:28','2007-06-11 14:59:28',NULL,'2007-06-11 14:59:28',39,39,326,NULL,3,'http://metadataregistry.org/uri/NSDLGEM/1033',25,315,'en',1),
 (1093,'2007-06-11 14:59:28','2007-06-11 14:59:28',NULL,'2007-06-11 14:59:28',39,39,315,NULL,16,'http://metadataregistry.org/uri/NSDLGEM/1044',25,326,'en',1),
 (1094,'2007-06-11 14:59:46','2007-06-11 14:59:46',NULL,'2007-06-11 14:59:46',39,39,327,NULL,3,'http://metadataregistry.org/uri/NSDLGEM/1033',25,315,'en',1),
 (1095,'2007-06-11 14:59:46','2007-06-11 14:59:46',NULL,'2007-06-11 14:59:46',39,39,315,NULL,16,'http://metadataregistry.org/uri/NSDLGEM/1045',25,327,'en',1),
 (1096,'2007-06-11 15:00:09','2007-06-11 15:00:09',NULL,'2007-06-11 15:00:09',39,39,328,NULL,3,'http://metadataregistry.org/uri/NSDLGEM/1033',25,315,'en',1),
 (1097,'2007-06-11 15:00:09','2007-06-11 15:00:09',NULL,'2007-06-11 15:00:09',39,39,315,NULL,16,'http://metadataregistry.org/uri/NSDLGEM/1046',25,328,'en',1),
 (1098,'2007-06-11 15:00:29','2007-06-11 15:00:29',NULL,'2007-06-11 15:00:29',39,39,329,NULL,3,'http://metadataregistry.org/uri/NSDLGEM/1033',25,315,'en',1),
 (1099,'2007-06-11 15:00:29','2007-06-11 15:00:29',NULL,'2007-06-11 15:00:29',39,39,315,NULL,16,'http://metadataregistry.org/uri/NSDLGEM/1047',25,329,'en',1),
 (1100,'2007-08-09 19:04:49','2007-08-09 19:05:34',NULL,NULL,NULL,36,217,NULL,9,'badlabel edited',23,NULL,'en',1),
 (1101,'2007-09-04 19:03:28','2007-09-07 07:56:02',NULL,NULL,36,61,353,1,19,'top 1a',NULL,NULL,'en',1),
 (1102,'2007-09-04 19:03:45','2007-09-04 19:03:44',NULL,NULL,36,36,354,1,19,'top 2',NULL,NULL,'en',1),
 (1103,'2007-09-04 19:04:04','2007-09-04 19:04:04',NULL,NULL,36,36,355,1,19,'related',NULL,NULL,'en',1),
 (1104,'2007-09-04 19:31:46','2007-09-04 19:31:46',NULL,NULL,NULL,36,353,NULL,16,'http://metadataregistry.org/uri/booboo/1003',26,355,'',1),
 (1105,'2007-09-04 19:31:49','2007-09-04 19:33:18',NULL,NULL,NULL,36,355,NULL,3,'http://metadataregistry.org/uri/booboo/1001',26,353,'en',1),
 (1106,'2007-09-04 19:33:10','2007-09-04 19:33:10',NULL,NULL,NULL,36,353,NULL,16,'http://metadataregistry.org/uri/booboo/1003',26,355,'',1),
 (1107,'2007-09-04 19:37:17','2007-09-04 19:37:17',NULL,NULL,NULL,36,355,NULL,1,'',26,NULL,'en',1),
 (1108,'2007-09-07 10:24:14','2007-09-07 10:24:14',NULL,NULL,NULL,61,355,NULL,3,'http://metadataregistry.org/uri/booboo/1001',26,353,'',1),
 (1109,'2007-09-07 10:24:15','2007-09-07 10:24:15',NULL,NULL,NULL,61,353,NULL,16,'http://metadataregistry.org/uri/booboo/1003',26,355,'en',1);
/*!40000 ALTER TABLE `reg_concept_property` ENABLE KEYS */;


--
-- Definition of table `reg_concept_property_history`
--

DROP TABLE IF EXISTS `reg_concept_property_history`;
CREATE TABLE `reg_concept_property_history` (
  `id` int(11) NOT NULL auto_increment,
  `created_at` timestamp NOT NULL default CURRENT_TIMESTAMP,
  `action` enum('updated','added','deleted','force_deleted') default NULL,
  `concept_property_id` int(11) default NULL,
  `concept_id` int(11) default NULL,
  `vocabulary_id` int(11) default NULL,
  `skos_property_id` int(11) default NULL,
  `object` text,
  `scheme_id` int(11) default NULL COMMENT 'id of the related vocabulary when required',
  `related_concept_id` int(11) default NULL COMMENT 'id of the related concept when required',
  `language` char(6) default 'en' COMMENT 'This will be an RFC3066 language code, which means it can be en, eng, en-us, or eng-us -- iso639-1 (2-char codes), iso639-2 (3-char codes), and combined with iso3166 (2-char country codes)',
  `status_id` int(11) default '1',
  `created_user_id` int(11) default NULL COMMENT 'The ID of the user that created the property',
  `change_note` text,
  PRIMARY KEY  (`id`),
  UNIQUE KEY `id` (`id`),
  KEY `concept_id` (`concept_id`),
  KEY `skos_property_id` (`skos_property_id`),
  KEY `scheme_id` (`scheme_id`),
  KEY `related_concept_id` (`related_concept_id`),
  KEY `status_id` (`status_id`),
  KEY `concept_property_id` (`concept_property_id`),
  KEY `created_user_id` (`created_user_id`),
  KEY `vocabulary_id` (`vocabulary_id`),
  CONSTRAINT `reg_concept_property_fk1_new` FOREIGN KEY (`skos_property_id`) REFERENCES `reg_skos_property` (`id`) ON DELETE NO ACTION ON UPDATE NO ACTION,
  CONSTRAINT `reg_concept_property_fk2_new` FOREIGN KEY (`scheme_id`) REFERENCES `reg_vocabulary` (`id`) ON DELETE SET NULL ON UPDATE NO ACTION,
  CONSTRAINT `reg_concept_property_fk3_new` FOREIGN KEY (`status_id`) REFERENCES `reg_status` (`id`) ON DELETE NO ACTION ON UPDATE NO ACTION,
  CONSTRAINT `reg_concept_property_fk4_new` FOREIGN KEY (`related_concept_id`) REFERENCES `reg_concept` (`id`) ON DELETE SET NULL ON UPDATE NO ACTION,
  CONSTRAINT `reg_concept_property_history_FK_` FOREIGN KEY (`created_user_id`) REFERENCES `reg_user` (`id`) ON DELETE SET NULL ON UPDATE NO ACTION,
  CONSTRAINT `reg_concept_property_history_FK_1` FOREIGN KEY (`concept_property_id`) REFERENCES `reg_concept_property` (`id`) ON DELETE SET NULL ON UPDATE NO ACTION,
  CONSTRAINT `reg_concept_property_history_FK_2` FOREIGN KEY (`vocabulary_id`) REFERENCES `reg_vocabulary` (`id`) ON DELETE SET NULL ON UPDATE NO ACTION,
  CONSTRAINT `reg_concept_property_history_FK_3` FOREIGN KEY (`concept_id`) REFERENCES `reg_concept` (`id`) ON DELETE SET NULL ON UPDATE NO ACTION
) ENGINE=InnoDB AUTO_INCREMENT=2051 DEFAULT CHARSET=utf8;

--
-- Dumping data for table `reg_concept_property_history`
--

/*!40000 ALTER TABLE `reg_concept_property_history` DISABLE KEYS */;
INSERT INTO `reg_concept_property_history` (`id`,`created_at`,`action`,`concept_property_id`,`concept_id`,`vocabulary_id`,`skos_property_id`,`object`,`scheme_id`,`related_concept_id`,`language`,`status_id`,`created_user_id`,`change_note`) VALUES
 (2,'2006-07-02 14:50:24','added',450,108,8,19,'1',NULL,NULL,'en',1,38,NULL),
 (4,'2006-07-02 14:56:33','added',459,117,8,19,'10',NULL,NULL,'en',1,38,NULL),
 (6,'2006-07-02 14:57:03','added',460,118,8,19,'11',NULL,NULL,'en',1,38,NULL),
 (8,'2006-07-02 14:57:30','added',461,119,8,19,'12',NULL,NULL,'en',1,38,NULL),
 (10,'2006-07-02 14:50:48','added',451,109,8,19,'2',NULL,NULL,'en',1,38,NULL),
 (12,'2006-07-02 14:51:18','added',452,110,8,19,'3',NULL,NULL,'en',1,38,NULL),
 (14,'2006-07-02 14:53:19','added',453,111,8,19,'4',NULL,NULL,'en',1,38,NULL),
 (16,'2006-07-02 14:53:44','added',454,112,8,19,'5',NULL,NULL,'en',1,38,NULL),
 (18,'2006-07-02 14:55:01','added',455,113,8,19,'6',NULL,NULL,'en',1,38,NULL),
 (20,'2006-07-02 14:55:29','added',456,114,8,19,'7',NULL,NULL,'en',1,38,NULL),
 (22,'2006-07-02 14:55:50','added',457,115,8,19,'8',NULL,NULL,'en',1,38,NULL),
 (24,'2006-07-02 14:56:10','added',458,116,8,19,'9',NULL,NULL,'en',1,38,NULL),
 (26,'2006-07-02 14:59:48','added',462,120,8,19,'Adult/Continuing education',NULL,NULL,'en',1,38,NULL),
 (28,'2006-07-02 14:49:46','added',449,107,8,19,'All',NULL,NULL,'en',1,38,NULL),
 (30,'2006-07-02 15:00:21','added',463,121,8,19,'Community college',NULL,NULL,'en',1,38,NULL),
 (32,'2006-07-02 15:00:52','added',464,122,8,19,'Higher education',NULL,NULL,'en',1,38,NULL),
 (34,'2006-07-02 15:04:49','added',467,125,8,19,'Kindergarten',NULL,NULL,'en',1,38,NULL),
 (36,'2006-07-02 15:02:27','added',465,123,8,19,'Preschool education',NULL,NULL,'en',1,38,NULL),
 (38,'2006-07-02 15:05:14','added',468,126,8,19,'Unspecified',NULL,NULL,'en',1,38,NULL),
 (40,'2006-07-02 15:03:01','added',466,124,8,19,'Vocational education',NULL,NULL,'en',1,38,NULL),
 (50,'2006-04-14 19:12:41','added',5,5,10,19,'Elementary School',NULL,NULL,'en',1,39,NULL),
 (51,'2006-04-21 10:21:22','added',71,5,10,3,'http://metadataregistry.org/uri/NSDLEdLvl/1000',10,4,'en',1,39,NULL),
 (52,'2006-04-21 10:21:51','added',73,5,10,16,'http://metadataregistry.org/uri/NSDLEdLvl/1004',10,25,'en',1,39,NULL),
 (53,'2006-04-21 10:22:10','added',75,5,10,16,'http://metadataregistry.org/uri/NSDLEdLvl/1005',10,26,'en',1,39,NULL),
 (54,'2006-04-21 10:22:24','added',77,5,10,16,'http://metadataregistry.org/uri/NSDLEdLvl/1006',10,27,'en',1,39,NULL),
 (55,'2006-04-21 10:22:43','added',79,5,10,16,'http://metadataregistry.org/uri/NSDLEdLvl/1007',10,28,'en',1,39,NULL),
 (56,'2006-04-21 10:23:00','added',81,5,10,16,'http://metadataregistry.org/uri/NSDLEdLvl/1008',10,29,'en',1,39,NULL),
 (57,'2006-04-21 10:23:21','added',83,5,10,16,'http://metadataregistry.org/uri/NSDLEdLvl/1003',10,24,'en',1,39,NULL),
 (58,'2006-04-21 10:25:25','added',85,5,10,16,'http://metadataregistry.org/uri/NSDLEdLvl/1002',10,6,'en',1,39,NULL),
 (63,'2006-04-21 10:07:55','added',56,25,10,19,'Grade 1',NULL,NULL,'en',1,39,NULL),
 (64,'2006-04-21 10:21:51','added',72,25,10,3,'http://metadataregistry.org/uri/NSDLEdLvl/1001',10,5,'en',1,39,NULL),
 (65,'2006-04-21 10:44:09','added',102,25,10,1,'First Grade',10,NULL,'en',1,39,NULL),
 (66,'2006-04-21 10:44:23','added',103,25,10,10,'Term Source: http://www.ed.gov',10,NULL,'en',1,39,NULL),
 (71,'2006-04-21 10:11:23','added',63,32,10,19,'Grade 10',NULL,NULL,'en',1,39,NULL),
 (72,'2006-04-21 10:30:29','added',88,32,10,3,'http://metadataregistry.org/uri/NSDLEdLvl/1013',10,30,'en',1,39,NULL),
 (73,'2006-04-22 19:45:30','added',118,32,10,1,'Tenth Grade',10,NULL,'en',1,39,NULL),
 (74,'2006-04-22 19:47:00','added',119,32,10,10,'Term Source: http://www.ed.gov',10,NULL,'en',1,39,NULL),
 (79,'2006-04-21 10:11:46','added',64,33,10,19,'Grade 11',NULL,NULL,'en',1,39,NULL),
 (80,'2006-04-21 10:30:44','added',90,33,10,3,'http://metadataregistry.org/uri/NSDLEdLvl/1013',10,30,'en',1,39,NULL),
 (81,'2006-04-22 19:47:41','added',120,33,10,1,'Eleventh Grade',10,NULL,'en',1,39,NULL),
 (82,'2006-04-22 19:47:54','added',121,33,10,10,'Term Source: http://www.ed.gov',10,NULL,'en',1,39,NULL),
 (87,'2006-04-21 10:12:17','added',65,34,10,19,'Grade 12',NULL,NULL,'en',1,39,NULL),
 (88,'2006-04-21 10:31:00','added',92,34,10,3,'http://metadataregistry.org/uri/NSDLEdLvl/1013',10,30,'en',1,39,NULL),
 (89,'2006-04-22 19:48:30','added',122,34,10,1,'Twelfth Grade',10,NULL,'en',1,39,NULL),
 (90,'2006-04-22 19:48:44','added',123,34,10,10,'Term Source: http://www.ed.gov',10,NULL,'en',1,39,NULL),
 (95,'2006-04-21 10:08:16','added',57,26,10,19,'Grade 2',NULL,NULL,'en',1,39,NULL),
 (96,'2006-04-21 10:22:10','added',74,26,10,3,'http://metadataregistry.org/uri/NSDLEdLvl/1001',10,5,'en',1,39,NULL),
 (97,'2006-04-21 10:45:20','added',104,26,10,1,'Second Grade',10,NULL,'en',1,39,NULL),
 (98,'2006-04-21 10:45:34','added',105,26,10,10,'Term Source: http://www.ed.gov',10,NULL,'en',1,39,NULL),
 (103,'2006-04-21 10:08:37','added',58,27,10,19,'Grade 3',NULL,NULL,'en',1,39,NULL),
 (104,'2006-04-21 10:22:24','added',76,27,10,3,'http://metadataregistry.org/uri/NSDLEdLvl/1001',10,5,'en',1,39,NULL),
 (105,'2006-04-21 10:46:27','added',106,27,10,1,'Third Grade',10,NULL,'en',1,39,NULL),
 (106,'2006-04-21 10:46:40','added',107,27,10,10,'Term Source: http://www.ed.gov',10,NULL,'en',1,39,NULL),
 (111,'2006-04-21 10:08:56','added',59,28,10,19,'Grade 4',NULL,NULL,'en',1,39,NULL),
 (112,'2006-04-21 10:22:43','added',78,28,10,3,'http://metadataregistry.org/uri/NSDLEdLvl/1001',10,5,'en',1,39,NULL),
 (113,'2006-04-21 10:48:42','added',108,28,10,1,'Fourth Grade',10,NULL,'en',1,39,NULL),
 (114,'2006-04-21 10:48:56','added',109,28,10,10,'Term Source: http://www.ed.gov',10,NULL,'en',1,39,NULL),
 (119,'2006-04-21 10:09:13','added',60,29,10,19,'Grade 5',NULL,NULL,'en',1,39,NULL),
 (120,'2006-04-21 10:23:00','added',80,29,10,3,'http://metadataregistry.org/uri/NSDLEdLvl/1001',10,5,'en',1,39,NULL),
 (121,'2006-04-21 10:50:18','added',110,29,10,1,'Fifth Grade',10,NULL,'en',1,39,NULL),
 (122,'2006-04-21 10:50:33','added',111,29,10,10,'Term Source: http://www.ed.gov',10,NULL,'en',1,39,NULL),
 (127,'2006-04-21 09:41:10','added',39,16,10,19,'Grade 6',NULL,NULL,'en',1,39,NULL),
 (128,'2006-04-21 09:47:31','added',42,16,10,1,'Sixth Grade',10,NULL,'en',1,39,NULL),
 (129,'2006-04-21 09:47:50','added',44,16,10,3,'URI',10,11,'en',1,39,NULL),
 (130,'2006-04-21 09:59:29','added',49,16,10,10,'Term Source: http://www.ed.gov',10,NULL,'en',1,39,NULL),
 (135,'2006-04-21 09:43:13','added',40,17,10,19,'Grade 7',NULL,NULL,'en',1,39,NULL),
 (136,'2006-04-21 09:55:40','added',45,17,10,1,'Seventh Grade',10,NULL,'en',1,39,NULL),
 (137,'2006-04-21 09:55:59','added',47,17,10,3,'URI',10,11,'en',1,39,NULL),
 (138,'2006-04-21 09:58:22','added',48,17,10,10,'Term Source: http://www.ed.gov',10,NULL,'en',1,39,NULL),
 (143,'2006-04-21 09:43:34','added',41,18,10,19,'Grade 8',NULL,NULL,'en',1,39,NULL),
 (144,'2006-04-21 10:52:57','added',113,18,10,3,'URI',10,11,'en',1,39,NULL),
 (145,'2006-04-21 10:53:14','added',114,18,10,1,'Eighth Grade',10,NULL,'en',1,39,NULL),
 (146,'2006-04-21 10:53:26','added',115,18,10,10,'Term Source: http://www.ed.gov',10,NULL,'en',1,39,NULL),
 (151,'2006-04-21 10:11:06','added',62,31,10,19,'Grade 9',NULL,NULL,'en',1,39,NULL),
 (152,'2006-04-21 10:30:15','added',86,31,10,3,'http://metadataregistry.org/uri/NSDLEdLvl/1013',10,30,'en',1,39,NULL),
 (153,'2006-04-21 10:54:17','added',116,31,10,1,'Ninth Grade',10,NULL,'en',1,39,NULL),
 (154,'2006-04-21 10:54:35','added',117,31,10,10,'Term Source: http://www.ed.gov',10,NULL,'en',1,39,NULL),
 (159,'2006-04-14 19:11:49','added',4,4,10,19,'Grades Pre-K to 12',NULL,NULL,'en',1,39,NULL),
 (160,'2006-04-21 10:21:22','added',70,4,10,16,'http://metadataregistry.org/uri/NSDLEdLvl/1001',10,5,'en',1,39,NULL),
 (161,'2006-04-21 10:39:30','added',97,4,10,16,'http://metadataregistry.org/uri/NSDLEdLvl/1013',10,30,'en',1,39,NULL),
 (162,'2006-04-21 10:39:53','added',99,4,10,16,'URI',10,11,'en',1,39,NULL),
 (169,'2006-04-21 10:04:40','added',54,23,10,19,'Graduate',NULL,NULL,'en',1,39,NULL),
 (170,'2006-04-22 19:51:09','added',124,23,10,22,'Provided in graduate and professional schools that generally require a university diploma as a minimum condition for admission. [ISCED]',10,NULL,'en',1,39,NULL),
 (171,'2006-04-22 19:51:44','added',125,23,10,1,'Post-Graduate Education',10,NULL,'en',1,39,NULL),
 (172,'2006-04-22 19:51:57','added',126,23,10,1,'Professional Education',10,NULL,'en',1,39,NULL),
 (173,'2006-04-22 19:52:52','added',128,23,10,3,'http://metadataregistry.org/uri/NSDLEdLvl/1019',10,20,'en',1,39,NULL),
 (174,'2006-04-22 19:59:04','added',138,23,10,3,'http://metadataregistry.org/uri/NSDLEdLvl/1018',10,19,'en',1,39,NULL),
 (183,'2006-04-21 10:10:30','added',61,30,10,19,'High School',NULL,NULL,'en',1,39,NULL),
 (184,'2006-04-21 10:30:15','added',87,30,10,16,'http://metadataregistry.org/uri/NSDLEdLvl/1014',10,31,'en',1,39,NULL),
 (185,'2006-04-21 10:30:29','added',89,30,10,16,'http://metadataregistry.org/uri/NSDLEdLvl/1015',10,32,'en',1,39,NULL),
 (186,'2006-04-21 10:30:45','added',91,30,10,16,'http://metadataregistry.org/uri/NSDLEdLvl/1016',10,33,'en',1,39,NULL),
 (187,'2006-04-21 10:31:00','added',93,30,10,16,'http://metadataregistry.org/uri/NSDLEdLvl/1017',10,34,'en',1,39,NULL),
 (188,'2006-04-21 10:31:59','added',94,30,10,10,'Term Source: http://www.ed.gov',10,NULL,'en',1,39,NULL),
 (189,'2006-04-21 10:32:25','added',95,30,10,1,'Secondary School',10,NULL,'en',1,39,NULL),
 (190,'2006-04-21 10:39:30','added',96,30,10,3,'http://metadataregistry.org/uri/NSDLEdLvl/1000',10,4,'en',1,39,NULL),
 (199,'2006-04-21 10:02:25','added',51,20,10,19,'Higher Education',NULL,NULL,'en',1,39,NULL),
 (200,'2006-04-22 19:52:52','added',127,20,10,16,'http://metadataregistry.org/uri/NSDLEdLvl/1022',10,23,'en',1,39,NULL),
 (201,'2006-04-22 19:54:20','added',130,20,10,16,'http://metadataregistry.org/uri/NSDLEdLvl/1020',10,21,'en',1,39,NULL),
 (202,'2006-04-22 19:54:38','added',132,20,10,16,'http://metadataregistry.org/uri/NSDLEdLvl/1021',10,22,'en',1,39,NULL),
 (203,'2006-04-22 19:55:13','added',134,20,10,3,'http://metadataregistry.org/uri/NSDLEdLvl/1018',10,19,'en',1,39,NULL),
 (204,'2006-04-22 19:55:50','added',135,20,10,5,'Education beyond the secondary level, especially education at the college or university level. [American Heritage Dictionary of the English Language, 4th ed., 2000]',10,NULL,'en',1,39,NULL),
 (205,'2006-04-22 19:56:04','added',136,20,10,1,'College',10,NULL,'en',1,39,NULL),
 (206,'2006-04-22 19:56:26','added',137,20,10,10,'Term Source: http://www.ed.gov',10,NULL,'en',1,39,NULL),
 (211,'2006-04-21 10:07:39','added',55,24,10,19,'Kindergarten',NULL,NULL,'en',1,39,NULL),
 (212,'2006-04-21 10:23:21','added',82,24,10,3,'http://metadataregistry.org/uri/NSDLEdLvl/1001',10,5,'en',1,39,NULL),
 (213,'2006-04-21 10:42:37','added',100,24,10,5,'A program or class for four-year-old to six-year-old children that serves as an introduction to school [American Heritage Dictionary of the English Language]',10,NULL,'en',1,39,NULL),
 (214,'2006-04-21 10:43:14','added',101,24,10,10,'Term Source: http://www.ed.gov',10,NULL,'en',1,39,NULL),
 (221,'2006-04-21 09:27:21','added',35,11,10,1,'Junior High School',10,NULL,'en',1,39,NULL),
 (222,'2006-04-21 09:28:14','added',36,11,10,10,'Term Source: http://www.ed.gov',10,NULL,'en',1,39,NULL),
 (223,'2006-04-21 09:34:22','added',38,11,10,3,'http://metadataregistry.org/uri/NSDLEdLvl/1000',10,4,'en',1,39,NULL),
 (224,'2006-04-21 10:13:32','added',67,11,10,16,'http://metadataregistry.org/uri/NSDLEdLvl/1010',10,16,'en',1,39,NULL),
 (225,'2006-04-21 10:17:25','added',69,11,10,16,'http://metadataregistry.org/uri/NSDLEdLvl/1011',10,17,'en',1,39,NULL),
 (226,'2006-04-21 10:52:57','added',112,11,10,16,'http://metadataregistry.org/uri/NSDLEdLvl/1012',10,18,'en',1,39,NULL),
 (232,'2006-04-21 10:01:48','added',50,19,10,19,'Postsecondary',NULL,NULL,'en',1,39,NULL),
 (233,'2006-04-22 19:55:12','added',133,19,10,16,'http://metadataregistry.org/uri/NSDLEdLvl/1019',10,20,'en',1,39,NULL),
 (234,'2006-04-22 19:59:04','added',139,19,10,16,'http://metadataregistry.org/uri/NSDLEdLvl/1022',10,23,'en',1,39,NULL),
 (235,'2006-04-22 20:00:03','added',140,19,10,5,'All education beyond the secondary level -- includes learning activities and experiences beyond the compulsory school attendance age with the exception of adult basic education and high school equivalency programs.',10,NULL,'en',1,39,NULL),
 (236,'2006-04-22 20:00:35','added',141,19,10,10,'Term Source: http://www.ed.gov',10,NULL,'en',1,39,NULL),
 (245,'2006-04-14 19:13:56','added',6,6,10,19,'Pre-Kindergarten',NULL,NULL,'en',1,39,NULL),
 (246,'2006-04-17 11:36:14','added',13,6,10,1,'Nursery School',NULL,NULL,'en',1,39,NULL),
 (247,'2006-04-17 11:36:36','added',14,6,10,1,'Pre-K',NULL,NULL,'en',1,39,NULL),
 (248,'2006-04-17 11:36:50','added',15,6,10,1,'Preschool',NULL,NULL,'en',1,39,NULL),
 (249,'2006-04-17 11:37:31','added',16,6,10,3,'http://metadataregistry.org/uri/NSDLEdLvl/1001',NULL,5,'en',1,39,NULL),
 (250,'2006-04-17 11:38:10','added',17,6,10,5,'Activities and/or experiences that are intended to effect developmental changes in children, from birth to entrance in kindergarten (or grade 1 when kindergarten is not attended) [ERIC]',NULL,NULL,'en',1,39,NULL),
 (251,'2006-04-17 11:38:56','added',18,6,10,10,'Term source: http://www.ed.gov</skos:historyNote',NULL,NULL,'en',1,39,NULL),
 (252,'2006-04-21 10:25:25','added',84,6,10,3,'http://metadataregistry.org/uri/NSDLEdLvl/1001',10,5,'en',1,39,NULL),
 (255,'2006-04-21 10:03:18','added',52,21,10,19,'Undergraduate (Lower Divison)',NULL,NULL,'en',1,39,NULL),
 (256,'2006-04-22 19:54:20','added',129,21,10,3,'http://metadataregistry.org/uri/NSDLEdLvl/1019',10,20,'en',1,39,NULL),
 (259,'2006-04-21 10:04:04','added',53,22,10,19,'Undergraduate (Upper Divison)',NULL,NULL,'en',1,39,NULL),
 (260,'2006-04-22 19:54:38','added',131,22,10,3,'http://metadataregistry.org/uri/NSDLEdLvl/1019',10,20,'en',1,39,NULL),
 (265,'2006-04-24 08:42:50','added',142,35,11,19,'Abstract',NULL,NULL,'en',1,39,NULL),
 (266,'2006-04-24 09:04:27','added',185,35,11,1,'Summary',11,NULL,'en',1,39,NULL),
 (267,'2006-04-24 09:04:37','added',186,35,11,5,'A condensed version of a larger piece of work outlining the major points and conclusions.',11,NULL,'en',1,39,NULL),
 (268,'2006-04-24 09:05:10','added',187,35,11,6,'Term source: http://www.dlese.org/Metadata/index.htm',11,NULL,'en',1,39,NULL),
 (273,'2006-04-24 08:43:13','added',143,36,11,19,'Annotation',NULL,NULL,'en',1,39,NULL),
 (274,'2006-04-24 09:11:18','added',188,36,11,1,'Review',11,NULL,'en',1,39,NULL),
 (275,'2006-04-24 09:11:31','added',189,36,11,1,'Comment',11,NULL,'en',1,39,NULL),
 (276,'2006-04-24 09:11:44','added',190,36,11,5,'A comment (usually added to a text) [Hyperdictionary]',11,NULL,'en',1,39,NULL),
 (286,'2006-04-24 08:43:40','added',144,37,11,19,'Article',NULL,NULL,'en',1,39,NULL),
 (287,'2006-04-24 09:13:48','added',191,37,11,5,'In publishing, an article is a piece of nonfictional prose that is an independent part of a publication (such as a book, journal, magazine, or newspaper). This sense of article overlaps with the usage of the word essay. In an encyclopedia or other reference work, an article is a primary division of content. [Wikipedia]',11,NULL,'en',1,39,NULL),
 (288,'2006-04-24 09:14:08','added',192,37,11,1,'Research Paper',11,NULL,'en',1,39,NULL),
 (289,'2006-04-24 09:14:30','added',193,37,11,1,'Research Article',11,NULL,'en',1,39,NULL),
 (290,'2006-04-24 09:14:50','added',194,37,11,1,'Scholarly Publication',11,NULL,'en',1,39,NULL),
 (291,'2006-04-24 09:15:43','added',195,37,11,1,'Peer Reviewed Article',11,NULL,'en',1,39,NULL),
 (292,'2006-04-24 09:15:55','added',196,37,11,1,'Newspaper Article',11,NULL,'en',1,39,NULL),
 (293,'2006-04-24 09:16:32','added',198,37,11,3,'http://metadataregistry.org/uri/NSDLResType/1026',11,61,'en',1,39,NULL),
 (294,'2006-04-24 09:16:46','added',200,37,11,3,'http://metadataregistry.org/uri/NSDLResType/1032',11,67,'en',1,39,NULL),
 (299,'2006-04-24 08:43:54','added',145,38,11,19,'Artifact',NULL,NULL,'en',1,39,NULL),
 (300,'2006-04-24 09:18:29','added',201,38,11,5,'Anything made by human art and workmanship; an artificial product. [Oxford\r\nEnglish Dictionary]',11,NULL,'en',1,39,NULL),
 (301,'2006-04-24 09:18:41','added',202,38,11,1,'Physical Object',11,NULL,'en',1,39,NULL),
 (302,'2006-04-24 09:19:01','added',203,38,11,6,'Term source: http://www.thegateway.org',11,NULL,'en',1,39,NULL),
 (307,'2006-04-24 08:44:33','added',146,39,11,19,'Ask-an-Expert',NULL,NULL,'en',1,39,NULL),
 (308,'2006-04-24 09:25:00','added',204,39,11,1,'Virtual Reference',11,NULL,'en',1,39,NULL),
 (309,'2006-04-24 09:25:13','added',205,39,11,5,'Service where one can submit questions for personal response to either an individual or group of people who have specific expertise in the area of interest.',11,NULL,'en',1,39,NULL),
 (310,'2006-04-24 09:25:42','added',206,39,11,10,'Term source: http://www.dlese.org/Metadata/index.htm',11,NULL,'en',1,39,NULL),
 (317,'2006-04-24 08:44:47','added',147,40,11,19,'Assessment',NULL,NULL,'en',1,39,NULL),
 (318,'2006-04-24 09:34:01','added',207,40,11,5,'Resource used to evaluate or measure progress, development, ability, skill, understanding, knowledge, or achievement. [iLumina]',11,NULL,'en',1,39,NULL),
 (319,'2006-04-24 09:34:19','added',208,40,11,1,'Self-Assessment',11,NULL,'en',1,39,NULL),
 (320,'2006-04-24 09:34:28','added',209,40,11,1,'Test',11,NULL,'en',1,39,NULL),
 (321,'2006-04-24 09:34:54','added',210,40,11,6,'Term source: http://www.ilumina-dlib.org/documents/learning_resource_type.htm',11,NULL,'en',1,39,NULL),
 (322,'2006-05-23 15:03:11','added',356,40,11,21,'http://metadataregistry.org/uri/NSDLResType/1034',11,69,'en',1,39,NULL),
 (327,'2006-04-24 08:45:16','added',148,41,11,19,'Bibliography',NULL,NULL,'en',1,39,NULL),
 (328,'2006-04-24 09:36:00','added',211,41,11,1,'References',11,NULL,'en',1,39,NULL),
 (329,'2006-04-24 09:36:21','added',212,41,11,5,'A list often with descriptive or critical notes of writings relating to a particular subject, period, or author. [Merriam-Webster]',11,NULL,'en',1,39,NULL),
 (330,'2006-04-24 09:36:39','added',213,41,11,6,'Term source: http://www.edna.edu.au/edna/go/pid/333',11,NULL,'en',1,39,NULL),
 (340,'2006-04-24 08:45:44','added',149,42,11,19,'Broadcast',NULL,NULL,'en',1,39,NULL),
 (341,'2006-04-24 09:40:05','added',214,42,11,5,'Recording of a newscast, talk show, or other audio or audio/visual presentation originally generated via the radio, television or the Internet. ',11,NULL,'en',1,39,NULL),
 (342,'2006-04-24 09:40:27','added',215,42,11,1,'Radio Broadcast',11,NULL,'en',1,39,NULL),
 (343,'2006-04-24 09:40:38','added',216,42,11,1,'Telecast',11,NULL,'en',1,39,NULL),
 (344,'2006-04-24 09:40:49','added',217,42,11,1,'Webcast',11,NULL,'en',1,39,NULL),
 (345,'2006-04-24 09:40:59','added',218,42,11,1,'Screencast',11,NULL,'en',1,39,NULL),
 (346,'2006-04-24 09:41:19','added',219,42,11,1,'Kinescope',11,NULL,'en',1,39,NULL),
 (347,'2006-04-24 09:41:31','added',220,42,11,1,'Video',11,NULL,'en',1,39,NULL),
 (348,'2006-04-24 09:41:59','added',221,42,11,6,'Term source: http://www.dlese.org/Metadata/index.htm',11,NULL,'en',1,39,NULL),
 (353,'2006-04-24 08:46:10','added',150,43,11,19,'Case Study',NULL,NULL,'en',1,39,NULL),
 (354,'2006-04-24 16:10:58','added',226,43,11,5,'Resource offering intensive analysis of an individual unit (as a person or community) stressing developmental factors in relation to environment or a scientific study of a specific location or region.',11,NULL,'en',1,39,NULL),
 (355,'2006-04-24 16:11:39','added',227,43,11,5,'A detailed study of the development of a particular person, group, or situation\r\nover a period of time; a particular instance used to illustrate a thesis or principle. [Compact Oxford English Dictionary]',11,NULL,'en',1,39,NULL),
 (356,'2006-04-24 16:12:05','added',228,43,11,6,'Term source: http://www.dlese.org/Metadata/index.htm',11,NULL,'en',1,39,NULL),
 (363,'2006-04-24 08:46:27','added',151,44,11,19,'Clearinghouse',NULL,NULL,'en',1,39,NULL),
 (364,'2006-04-24 16:14:09','added',229,44,11,5,'A central agency for the collection, classification, and distribution especially\r\nof information; broadly : an informal channel for distributing information or assistance. [Merriam-Webster Online]',11,NULL,'en',1,39,NULL),
 (365,'2006-04-24 16:14:27','added',231,44,11,21,'http://metadataregistry.org/uri/NSDLResType/1028',11,63,'en',1,39,NULL),
 (366,'2006-04-24 16:15:36','added',232,44,11,5,'Resource with links to other sites organized around a topic or topics. [DLESE]',11,NULL,'en',1,39,NULL),
 (367,'2006-04-24 16:16:04','added',233,44,11,6,'Second sentence of DLESE definition deleted.',11,NULL,'en',1,39,NULL),
 (368,'2006-04-24 16:16:26','added',234,44,11,6,'Term source: http://www.dlese.org/Metadata/index.htm',11,NULL,'en',1,39,NULL),
 (378,'2006-04-24 08:46:54','added',152,45,11,19,'Course',NULL,NULL,'en',1,39,NULL),
 (379,'2006-04-24 16:25:39','added',236,45,11,16,'http://metadataregistry.org/uri/NSDLResType/1037',11,72,'en',1,39,NULL),
 (380,'2006-04-24 16:26:11','added',238,45,11,16,'http://metadataregistry.org/uri/NSDLResType/1022',11,57,'en',1,39,NULL),
 (381,'2006-04-24 16:26:51','added',240,45,11,16,'http://metadataregistry.org/uri/NSDLResType/1029',11,64,'en',1,39,NULL),
 (382,'2006-04-24 16:27:10','added',242,45,11,3,'http://metadataregistry.org/uri/NSDLResType/1011',11,46,'en',1,39,NULL),
 (383,'2006-04-24 16:29:03','added',244,45,11,16,'http://metadataregistry.org/uri/NSDLResType/1031',11,66,'en',1,39,NULL),
 (384,'2006-04-24 16:29:35','added',246,45,11,21,'http://metadataregistry.org/uri/NSDLResType/1038',11,73,'en',1,39,NULL),
 (385,'2006-04-24 16:30:08','added',247,45,11,5,'A set of teaching and learning materials intended to achieve a wide range of objectives over an extended period of time.',11,NULL,'en',1,39,NULL),
 (386,'2006-04-24 16:30:42','added',248,45,11,6,'Term source: http://www.ilumina-dlib.org/documents/learning_resource_type.htm',11,NULL,'en',1,39,NULL),
 (392,'2006-04-24 08:47:07','added',153,46,11,19,'Curriculum',NULL,NULL,'en',1,39,NULL),
 (393,'2006-04-24 16:27:10','added',241,46,11,16,'http://metadataregistry.org/uri/NSDLResType/1010',11,45,'en',1,39,NULL),
 (394,'2006-04-24 16:32:12','added',249,46,11,5,'A program of study.',11,NULL,'en',1,39,NULL),
 (395,'2006-04-24 16:32:36','added',250,46,11,6,'Term source: http://www.dlese.org/Metadata/index.htm',11,NULL,'en',1,39,NULL),
 (396,'2006-04-24 16:32:58','added',251,46,11,6,'Term source: http://www.thegateway.org/',11,NULL,'en',1,39,NULL),
 (402,'2006-04-24 08:47:27','added',154,47,11,19,'Data Set',NULL,NULL,'en',1,39,NULL),
 (403,'2006-04-24 16:33:49','added',252,47,11,1,'Dataset',11,NULL,'en',1,39,NULL),
 (404,'2006-04-24 16:34:20','added',253,47,11,5,'A collection of data elements in the form of a list, table, or database intended for use with another learning resource. [iLumina]',11,NULL,'en',1,39,NULL),
 (405,'2006-04-24 16:34:48','added',254,47,11,5,'An organized collection of data with a common theme. [GIS Dictionary]',11,NULL,'en',1,39,NULL),
 (406,'2006-04-24 16:35:40','added',255,47,11,6,'Term source: http://www.ilumina-dlib.org/documents/learning_resource_type.htm',11,NULL,'en',1,39,NULL),
 (412,'2006-04-24 08:47:49','added',155,48,11,19,'Demonstration',NULL,NULL,'en',1,39,NULL),
 (413,'2006-04-24 16:37:11','added',257,48,11,21,'http://metadataregistry.org/uri/NSDLResType/1014',11,49,'en',1,39,NULL),
 (414,'2006-04-24 16:37:26','added',259,48,11,21,'http://metadataregistry.org/uri/NSDLResType/1035',11,70,'en',1,39,NULL),
 (415,'2006-04-24 16:38:19','added',260,48,11,5,'Resource that uses a video or audio recording to show or explain a procedure, process, or principle. Note a verbal explanation is not required, the explanation may be implied through an action. This is distinct from simulations in that demonstrations have real objects in them as opposed to representations.',11,NULL,'en',1,39,NULL),
 (416,'2006-04-24 16:38:56','added',261,48,11,5,'An illustration or explanation, as of a theory or product, by exemplification or practical application. [American Heritage Dictionary, 4th ed.]',11,NULL,'en',1,39,NULL),
 (422,'2006-04-24 08:48:20','added',156,49,11,19,'Experiment',NULL,NULL,'en',1,39,NULL),
 (423,'2006-04-24 16:37:11','added',256,49,11,21,'http://metadataregistry.org/uri/NSDLResType/1013',11,48,'en',1,39,NULL),
 (424,'2006-04-24 16:40:18','added',262,49,11,5,'A scientific procedure undertaken to make a discovery, test a hypothesis, or demonstrate a known fact. [Compact Oxford English Dictionary]',11,NULL,'en',1,39,NULL),
 (425,'2006-04-24 16:40:33','added',263,49,11,1,'Laboratory Experiment',11,NULL,'en',1,39,NULL),
 (426,'2006-05-23 13:29:49','added',300,49,11,6,'Term source: http://www.ischool.washington.edu/sasutton/IEEE1484.html',11,NULL,'en',1,39,NULL),
 (431,'2006-04-24 08:48:31','added',157,50,11,19,'Fiction',NULL,NULL,'en',1,39,NULL),
 (432,'2006-04-24 16:53:01','added',264,50,11,5,'Prose literature, especially novels, describing imaginary events and people.',11,NULL,'en',1,39,NULL),
 (433,'2006-04-24 16:54:11','added',265,50,11,22,'Do not use for technical documentation and guides, or field and instructor\'s guides.',11,NULL,'en',1,39,NULL),
 (434,'2006-04-24 16:54:52','added',266,50,11,6,'Eliminated \'book\" from the term, moved former definition exclusions to scope note.',11,NULL,'en',1,39,NULL),
 (438,'2006-04-24 08:48:58','added',158,51,11,19,'Form',NULL,NULL,'en',1,39,NULL),
 (439,'2006-04-24 16:58:08','added',270,51,11,1,'Webform',11,NULL,'en',1,39,NULL),
 (440,'2006-04-24 16:58:23','added',271,51,11,5,'A formatted document containing blank fields that users can fill in with data. [Webopedia]',11,NULL,'en',1,39,NULL),
 (446,'2006-04-24 08:49:23','added',159,52,11,19,'Forum',NULL,NULL,'en',1,39,NULL),
 (447,'2006-04-24 16:59:45','added',272,52,11,1,'Discussion',11,NULL,'en',1,39,NULL),
 (448,'2006-04-24 16:59:57','added',273,52,11,1,'Listserv',11,NULL,'en',1,39,NULL),
 (449,'2006-04-24 17:00:15','added',274,52,11,1,'Message Board',11,NULL,'en',1,39,NULL),
 (450,'2006-04-24 17:00:26','added',275,52,11,5,'A meeting or medium for an exchange of views. [Compact Oxford English Dictionary]',11,NULL,'en',1,39,NULL),
 (455,'2006-04-24 08:49:46','added',160,53,11,19,'Game',NULL,NULL,'en',1,39,NULL),
 (456,'2006-05-23 13:20:09','added',297,53,11,1,'Educational game',11,NULL,'en',1,39,NULL),
 (457,'2006-05-23 13:21:05','added',298,53,11,5,'An activity designed to teach about a certain subject or help learn a skill. [Wikipedia: Educational games]',11,NULL,'en',1,39,NULL),
 (458,'2006-05-23 13:22:36','added',299,53,11,6,'Term source: http://www.ischool.washington.edu/sasutton/IEEE1484.html',11,NULL,'en',1,39,NULL),
 (462,'2006-04-24 08:49:59','added',161,54,11,19,'Glossary',NULL,NULL,'en',1,39,NULL),
 (463,'2006-05-23 13:33:26','added',301,54,11,1,'Wordlist',11,NULL,'en',1,39,NULL),
 (464,'2006-05-23 13:34:25','added',302,54,11,5,'An alphabetical list of words relating to a specific subject, text, or dialect, with explanations. [Compact Oxford English Dictionary]',11,NULL,'en',1,39,NULL),
 (472,'2006-04-24 08:50:27','added',162,55,11,19,'Illustration',NULL,NULL,'en',1,39,NULL),
 (473,'2006-05-23 13:36:01','added',304,55,11,21,'http://metadataregistry.org/uri/NSDLResType/1027',11,62,'en',1,39,NULL),
 (474,'2006-05-23 13:36:15','added',305,55,11,1,'Diagram',11,NULL,'en',1,39,NULL),
 (475,'2006-05-23 13:36:26','added',306,55,11,1,'Graph',11,NULL,'en',1,39,NULL),
 (476,'2006-05-23 13:36:38','added',307,55,11,1,'Drawing',11,NULL,'en',1,39,NULL),
 (477,'2006-05-23 13:37:31','added',308,55,11,1,'Chart',11,NULL,'en',1,39,NULL),
 (478,'2006-05-23 13:39:04','added',309,55,11,5,'Visual matter used to clarify or decorate a text. [American Heritage Dictionary, 4th ed.]',11,NULL,'en',1,39,NULL),
 (485,'2006-04-24 08:50:40','added',163,56,11,19,'Instructor Guide',NULL,NULL,'en',1,39,NULL),
 (486,'2006-05-23 13:40:55','added',310,56,11,1,'Teacher Guide',11,NULL,'en',1,39,NULL),
 (487,'2006-05-23 13:41:07','added',311,56,11,1,'Teaching Guide',11,NULL,'en',1,39,NULL),
 (488,'2006-05-23 13:41:37','added',313,56,11,21,'http://metadataregistry.org/uri/NSDLResType/1036',11,71,'en',1,39,NULL),
 (489,'2006-05-23 13:42:35','added',314,56,11,5,'Supporting resource for teachers regarding the use of learning materials with respect to learning objectives, classroom management, materials, assessment, and additional reference material. ',11,NULL,'en',1,39,NULL),
 (490,'2006-05-23 13:43:13','added',315,56,11,6,'Term source: http://www.dlese.org/Metadata/index.htm',11,NULL,'en',1,39,NULL),
 (498,'2006-04-24 08:51:29','added',164,57,11,19,'Lesson',NULL,NULL,'en',1,39,NULL),
 (499,'2006-04-24 16:26:11','added',237,57,11,3,'http://metadataregistry.org/uri/NSDLResType/1010',11,45,'en',1,39,NULL),
 (500,'2006-05-23 13:43:43','added',316,57,11,1,'Activity',11,NULL,'en',1,39,NULL),
 (501,'2006-05-23 13:43:56','added',317,57,11,1,'Classroom activity',11,NULL,'en',1,39,NULL),
 (502,'2006-05-23 13:47:41','added',318,57,11,5,'Resource to support students\' learning of specific concepts or content. May include teaching instructions (educational goals, learning objectives, procedures, etc.) or resources for direct student use ranging from printable text to interactive online activities.',11,NULL,'en',1,39,NULL),
 (503,'2006-05-23 13:48:17','added',319,57,11,5,'A specific assignment to a student. [Wordsmyth]',11,NULL,'en',1,39,NULL),
 (504,'2006-05-23 13:48:57','added',320,57,11,6,'Term source: http://www.goenc.com',11,NULL,'en',1,39,NULL),
 (509,'2006-04-24 08:51:41','added',165,58,11,19,'Map',NULL,NULL,'en',1,39,NULL),
 (510,'2006-05-23 13:50:24','added',321,58,11,5,'A 2-dimensional representation of a single point in time or space that illustrates fairly static physical features (e.g., topos, soil, road, bedrock maps, etc.)',11,NULL,'en',1,39,NULL),
 (511,'2006-05-23 13:51:14','added',322,58,11,5,'A representation usually on a flat surface of the whole or a part of an area. [Merriam-Webster Online]',11,NULL,'en',1,39,NULL),
 (512,'2006-05-23 13:51:51','added',323,58,11,6,'Term source: http://www.dlese.org/Metadata/index.htm',11,NULL,'en',1,39,NULL),
 (517,'2006-04-24 08:52:06','added',166,59,11,19,'Music',NULL,NULL,'en',1,39,NULL),
 (518,'2006-05-23 14:20:30','added',324,59,11,5,'Vocal, instrumental, or mechanical sounds having rhythm, melody, or harmony. [Merriam-Webster Online]',11,NULL,'en',1,39,NULL),
 (519,'2006-05-23 14:21:23','added',325,59,11,22,'Use also for recordings and musical notation.',11,NULL,'en',1,39,NULL),
 (520,'2006-05-23 14:22:40','added',326,59,11,6,'Term source: http://www.dlese.org/Metadata/index.htm.  Substituted a more general definition and added the scope note.',11,NULL,'en',1,39,NULL),
 (525,'2006-04-24 08:52:39','added',167,60,11,19,'Oral History',NULL,NULL,'en',1,39,NULL),
 (526,'2006-05-23 14:25:00','added',327,60,11,5,'Recorded historical information obtained in interviews concerning personal experiences and recollections.',11,NULL,'en',1,39,NULL),
 (527,'2006-05-23 14:25:16','added',328,60,11,22,'Includes oral history transcriptions.',11,NULL,'en',1,39,NULL),
 (528,'2006-05-23 14:25:43','added',329,60,11,6,'Term source: http://www.dlese.org/Metadata/index.htm',11,NULL,'en',1,39,NULL),
 (535,'2006-04-24 08:53:07','added',168,61,11,19,'Periodical',NULL,NULL,'en',1,39,NULL),
 (536,'2006-04-24 09:16:32','added',197,61,11,16,'http://metadataregistry.org/uri/NSDLResType/1002',11,37,'en',1,39,NULL),
 (537,'2006-05-23 14:26:25','added',330,61,11,1,'Journal',11,NULL,'en',1,39,NULL),
 (538,'2006-05-23 14:26:34','added',331,61,11,1,'Magazine',11,NULL,'en',1,39,NULL),
 (539,'2006-05-23 14:35:24','added',332,61,11,5,'Publication that is produced on some predictable schedule, such as weekly, monthly or annually. ',11,NULL,'en',1,39,NULL),
 (540,'2006-05-23 14:36:00','added',333,61,11,6,'Term source: http://www.dlese.org/Metadata/index.htm',11,NULL,'en',1,39,NULL),
 (544,'2006-04-24 08:53:56','added',169,62,11,19,'Photograph',NULL,NULL,'en',1,39,NULL),
 (545,'2006-05-23 13:36:01','added',303,62,11,21,'http://metadataregistry.org/uri/NSDLResType/1020',11,55,'en',1,39,NULL),
 (546,'2006-05-23 14:37:20','added',334,62,11,5,'A picture made by using a camera that records an image on a light-sensitive surface. [Wordsmyth]',11,NULL,'en',1,39,NULL),
 (552,'2006-04-24 08:54:59','added',170,63,11,19,'Portal',NULL,NULL,'en',1,39,NULL),
 (553,'2006-04-24 16:14:27','added',230,63,11,21,'http://metadataregistry.org/uri/NSDLResType/1009',11,44,'en',1,39,NULL),
 (554,'2006-05-23 14:38:33','added',335,63,11,5,'Homepage that is the entrance to a large complex website holding a variety of related resources, hosted by a single organization or group of related organizations.',11,NULL,'en',1,39,NULL),
 (555,'2006-05-23 14:39:22','added',336,63,11,5,'A website considered as an entry point to other websites, often by being or providing access to a search engine. [dictionary.com]',11,NULL,'en',1,39,NULL),
 (556,'2006-05-23 14:40:14','added',337,63,11,6,'Term source: http://www.dlese.org/Metadata/index.htm',11,NULL,'en',1,39,NULL),
 (563,'2006-04-24 08:55:15','added',171,64,11,19,'Presentation',NULL,NULL,'en',1,39,NULL),
 (564,'2006-04-24 16:26:51','added',239,64,11,3,'http://metadataregistry.org/uri/NSDLResType/1010',11,45,'en',1,39,NULL),
 (565,'2006-05-23 14:41:45','added',338,64,11,1,'Lecture',11,NULL,'en',1,39,NULL),
 (566,'2006-05-23 14:42:23','added',339,64,11,5,'Unit of instruction organized and delivered by an instructor for the purpose of informing a group about a topic.',11,NULL,'en',1,39,NULL),
 (567,'2006-05-23 14:43:03','added',340,64,11,5,'Something, such as a lecture or speech, that is set forth for an audience. [American Heritage Dictionary, 4th ed.]',11,NULL,'en',1,39,NULL),
 (568,'2006-05-23 14:43:57','added',341,64,11,6,'Term source: http://www.ilumina-dlib.org/documents/learning_resource_type.htm',11,NULL,'en',1,39,NULL),
 (573,'2006-04-24 08:55:39','added',172,65,11,19,'Problem Set',NULL,NULL,'en',1,39,NULL),
 (574,'2006-05-23 14:45:13','added',342,65,11,1,'Homework Assignment',11,NULL,'en',1,39,NULL),
 (575,'2006-05-23 14:45:55','added',343,65,11,5,'Series of tasks or questions posed to the student, as in homework or other assignment.',11,NULL,'en',1,39,NULL),
 (576,'2006-05-23 14:46:27','added',344,65,11,6,'Term source: http://www.dlese.org/Metadata/index.htm',11,NULL,'en',1,39,NULL),
 (582,'2006-04-24 08:55:52','added',173,66,11,19,'Project',NULL,NULL,'en',1,39,NULL),
 (583,'2006-04-24 16:29:03','added',243,66,11,3,'http://metadataregistry.org/uri/NSDLResType/1010',11,45,'en',1,39,NULL),
 (584,'2006-05-23 14:47:24','added',345,66,11,5,'Activity fo extend or apply concepts taught in a course that usually culminates in a product.',11,NULL,'en',1,39,NULL),
 (585,'2006-05-23 14:48:08','added',346,66,11,5,'A task or poblem engaged in usually by a group of students to supplement and apply classroom studies. [Merriam-Webster Online]',11,NULL,'en',1,39,NULL),
 (586,'2006-05-23 14:48:48','added',347,66,11,6,'Term source: http://www.ilumina-dlib.org/documents/learning_resource_type.htm',11,NULL,'en',1,39,NULL),
 (593,'2006-04-24 08:56:16','added',174,67,11,19,'Reference',NULL,NULL,'en',1,39,NULL),
 (594,'2006-04-24 09:16:46','added',199,67,11,16,'http://metadataregistry.org/uri/NSDLResType/1002',11,37,'en',1,39,NULL),
 (595,'2006-05-23 14:49:15','added',348,67,11,1,'Reference Book',11,NULL,'en',1,39,NULL),
 (596,'2006-05-23 14:50:37','added',349,67,11,5,'A source of information, ranging in size from a large compendium to something that is small and specialized, intended to be used as an authoritative source or to begin to research a topic.',11,NULL,'en',1,39,NULL),
 (597,'2006-05-23 14:51:18','added',350,67,11,5,'A comprehensive, systematically organized collection of information such as a dictionary, encyclopedia or almanac. [EdNA]',11,NULL,'en',1,39,NULL),
 (598,'2006-05-23 14:54:33','added',351,67,11,6,'Term source: http://www.goenc.com',11,NULL,'en',1,39,NULL),
 (604,'2006-04-24 08:56:37','added',175,68,11,19,'Remotely Sensed Imagery',NULL,NULL,'en',1,39,NULL),
 (605,'2006-05-23 14:55:35','added',352,68,11,1,'Satellite Imagery',11,NULL,'en',1,39,NULL),
 (606,'2006-05-23 14:55:47','added',353,68,11,1,'Radar Imagery',11,NULL,'en',1,39,NULL),
 (607,'2006-05-23 14:56:46','added',354,68,11,5,'Imagery generated from measuring devices that are not in direct contact with the medium they are measuring (e.g., radar or satellite imagery)',11,NULL,'en',1,39,NULL),
 (608,'2006-05-23 14:57:24','added',355,68,11,6,'Term source: http://www.dlese.org/Metadata/index.htm',11,NULL,'en',1,39,NULL),
 (613,'2006-04-24 08:57:48','added',176,69,11,19,'Report',NULL,NULL,'en',1,39,NULL),
 (614,'2006-05-23 15:03:11','added',357,69,11,21,'http://metadataregistry.org/uri/NSDLResType/1005',11,40,'en',1,39,NULL),
 (615,'2006-05-23 15:04:19','added',358,69,11,5,'Detailed account or statement, often outlining the results or events of a meeting, endeavor, activity or study (e.g., review, evaluation).',11,NULL,'en',1,39,NULL),
 (616,'2006-05-23 15:13:35','added',359,69,11,6,'Term source: http://www.dlese.org/Metadata/index.htm',11,NULL,'en',1,39,NULL),
 (622,'2006-04-24 08:58:02','added',177,70,11,19,'Simulation',NULL,NULL,'en',1,39,NULL),
 (623,'2006-04-24 16:37:25','added',258,70,11,21,'http://metadataregistry.org/uri/NSDLResType/1013',11,48,'en',1,39,NULL),
 (624,'2006-05-23 15:15:11','added',360,70,11,5,'Imitative representation, such as animations or artificial manipulations of photographs, of the function of a system, process or principle. Note that the imitative nature of this distinguishes it from a demonstration.',11,NULL,'en',1,39,NULL),
 (625,'2006-05-23 15:15:54','added',361,70,11,5,'Representation of the operation or features of one process or system through the use of another. [American Heritage Dictionary, 4th ed.]',11,NULL,'en',1,39,NULL),
 (626,'2006-05-23 15:17:06','added',362,70,11,6,'Term source: http://www.goenc.com',11,NULL,'en',1,39,NULL),
 (633,'2006-04-24 08:58:32','added',178,71,11,19,'Study Guide',NULL,NULL,'en',1,39,NULL),
 (634,'2006-04-30 12:58:00','added',295,71,11,21,'http://metadataregistry.org/uri/NSDLResType/1040',11,75,'en',1,39,NULL),
 (635,'2006-05-23 13:41:37','added',312,71,11,21,'http://metadataregistry.org/uri/NSDLResType/1021',11,56,'en',1,39,NULL),
 (636,'2006-05-23 15:18:27','added',363,71,11,5,'A guide to provide students with content information and/or hints, techniques, or management ideas in a particular area.',11,NULL,'en',1,39,NULL),
 (637,'2006-05-23 15:20:12','added',364,71,11,5,'A student tool used to help facilitate learning and comprehension of literature, research topics, history, and other subjects. Most study guides summarize chapters of novels or the important elements of the subject. [Wikipedia]',11,NULL,'en',1,39,NULL),
 (638,'2006-05-23 15:22:01','added',365,71,11,6,'Term source: http://www.rdn.ac.uk/publications/rdn-ltsn/types',11,NULL,'en',1,39,NULL),
 (643,'2006-04-24 08:58:52','added',179,72,11,19,'Syllabus',NULL,NULL,'en',1,39,NULL),
 (644,'2006-04-24 16:25:39','added',235,72,11,3,'http://metadataregistry.org/uri/NSDLResType/1010',11,45,'en',1,39,NULL),
 (645,'2006-05-23 15:23:22','added',366,72,11,5,'Plan showing the structure of a particular course, including course description and objectives, grading policy, materials, assignments, lesson sequence, and course calendar.',11,NULL,'en',1,39,NULL),
 (646,'2006-05-23 15:23:56','added',367,72,11,6,'Term source: http://www.ilumina-dlib.org/documents/learning_resource_type.htm',11,NULL,'en',1,39,NULL),
 (651,'2006-04-24 08:59:24','added',180,73,11,19,'Textbook',NULL,NULL,'en',1,39,NULL),
 (652,'2006-04-24 16:29:35','added',245,73,11,21,'http://metadataregistry.org/uri/NSDLResType/1010',11,45,'en',1,39,NULL),
 (653,'2006-05-23 15:24:58','added',368,73,11,5,'Resource providing comprehensive materials for specific topics; often includes chapters or other typical book components.',11,NULL,'en',1,39,NULL),
 (654,'2006-05-23 15:25:28','added',369,73,11,6,'Term source: http://www.goenc.com',11,NULL,'en',1,39,NULL),
 (660,'2006-04-24 08:59:37','added',181,74,11,19,'Thesis',NULL,NULL,'en',1,39,NULL),
 (661,'2006-05-23 15:26:04','added',370,74,11,1,'Dissertation',11,NULL,'en',1,39,NULL),
 (662,'2006-05-23 15:26:23','added',371,74,11,5,'Scholarly work as for an academic degree.',11,NULL,'en',1,39,NULL),
 (663,'2006-05-23 15:27:13','added',372,74,11,5,'A long essay or dissertation involving personal research, written as part of a university degree. [Compact Oxford English Dictionary]',11,NULL,'en',1,39,NULL),
 (664,'2006-05-23 15:27:42','added',373,74,11,6,'Term source: http://www.dlese.org/Metadata/index.htm',11,NULL,'en',1,39,NULL),
 (670,'2006-04-24 09:00:07','added',182,75,11,19,'Tutorial',NULL,NULL,'en',1,39,NULL),
 (671,'2006-04-30 12:58:01','added',296,75,11,21,'http://metadataregistry.org/uri/NSDLResType/1036',11,71,'en',1,39,NULL),
 (672,'2006-05-23 15:28:52','added',374,75,11,5,'Resource that provides guided information about a specific subject.',11,NULL,'en',1,39,NULL),
 (673,'2006-05-23 15:29:34','added',375,75,11,5,'A session or course of concentrated instruction given by a tutor, often on a special topic. [Wordsmyth]',11,NULL,'en',1,39,NULL),
 (674,'2006-05-23 15:30:06','added',376,75,11,6,'Term source: http://www.dlese.org/Metadata/index.htm',11,NULL,'en',1,39,NULL),
 (679,'2006-04-24 09:00:21','added',183,76,11,19,'Field Trip',NULL,NULL,'en',1,39,NULL),
 (680,'2006-04-24 16:56:00','added',267,76,11,1,'Virtual Field Trip',11,NULL,'en',1,39,NULL),
 (681,'2006-04-24 16:56:46','added',268,76,11,5,'A trip or excursion to a place, often by a group of students or the like, to gain\r\nfirsthand information, knowledge, or experience. Includes descriptions or plans for actual field trips as well as virtual field trips. [Wordsmyth]',11,NULL,'en',1,39,NULL),
 (682,'2006-04-24 16:57:12','added',269,76,11,10,'Term source: http://www.dlese.org/Metadata/index.htm',11,NULL,'en',1,39,NULL),
 (688,'2006-04-24 09:00:42','added',184,77,11,19,'Weblog',NULL,NULL,'en',1,39,NULL),
 (689,'2006-05-23 15:31:10','added',377,77,11,1,'Web Log',11,NULL,'en',1,39,NULL),
 (690,'2006-05-23 15:31:22','added',378,77,11,1,'Blog',11,NULL,'en',1,39,NULL),
 (691,'2006-05-23 15:32:07','added',379,77,11,5,'A web-based publication consisting primarily of periodic articles, written by one person or a group. [Wikipedia]',11,NULL,'en',1,39,NULL),
 (692,'2006-05-23 15:32:39','added',380,77,11,6,'Term source: http://www.goenc.com',11,NULL,'en',1,39,NULL),
 (696,'2006-06-06 11:29:14','added',391,93,15,19,'orgAddress',NULL,NULL,'en',1,39,NULL),
 (697,'2006-06-07 13:40:59','added',413,93,15,1,'Organization Address',15,NULL,'en',1,39,NULL),
 (698,'2006-06-07 13:41:27','added',414,93,15,5,'The street or mailing address for an organization.',15,NULL,'en',1,39,NULL),
 (702,'2006-06-06 11:29:03','added',390,92,15,19,'orgEmailAddress',NULL,NULL,'en',1,39,NULL),
 (703,'2006-06-07 13:39:27','added',411,92,15,1,'Organization Email Address',15,NULL,'en',1,39,NULL),
 (704,'2006-06-07 13:40:23','added',412,92,15,5,'The email address associated with the organization. Generally the email address used for general contact for the organization, not associated with a particular person.',15,NULL,'en',1,39,NULL),
 (709,'2006-06-06 11:28:50','added',389,91,15,19,'orgName',NULL,NULL,'en',1,39,NULL),
 (710,'2006-06-07 13:36:18','added',408,91,15,1,'Organization Name',15,NULL,'en',1,39,NULL),
 (711,'2006-06-07 13:38:12','added',409,91,15,5,'The name of an organization.',15,NULL,'en',1,39,NULL),
 (712,'2006-06-07 13:38:38','added',410,91,15,10,'Same as: foaf:organization',15,NULL,'en',1,39,NULL),
 (717,'2006-06-06 11:29:27','added',392,94,15,19,'orgPhoneNumber',NULL,NULL,'en',1,39,NULL),
 (718,'2006-06-07 13:42:06','added',415,94,15,1,'Organization WebPage',15,NULL,'en',1,39,NULL),
 (719,'2006-06-07 13:44:13','added',416,94,15,5,'A general phone number for the organization, not normally associated with a particular person.',15,NULL,'en',1,39,NULL),
 (720,'2006-06-07 13:44:32','added',417,94,15,5,'A general phone number for the organization, not normally associated with a particular person.',15,NULL,'en',1,39,NULL),
 (725,'2006-06-06 11:29:38','added',393,95,15,19,'orgWebPage',NULL,NULL,'en',1,39,NULL),
 (726,'2006-06-07 13:45:05','added',418,95,15,1,'Organization WebPage',15,NULL,'en',1,39,NULL),
 (727,'2006-06-07 13:45:27','added',419,95,15,5,'The webpage associated with the organization as a whole.',15,NULL,'en',1,39,NULL),
 (728,'2006-06-07 13:46:26','added',420,95,15,10,'Same as: foaf:homepage',15,NULL,'en',1,39,NULL),
 (732,'2006-06-06 11:25:38','added',386,88,15,19,'persAddress',NULL,NULL,'en',1,39,NULL),
 (733,'2006-06-07 13:27:15','added',402,88,15,1,'Person Address',15,NULL,'en',1,39,NULL),
 (734,'2006-06-07 13:27:50','added',403,88,15,5,'The street or mailing address of the person. The registry normally asks only for business addresses.',15,NULL,'en',1,39,NULL),
 (738,'2006-06-06 11:26:58','added',387,89,15,19,'persAffiliation',NULL,NULL,'en',1,39,NULL),
 (739,'2006-06-07 13:33:40','added',404,89,15,1,'Person Affiliation',15,NULL,'en',1,39,NULL),
 (740,'2006-06-07 13:34:13','added',405,89,15,5,'The business affiliation of a person.',15,NULL,'en',1,39,NULL),
 (745,'2006-06-06 11:24:53','added',384,86,15,19,'persEmailAddress',NULL,NULL,'en',1,39,NULL),
 (746,'2006-06-07 13:19:25','added',396,86,15,1,'Person Email Address',15,NULL,'en',1,39,NULL),
 (747,'2006-06-07 13:19:44','added',397,86,15,5,'The personal email address of an agent.',15,NULL,'en',1,39,NULL),
 (748,'2006-06-07 13:21:23','added',398,86,15,10,'Same as: foaf:mbox',15,NULL,'en',1,39,NULL),
 (752,'2006-06-06 11:24:21','added',383,85,15,19,'persName',NULL,NULL,'en',1,39,NULL),
 (753,'2006-06-06 11:33:13','added',394,85,15,1,'Personal Name',15,NULL,'en',1,39,NULL),
 (754,'2006-06-06 11:34:48','added',395,85,15,10,'Same as foaf:person',15,NULL,'en',1,39,NULL),
 (759,'2006-06-06 11:25:16','added',385,87,15,19,'persPhoneNumber',NULL,NULL,'en',1,39,NULL),
 (760,'2006-06-07 13:22:34','added',399,87,15,1,'Person Phone Number',15,NULL,'en',1,39,NULL),
 (761,'2006-06-07 13:24:43','added',400,87,15,5,'The phone number where the person can be reached. The registry generally asks only for business phone numbers.',15,NULL,'en',1,39,NULL),
 (762,'2006-06-07 13:26:36','added',401,87,15,10,'Same as: foaf:phone',15,NULL,'en',1,39,NULL),
 (766,'2006-06-06 11:27:11','added',388,90,15,19,'role',NULL,NULL,'en',1,39,NULL),
 (767,'2006-06-07 13:35:12','added',406,90,15,5,'The role of the person in the context of a vocabulary.',15,NULL,'en',1,39,NULL),
 (768,'2006-06-07 13:35:49','added',407,90,15,22,'Used with a set of specific roles.',15,NULL,'en',1,39,NULL),
 (772,'2006-06-07 14:02:16','added',426,101,16,19,'agent',NULL,NULL,'en',1,38,NULL),
 (773,'2006-06-07 16:32:39','added',429,101,16,5,'The person or organization having a role with the Vocabulary.',16,NULL,'en',1,38,NULL),
 (774,'2006-06-07 16:33:27','added',430,101,16,22,'In general the agent will be represented with a registry URI.',16,NULL,'en',1,38,NULL),
 (778,'2006-06-07 14:01:40','added',424,99,16,19,'baseDomain',NULL,NULL,'en',1,38,NULL),
 (779,'2006-06-07 16:37:31','added',431,99,16,5,'The initial portion of the URI that emanates either from the owner\'s domain or the registry.',16,NULL,'en',1,38,NULL),
 (780,'2006-06-07 16:40:00','added',433,99,16,1,'Base Domain',16,NULL,'en',1,38,NULL),
 (783,'2006-06-07 14:02:24','added',427,102,16,19,'community',NULL,NULL,'en',1,38,NULL),
 (784,'2006-06-07 16:39:27','added',432,102,16,5,'A topic or keyword designating the community for which the vocabulary is relevant.',16,NULL,'en',1,38,NULL),
 (788,'2006-06-07 14:01:09','added',421,96,16,19,'vocabName',NULL,NULL,'en',1,38,NULL),
 (789,'2006-06-07 16:40:39','added',434,96,16,1,'Vocabulary Name',16,NULL,'en',1,38,NULL),
 (790,'2006-06-07 16:41:32','added',435,96,16,5,'The name of the vocabulary, generally that by which it is commonly known.',16,NULL,'en',1,38,NULL),
 (794,'2006-06-07 14:02:34','added',428,103,16,19,'vocabNote',NULL,NULL,'en',1,38,NULL),
 (795,'2006-06-07 16:42:11','added',436,103,16,1,'Vocabulary Note',16,NULL,'en',1,38,NULL),
 (796,'2006-06-07 16:42:38','added',437,103,16,5,'A note about the usage or history of the vocabulary.',16,NULL,'en',1,38,NULL),
 (800,'2006-06-07 14:02:09','added',425,100,16,19,'vocabToken',NULL,NULL,'en',1,38,NULL),
 (801,'2006-06-07 16:43:04','added',438,100,16,1,'Vocabulary Token',16,NULL,'en',1,38,NULL),
 (802,'2006-06-07 16:44:34','added',439,100,16,5,'A unique alphanumeric string used to identify the vocabulary.',16,NULL,'en',1,38,NULL),
 (806,'2006-06-07 14:01:22','added',422,97,16,19,'vocabURI',NULL,NULL,'en',1,38,NULL),
 (807,'2006-06-07 16:45:42','added',440,97,16,1,'Vocabulary URI',16,NULL,'en',1,38,NULL),
 (808,'2006-06-07 16:46:34','added',441,97,16,5,'The URI used for machine access to the vocabulary.',16,NULL,'en',1,38,NULL),
 (812,'2006-06-07 14:01:30','added',423,98,16,19,'vocabURL',NULL,NULL,'en',1,38,NULL),
 (813,'2006-06-07 16:47:05','added',442,98,16,1,'Vocabulary URL',16,NULL,'en',1,38,NULL),
 (814,'2006-06-07 16:48:29','added',443,98,16,5,'The URL used for the human-readable representation of the vocabulary or a searchable access point to the vocabulary.',16,NULL,'en',1,38,NULL),
 (818,'2006-06-15 20:18:15','added',444,104,17,19,'Issued',NULL,NULL,'en',1,39,NULL),
 (819,'2006-06-15 20:19:39','added',447,104,17,5,'Date on which the class or property was issued.',17,NULL,'en',1,39,NULL),
 (820,'2006-06-15 20:20:06','added',448,104,17,10,'Term Source: SKOS',17,NULL,'en',1,39,NULL),
 (822,'2006-06-15 20:18:23','added',445,105,17,19,'Modified',NULL,NULL,'en',1,39,NULL),
 (824,'2006-06-15 20:18:44','added',446,106,17,19,'Status',NULL,NULL,'en',1,39,NULL),
 (828,'2006-07-02 16:09:40','added',469,127,18,19,'Alternative assessment',NULL,NULL,'en',1,38,NULL),
 (829,'2006-07-03 00:20:24','added',479,127,18,5,'Describes alternatives to traditional, standardized, norm- or criterion-referenced traditional paper and pencil testing. An alternative assessment might require students to answer an open-ended question, work out a solution to a problem, perform a demonstration of a skill, or in some way produce work rather than select an answer from choices on a sheet of paper. Portfolios and instructor observation of students are also alternative forms of assessment. (New Horizons)',18,NULL,'en',1,38,NULL),
 (830,'2006-07-03 00:21:26','added',480,127,18,1,'Assessment alternatives',18,NULL,'en',1,38,NULL),
 (833,'2006-07-02 20:39:59','added',475,133,18,19,'Authentic assessment',NULL,NULL,'en',1,38,NULL),
 (834,'2006-07-03 00:24:46','added',481,133,18,5,'Evaluating by asking for the behavior the learning is intended to produce. The concept of model, practice, feedback in which students know what excellent performance is and are guided to practice an entire concept rather than bits and pieces in preparation for eventual understanding. A variety of techniques can be employed in authentic assessment. (New Horizons)',18,NULL,'en',1,38,NULL),
 (837,'2006-07-02 20:35:36','added',470,128,18,19,'Curriculum based assessment',NULL,NULL,'en',1,38,NULL),
 (838,'2006-07-03 00:26:26','added',482,128,18,5,'Direct and frequent measurement of student performance on the classroom curriculum in order to ascertain student instructional needs -- used principally for instructional decision\r\nmaking, the approach also supports screening, placement, and monitoring in special education. (note: see also the identifier \"curriculum related testing\") (ERIC)',18,NULL,'en',1,38,NULL),
 (841,'2006-07-02 20:36:17','added',471,129,18,19,'Informal assessment',NULL,NULL,'en',1,38,NULL),
 (842,'2006-07-03 00:32:50','added',485,129,18,5,'Appraisal of an individual\'s or group\'s status or growth by means other than standardized instruments. (ERIC)',18,NULL,'en',1,38,NULL),
 (845,'2006-07-02 20:41:02','added',476,134,18,19,'Observation',NULL,NULL,'en',1,38,NULL),
 (846,'2006-07-03 00:33:24','added',486,134,18,5,'Directed or intentional examination of persons, situations, or things to obtain information -- includes the quantified values by which observed facts are represented. (ERIC)',18,NULL,'en',1,38,NULL),
 (849,'2006-07-02 20:36:43','added',472,130,18,19,'Peer evaluation',NULL,NULL,'en',1,38,NULL),
 (850,'2006-07-03 00:33:50','added',487,130,18,5,'Evaluation by one\'s peers. (ERIC)',18,NULL,'en',1,38,NULL),
 (853,'2006-07-02 20:41:53','added',477,135,18,19,'Portfolio assessment',NULL,NULL,'en',1,38,NULL),
 (854,'2006-07-03 00:34:20','added',488,135,18,5,'Systematic collection of a student\'s work samples, records of observation, test results, etc., over a period of time for the purpose of evaluating student growth and achievement -- used occasionally with populations other than students. (note: prior to dec94, \"portfolios (background materials)\" was used, usually with \"student evaluation,\" to index this concept) (ERIC)',18,NULL,'en',1,38,NULL),
 (857,'2006-07-02 20:37:28','added',473,131,18,19,'Self-evaluation',NULL,NULL,'en',1,38,NULL),
 (858,'2006-07-03 00:35:33','added',489,131,18,5,'Assessment of an institution, organization, program, etc., by its members or sponsors. ',18,NULL,'en',1,38,NULL),
 (861,'2006-07-02 20:43:19','added',478,136,18,19,'Standardized testing',8,NULL,'en',1,38,NULL),
 (862,'2006-07-03 00:35:59','added',490,136,18,5,' Tests for which content has been selected and checked empirically, norms have been established, uniform methods of administering have been developed, and which may be scored with a relatively high degree of objectivity. (ERIC)',18,NULL,'en',1,38,NULL),
 (865,'2006-07-02 20:39:12','added',474,132,18,19,'Testing',NULL,NULL,'en',1,38,NULL),
 (866,'2006-07-03 00:36:26','added',491,132,18,5,'Gathering and processing information about individuals\' ability, skill, understanding, or knowledge under controlled conditions. (note: see also \"evaluation\" and \"measurement\") (ERIC)',18,NULL,'en',1,38,NULL),
 (872,'2006-07-10 16:43:40','added',530,155,19,19,'21st Century Content',NULL,NULL,'en',1,38,NULL),
 (873,'2006-07-10 16:45:56','added',535,155,19,16,'http://purl.org/ASN/scheme/P21/concepts#Global_Awareness',19,156,'en',1,38,NULL),
 (874,'2006-07-10 16:46:26','added',537,155,19,16,'http://purl.org/ASN/scheme/P21/concepts#Financial_Economic_and_Business_Literacy',19,157,'en',1,38,NULL),
 (875,'2006-07-10 16:46:48','added',539,155,19,16,'http://purl.org/ASN/scheme/P21/concepts#Civic_Literacy',19,158,'en',1,38,NULL),
 (876,'2006-07-10 18:08:52','added',631,155,19,5,'Education and business leaders identified significant emerging content areas that are critical to success in communities and workplaces.',19,NULL,'en',1,38,NULL),
 (880,'2006-07-10 16:41:13','added',527,154,19,19,'21st Century Context',NULL,NULL,'en',1,38,NULL),
 (881,'2006-07-10 16:42:18','added',528,154,19,3,'http://purl.org/ASN/scheme/P21/concepts#Learning_and_Teaching',19,141,'en',1,38,NULL),
 (882,'2006-07-10 18:09:43','added',632,154,19,5,'Students need to learn academic content through real-world examples, applications and experiences both inside and outside of school. Students are better learners when education is relevant, engaging and meaningful to their lives--they understand subjects better and retain more information.',19,NULL,'en',1,38,NULL),
 (886,'2006-07-10 17:40:15','added',589,182,19,19,'Accountability',NULL,NULL,'en',1,38,NULL),
 (887,'2006-07-10 17:44:21','added',602,182,19,3,'http://purl.org/ASN/scheme/P21/concepts#Leading_and_Managing',19,138,'en',1,38,NULL),
 (888,'2006-07-10 17:59:40','added',610,182,19,5,'All schools and districts are evaluated on student achievement of 21st Century Skills, the systemic incorporation of 21st Century Skills, the efficiency of educational programs, and professional development programs that include 21st Century Skills.',19,NULL,'en',1,38,NULL),
 (890,'2006-07-10 17:10:48','added',569,170,19,19,'Accountability and Adaptability',NULL,NULL,'en',1,38,NULL),
 (892,'2006-07-10 16:40:13','added',526,153,19,19,'Arts',NULL,NULL,'en',1,38,NULL),
 (896,'2006-07-10 17:14:58','added',574,173,19,19,'Assessment',NULL,NULL,'en',1,38,NULL),
 (897,'2006-07-10 17:15:59','added',575,173,19,3,'http://purl.org/ASN/scheme/P21/concepts#Learning_and_Teaching',19,141,'en',1,38,NULL),
 (898,'2006-07-10 18:14:10','added',633,173,19,5,'All assessments are learner-centered, formative, content specific, ongoing and rooted in teaching strategies and most assessments use technology.',19,NULL,'en',1,38,NULL),
 (902,'2006-07-10 18:06:24','added',627,187,19,19,'Business',NULL,NULL,'en',1,38,NULL),
 (903,'2006-07-10 18:06:49','added',629,187,19,3,'http://purl.org/ASN/scheme/P21/concepts#Partnering',19,139,'en',1,38,NULL),
 (904,'2006-07-10 18:07:07','added',630,187,19,5,'K-12 and private sector partners regularly work together to ensure student preparation for the workplace and the mastery of 21st Century Skills, and businesses regularly support educational programs that promote 21st Century Skills.',19,NULL,'en',1,38,NULL),
 (907,'2006-07-10 16:45:05','added',533,158,19,19,'Civic Literacy',NULL,NULL,'en',1,38,NULL),
 (908,'2006-07-10 16:46:48','added',538,158,19,3,'http://purl.org/ASN/scheme/P21/concepts#21st_Century_Content',19,155,'en',1,38,NULL),
 (910,'2006-07-10 16:37:40','added',521,148,19,19,'Civics',NULL,NULL,'en',1,38,NULL),
 (914,'2006-07-10 16:59:17','added',553,164,19,19,'Communication Skills',NULL,NULL,'en',1,38,NULL),
 (915,'2006-07-10 17:02:52','added',556,164,19,3,'http://purl.org/ASN/scheme/P21/concepts#Information_and_Communication_Skills',19,160,'en',1,38,NULL),
 (916,'2006-07-10 18:20:34','added',636,164,19,5,'Understanding, managing and creating effective oral, written and multimedia communication in a variety of forms and contexts.',19,NULL,'en',1,38,NULL),
 (921,'2006-07-10 18:01:36','added',615,184,19,19,'Community',NULL,NULL,'en',1,38,NULL),
 (922,'2006-07-10 18:01:56','added',617,184,19,3,'http://purl.org/ASN/scheme/P21/concepts#Partnering',19,139,'en',1,38,NULL),
 (923,'2006-07-10 18:02:15','added',618,184,19,5,'Community programs support learner mastery of 21st Century Skills and coordinate with school programs to promote strategies that reinforce 21st Century Skills.',19,NULL,'en',1,38,NULL),
 (924,'2006-07-10 18:21:25','added',637,184,19,5,'Community programs support learner mastery of 21st Century Skills and coordinate with school programs to promote strategies that reinforce 21st Century Skills.',19,NULL,'en',1,38,NULL),
 (928,'2006-07-10 18:04:48','added',623,186,19,19,'Content Providers',NULL,NULL,'en',1,38,NULL),
 (929,'2006-07-10 18:05:22','added',625,186,19,3,'http://purl.org/ASN/scheme/P21/concepts#Partnering',19,139,'en',1,38,NULL),
 (930,'2006-07-10 18:05:50','added',626,186,19,5,'Content providers create content and resources that include standards with 21st Century Skills and education leaders work with content providers to develop aligned resources, assessment and curriculum integrated with the appropriate 21st Century Tools and educational systems.',19,NULL,'en',1,38,NULL),
 (938,'2006-07-04 12:59:49','added',501,142,19,19,'Core Subjects',NULL,NULL,'en',1,38,NULL),
 (939,'2006-07-04 13:00:27','added',502,142,19,3,'http://purl.org/ASN/scheme/P21/concepts#Learning_and_Teaching',19,141,'en',1,38,NULL),
 (940,'2006-07-04 13:06:05','added',511,142,19,16,'http://purl.org/ASN/scheme/P21/concepts#Language_Arts',19,144,'en',1,38,NULL),
 (941,'2006-07-04 13:07:50','added',512,142,19,16,'http://purl.org/ASN/scheme/P21/concepts#English',19,143,'en',1,38,NULL),
 (942,'2006-07-04 13:11:25','added',516,142,19,16,'http://purl.org/ASN/scheme/P21/concepts#Mathematics',19,145,'en',1,38,NULL),
 (943,'2006-07-04 13:13:00','added',519,142,19,16,'http://purl.org/ASN/scheme/P21/concepts#Science',19,146,'en',1,38,NULL),
 (944,'2006-07-10 18:22:51','added',638,142,19,5,'When students work towards mastery of core subjects, their study includes 21st Century content taught in a 21st Century Context.',19,NULL,'en',1,38,NULL),
 (947,'2006-07-10 17:06:01','added',560,167,19,19,'Creativity and Intellectual Curiosity',NULL,NULL,'en',1,38,NULL),
 (948,'2006-07-10 17:07:40','added',565,167,19,3,'http://purl.org/ASN/scheme/P21/concepts#Thinking_and_Problem_Solving_Skills',19,161,'en',1,38,NULL),
 (951,'2006-07-10 17:04:57','added',558,165,19,19,'Critical Thinking and Systems Thinking',NULL,NULL,'en',1,38,NULL),
 (952,'2006-07-10 17:06:48','added',561,165,19,3,'\r\nhttp://purl.org/ASN/scheme/P21/concepts#Thinking_and_Problem_Solving_Skills',19,161,'en',1,38,NULL),
 (954,'2006-07-10 16:39:14','added',523,150,19,19,'Economics',NULL,NULL,'en',1,38,NULL),
 (957,'2006-07-04 13:02:07','added',504,143,19,19,'English',NULL,NULL,'en',1,38,NULL),
 (958,'2006-07-04 13:04:09','added',507,143,19,3,'http://purl.org/ASN/scheme/P21/concepts#Core_Subjects',19,142,'en',1,38,NULL),
 (962,'2006-07-10 17:37:57','added',584,177,19,19,'Equitable Educational Opportunity',NULL,NULL,'en',1,38,NULL),
 (963,'2006-07-10 17:42:52','added',592,177,19,3,'http://purl.org/ASN/scheme/P21/concepts#Leading_and_Managing',19,138,'en',1,38,NULL),
 (964,'2006-07-10 17:55:17','added',605,177,19,5,'21st Century Tools are equitably distributed and there is access through homes, community centers, libraries and after-school programs, and students have access to environments that advance 21st Century Skills.',19,NULL,'en',1,38,NULL),
 (968,'2006-07-10 16:44:44','added',532,157,19,19,'Financial, Economic and Business Literacy',NULL,NULL,'en',1,38,NULL),
 (969,'2006-07-10 16:46:26','added',536,157,19,3,'http://purl.org/ASN/scheme/P21/concepts#21st_Century_Content',19,155,'en',1,38,NULL),
 (970,'2006-07-10 18:25:05','added',639,157,19,5,'Financial, economic and business literacy, and developing entrepreneurial skills to enhance workplace productivity and career options.',19,NULL,'en',1,38,NULL),
 (972,'2006-07-10 16:37:22','added',520,147,19,19,'Foreign Language',NULL,NULL,'en',1,38,NULL),
 (974,'2006-07-10 16:39:53','added',525,152,19,19,'Geography',NULL,NULL,'en',1,38,NULL),
 (977,'2006-07-10 16:44:05','added',531,156,19,19,'Global Awareness',NULL,NULL,'en',1,38,NULL),
 (978,'2006-07-10 16:45:56','added',534,156,19,3,'http://purl.org/ASN/scheme/P21/concepts#21st_Century_Content',19,155,'en',1,38,NULL),
 (980,'2006-07-10 16:37:58','added',522,149,19,19,'Government',NULL,NULL,'en',1,38,NULL),
 (984,'2006-07-10 18:03:00','added',619,185,19,19,'Higher Education and Teacher Preparation',NULL,NULL,'en',1,38,NULL),
 (985,'2006-07-10 18:03:45','added',621,185,19,3,'http://purl.org/ASN/scheme/P21/concepts#Partnering',19,139,'en',1,38,NULL),
 (986,'2006-07-10 18:04:11','added',622,185,19,5,'K-12 schools and higher education programs regularly work together to prepare students for college, including the integration of content and 21st Century Skills.',19,NULL,'en',1,38,NULL),
 (988,'2006-07-10 16:39:34','added',524,151,19,19,'History',NULL,NULL,'en',1,38,NULL),
 (994,'2006-07-10 16:50:57','added',543,160,19,19,'Information and Communication Skills',NULL,NULL,'en',1,38,NULL),
 (995,'2006-07-10 16:53:11','added',546,160,19,3,'http://purl.org/ASN/scheme/P21/concepts#Learning_Skills',19,159,'en',1,38,NULL),
 (996,'2006-07-10 17:01:30','added',555,160,19,16,'http://purl.org/ASN/scheme/P21/concepts#Information_and_Media_Literacy_Skills',19,163,'en',1,38,NULL),
 (997,'2006-07-10 17:02:52','added',557,160,19,16,'http://purl.org/ASN/scheme/P21/concepts#Communication_Skills',19,164,'en',1,38,NULL),
 (998,'2006-07-10 18:19:42','added',635,160,19,5,'Information and Media Literacy: Analyzing, accessing, managing, integrating, evaluating and creating information in a variety of forms and media. Understanding the role of media in society. Communication Skills: Understanding, managing and creating effective oral, written and multimedia communication in a variety of forms and contexts.',19,NULL,'en',1,38,NULL),
 (1001,'2006-07-10 16:58:58','added',552,163,19,19,'Information and Media Literacy Skills',NULL,NULL,'en',1,38,NULL);
INSERT INTO `reg_concept_property_history` (`id`,`created_at`,`action`,`concept_property_id`,`concept_id`,`vocabulary_id`,`skos_property_id`,`object`,`scheme_id`,`related_concept_id`,`language`,`status_id`,`created_user_id`,`change_note`) VALUES
 (1002,'2006-07-10 17:01:30','added',554,163,19,3,'http://purl.org/ASN/scheme/P21/concepts#Information_and_Communication_Skills',19,160,'en',1,38,NULL),
 (1006,'2006-07-10 17:39:17','added',586,179,19,19,'Infrastructure and System Integration',NULL,NULL,'en',1,38,NULL),
 (1007,'2006-07-10 17:43:34','added',596,179,19,3,'http://purl.org/ASN/scheme/P21/concepts#Leading_and_Managing',19,138,'en',1,38,NULL),
 (1008,'2006-07-10 17:57:11','added',607,179,19,5,'Infrastructure plans are structured to provide students, parents, teachers and administrators with seamless access to 21st Century Tools and technology in school, there is a process for handling technology support, and all technology is refreshed every three to four years.',19,NULL,'en',1,38,NULL),
 (1010,'2006-07-10 17:10:01','added',567,168,19,19,'Interpersonal and Collaborative Skills',NULL,NULL,'en',1,38,NULL),
 (1014,'2006-07-10 16:51:53','added',545,162,19,19,'Interpersonal and Self Directional Skills',NULL,NULL,'en',1,38,NULL),
 (1015,'2006-07-10 16:53:54','added',550,162,19,3,'http://purl.org/ASN/scheme/P21/concepts#Learning_Skills',19,159,'en',1,38,NULL),
 (1016,'2006-07-10 18:30:19','added',640,162,19,5,'Interpersonal and collaborative skills: Demonstrating teamwork and leadership: adapting to varied roles and responsibilities; working productively with others; exercising empathy; respecting diverse perspectives.  Self Direction: Monitoring one\'s own understanding and learning needs, locating appropriate resources, transferring learning from one domain to another. Accountability and Adaptability: Exercising personal responsibility and flexibility in personal, workplace and community contexts; setting and meeting high standards and goals for one\'s self and others; tolerating ambiguity.  Social Responsibility: Acting responsibly with the interests of the larger community in mind; demonstrating ethical behavior in personal, workplace and community contexts.',19,NULL,'en',1,38,NULL),
 (1020,'2006-07-10 17:39:37','added',587,180,19,19,'Knowledge and Skills',NULL,NULL,'en',1,38,NULL),
 (1021,'2006-07-10 17:43:51','added',598,180,19,3,'http://purl.org/ASN/scheme/P21/concepts#Leading_and_Managing',19,138,'en',1,38,NULL),
 (1022,'2006-07-10 17:57:54','added',608,180,19,5,'Administrators regularly use innovative management techniques, data-driven decision making and 21st Century Tools, and all administrators are proficient in the use of 21st Century Tools in the creation of curriculum and assessment.',19,NULL,'en',1,38,NULL),
 (1025,'2006-07-04 13:05:17','added',509,144,19,19,'Language Arts',NULL,NULL,'en',1,38,NULL),
 (1026,'2006-07-04 13:06:05','added',510,144,19,3,'http://purl.org/ASN/scheme/P21/concepts#Core_Subjects',19,142,'en',1,38,NULL),
 (1035,'2006-07-03 22:36:43','added',493,138,19,19,'Leading and Managing',NULL,NULL,'en',1,38,NULL),
 (1036,'2006-07-10 17:41:44','added',591,138,19,16,'http://purl.org/ASN/scheme/P21/concepts#Vision',19,176,'en',1,38,NULL),
 (1037,'2006-07-10 17:42:52','added',593,138,19,16,'http://purl.org/ASN/scheme/P21/concepts#Equitable_Educational_Opportunity',19,177,'en',1,38,NULL),
 (1038,'2006-07-10 17:43:15','added',595,138,19,16,'http://purl.org/ASN/scheme/P21/concepts#Planning_and_Allocating_Resources',19,178,'en',1,38,NULL),
 (1039,'2006-07-10 17:43:34','added',597,138,19,16,'http://purl.org/ASN/scheme/P21/concepts#Infrastructure_and_System_Integration',19,179,'en',1,38,NULL),
 (1040,'2006-07-10 17:43:51','added',599,138,19,16,'http://purl.org/ASN/scheme/P21/concepts#Knowledge_and_Skills',19,180,'en',1,38,NULL),
 (1041,'2006-07-10 17:44:05','added',601,138,19,16,'http://purl.org/ASN/scheme/P21/concepts#Policy_Making',19,181,'en',1,38,NULL),
 (1042,'2006-07-10 17:44:21','added',603,138,19,16,'http://purl.org/ASN/scheme/P21/concepts#Accountability',19,182,'en',1,38,NULL),
 (1051,'2006-07-04 12:59:24','added',500,141,19,19,'Learning and Teaching',NULL,NULL,'en',1,38,NULL),
 (1052,'2006-07-04 13:00:27','added',503,141,19,16,'http://purl.org/ASN/scheme/P21/concepts#Core_Subjects',19,142,'en',1,38,NULL),
 (1053,'2006-07-10 16:42:18','added',529,141,19,16,'http://purl.org/ASN/scheme/P21/concepts#21st_Century_Context',19,154,'en',1,38,NULL),
 (1054,'2006-07-10 16:49:44','added',542,141,19,16,'http://purl.org/ASN/scheme/P21/concepts#Learning_Skills',19,159,'en',1,38,NULL),
 (1055,'2006-07-10 17:14:05','added',573,141,19,16,'http://purl.org/ASN/scheme/P21/concepts#Learning_Tools',19,172,'en',1,38,NULL),
 (1056,'2006-07-10 17:15:59','added',576,141,19,16,'http://purl.org/ASN/scheme/P21/concepts#Assessment',19,173,'en',1,38,NULL),
 (1057,'2006-07-10 17:17:07','added',579,141,19,16,'http://purl.org/ASN/scheme/P21/concepts#Pedagogy',19,174,'en',1,38,NULL),
 (1058,'2006-07-10 17:35:35','added',582,141,19,16,'http://purl.org/ASN/scheme/P21/concepts#Professional_Development',19,175,'en',1,38,NULL),
 (1064,'2006-07-10 16:48:36','added',540,159,19,19,'Learning Skills',NULL,NULL,'en',1,38,NULL),
 (1065,'2006-07-10 16:49:44','added',541,159,19,3,'http://purl.org/ASN/scheme/P21/concepts#Learning_and_Teaching',19,141,'en',1,38,NULL),
 (1066,'2006-07-10 16:53:11','added',547,159,19,16,'http://purl.org/ASN/scheme/P21/concepts#Information_and_Communication_Skills',19,160,'en',1,38,NULL),
 (1067,'2006-07-10 16:53:32','added',549,159,19,16,'http://purl.org/ASN/scheme/P21/concepts#Thinking_and_Problem_Solving_Skills',19,161,'en',1,38,NULL),
 (1068,'2006-07-10 16:53:54','added',551,159,19,16,'http://purl.org/ASN/scheme/P21/concepts#Interpersonal_and_Self_Directional_Skills',19,162,'en',1,38,NULL),
 (1072,'2006-07-10 17:13:27','added',571,172,19,19,'Learning Tools',NULL,NULL,'en',1,38,NULL),
 (1073,'2006-07-10 17:14:05','added',572,172,19,3,'http://purl.org/ASN/scheme/P21/concepts#Learning_and_Teaching',19,141,'en',1,38,NULL),
 (1074,'2006-07-10 18:34:27','added',641,172,19,5,'In a digital world, students need to learn to use the tools to master the learning skills that are essential to everyday life and workplace productivity. This proficiency is known as ICT Literacy.',19,NULL,'en',1,38,NULL),
 (1077,'2006-07-04 13:10:52','added',514,145,19,19,'Mathematics',NULL,NULL,'en',1,38,NULL),
 (1078,'2006-07-04 13:11:25','added',515,145,19,3,'http://purl.org/ASN/scheme/P21/concepts#Core_Subjects',19,142,'en',1,38,NULL),
 (1082,'2006-07-10 18:00:18','added',611,183,19,19,'Parents',NULL,NULL,'en',1,38,NULL),
 (1083,'2006-07-10 18:00:50','added',613,183,19,3,'http://purl.org/ASN/scheme/P21/concepts#Partnering',19,139,'en',1,38,NULL),
 (1084,'2006-07-10 18:01:11','added',614,183,19,5,'Parents, students and teachers collaborate to create an education that includes the mastery of core subjects and 21st Century Skills, 21st Century Tools are used to facilitate dialogue, and most parents have a mastery of 21st Century Tools',19,NULL,'en',1,38,NULL),
 (1091,'2006-07-03 22:37:29','added',494,139,19,19,'Partnering',NULL,NULL,'en',1,38,NULL),
 (1092,'2006-07-10 18:00:50','added',612,139,19,16,'http://purl.org/ASN/scheme/P21/concepts#Parents',19,183,'en',1,38,NULL),
 (1093,'2006-07-10 18:01:56','added',616,139,19,16,'http://purl.org/ASN/scheme/P21/concepts#Community',19,184,'en',1,38,NULL),
 (1094,'2006-07-10 18:03:45','added',620,139,19,16,'http://purl.org/ASN/scheme/P21/concepts#Higher_Education_and_Teacher_Preparation',19,185,'en',1,38,NULL),
 (1095,'2006-07-10 18:05:22','added',624,139,19,16,'http://purl.org/ASN/scheme/P21/concepts#Content_Providers',19,186,'en',1,38,NULL),
 (1096,'2006-07-10 18:06:49','added',628,139,19,16,'http://purl.org/ASN/scheme/P21/concepts#Business',19,187,'en',1,38,NULL),
 (1100,'2006-07-10 17:16:32','added',577,174,19,19,'Pedagogy',NULL,NULL,'en',1,38,NULL),
 (1101,'2006-07-10 17:17:07','added',578,174,19,3,'http://purl.org/ASN/scheme/P21/concepts#Learning_and_Teaching',19,141,'en',1,38,NULL),
 (1102,'2006-07-10 18:36:22','added',642,174,19,5,'Teachers act as facilitators and partners for teaching and learning, all teachers use adaptable and flexible teaching strategies.',19,NULL,'en',1,38,NULL),
 (1106,'2006-07-10 17:38:22','added',585,178,19,19,'Planning and Allocating Resources',NULL,NULL,'en',1,38,NULL),
 (1107,'2006-07-10 17:43:15','added',594,178,19,3,'http://purl.org/ASN/scheme/P21/concepts#Leading_and_Managing',19,138,'en',1,38,NULL),
 (1108,'2006-07-10 17:56:06','added',606,178,19,5,'District resource allocation plans are structured to provide students, parents, teachers and administrators with seamless access to 21st Century Tools and technology in school, at home and any other place where learning activities are envisioned.',19,NULL,'en',1,38,NULL),
 (1112,'2006-07-10 17:39:57','added',588,181,19,19,'Policy Making',NULL,NULL,'en',1,38,NULL),
 (1113,'2006-07-10 17:44:05','added',600,181,19,3,'http://purl.org/ASN/scheme/P21/concepts#Leading_and_Managing',19,138,'en',1,38,NULL),
 (1114,'2006-07-10 17:58:30','added',609,181,19,5,'All curriculum, educational objectives and standards are aligned with assessment and include 21st Century skills and encourage the integration of 21st Century skills into both content mastery and administrative processes.',19,NULL,'en',1,38,NULL),
 (1117,'2006-07-10 17:05:30','added',559,166,19,19,'Problem Identification, Formulation and Solution',NULL,NULL,'en',1,38,NULL),
 (1118,'2006-07-10 17:07:16','added',563,166,19,3,'http://purl.org/ASN/scheme/P21/concepts#Thinking_and_Problem_Solving_Skills',19,161,'en',1,38,NULL),
 (1122,'2006-07-10 17:34:47','added',580,175,19,19,'Professional Development',NULL,NULL,'en',1,38,NULL),
 (1123,'2006-07-10 17:35:35','added',581,175,19,3,'http://purl.org/ASN/scheme/P21/concepts#Learning_and_Teaching',19,141,'en',1,38,NULL),
 (1124,'2006-07-10 18:38:34','added',643,175,19,5,'Professional development supports the application of 21st Century Skills in teaching and learning strategies and classroom management practices,and teachers use professional development to reinforce their content competency and integrate 21st Century Skills.',19,NULL,'en',1,38,NULL),
 (1127,'2006-07-04 13:12:35','added',517,146,19,19,'Science',NULL,NULL,'en',1,38,NULL),
 (1128,'2006-07-04 13:13:00','added',518,146,19,3,'http://purl.org/ASN/scheme/P21/concepts#Core_Subjects',19,142,'en',1,38,NULL),
 (1131,'2006-07-10 17:10:20','added',568,169,19,19,'Self Direction',NULL,NULL,'en',1,38,NULL),
 (1132,'2006-07-10 18:39:42','added',644,169,19,5,' Monitoring one\'s own understanding and learning needs, locating appropriate resources, transferring learning from one domain to another. \r\n',19,NULL,'en',1,38,NULL),
 (1135,'2006-07-10 17:11:09','added',570,171,19,19,'Social Responsibility',NULL,NULL,'en',1,38,NULL),
 (1136,'2006-07-10 18:41:35','added',645,171,19,5,'Acting responsibly with the interests of the larger community in mind; demonstrating ethical behavior in personal, workplace and community contexts.',19,NULL,'en',1,38,NULL),
 (1143,'2006-07-10 16:51:23','added',544,161,19,19,'Thinking and Problem Solving Skills',NULL,NULL,'en',1,38,NULL),
 (1144,'2006-07-10 16:53:32','added',548,161,19,3,'http://purl.org/ASN/scheme/P21/concepts#Learning_Skills',19,159,'en',1,38,NULL),
 (1145,'2006-07-10 17:06:48','added',562,161,19,16,'http://purl.org/ASN/scheme/P21/concepts#Critical_Thinking_and_Systems_Thinking',19,165,'en',1,38,NULL),
 (1146,'2006-07-10 17:07:16','added',564,161,19,16,'http://purl.org/ASN/scheme/P21/concepts#Problem_Identification_Formulation_and_Solution',19,166,'en',1,38,NULL),
 (1147,'2006-07-10 17:07:40','added',566,161,19,16,'http://purl.org/ASN/scheme/P21/concepts#Creativity_and_Intellectual_Curiosity',19,167,'en',1,38,NULL),
 (1148,'2006-07-10 18:42:37','added',646,161,19,5,'Critical Thinking and Systems Thinking: Exercising sound reasoning in understanding and making complex choices, understanding the interconnections among systems. Problem Identification, Formulation and Solution: Ability to frame, analyze and solve problems. Creativity and Intellectual Curiosity: Developing, implementing and communicating new ideas to others, staying open and responsive to new and diverse perspectives.',19,NULL,'en',1,38,NULL),
 (1152,'2006-07-10 17:37:29','added',583,176,19,19,'Vision',NULL,NULL,'en',1,38,NULL),
 (1153,'2006-07-10 17:41:44','added',590,176,19,3,'http://purl.org/ASN/scheme/P21/concepts#Leading_and_Managing',19,138,'en',1,38,NULL),
 (1154,'2006-07-10 17:54:09','added',604,176,19,5,'All administrators include the integration of 21st Century Skills as part of their overall vision for student achievement and act as role models for such integration, as well as create broad and inclusive plans that integrate 21st Century Skills into every aspect of learning, teaching and administrating.',19,NULL,'en',1,38,NULL),
 (1156,'2006-07-11 21:57:55','added',647,188,20,19,'Arts',NULL,NULL,'en',1,38,NULL),
 (1159,'2006-07-11 22:00:44','added',648,189,20,19,'Educational technology',NULL,NULL,'en',1,38,NULL),
 (1160,'2007-06-11 14:34:46','added',1010,189,20,3,'http://metadataregistry.org/uri//NSDLGEM/1003',25,293,'en',1,38,NULL),
 (1162,'2006-07-11 22:02:52','added',649,190,20,19,'Foreign languages',NULL,NULL,'en',1,38,NULL),
 (1164,'2006-07-11 22:04:21','added',650,191,20,19,'Health',NULL,NULL,'en',1,38,NULL),
 (1166,'2006-07-11 22:05:18','added',651,192,20,19,'Language arts',NULL,NULL,'en',1,38,NULL),
 (1168,'2006-07-11 22:06:54','added',652,193,20,19,'Mathematics',NULL,NULL,'en',1,38,NULL),
 (1170,'2006-07-11 22:12:09','added',653,194,20,19,'Philosophy',NULL,NULL,'en',1,38,NULL),
 (1172,'2006-07-11 22:13:30','added',654,195,20,19,'Physical education',NULL,NULL,'en',1,38,NULL),
 (1174,'2006-07-11 22:14:14','added',655,196,20,19,'Religion',NULL,NULL,'en',1,38,NULL),
 (1176,'2006-07-11 22:15:04','added',656,197,20,19,'Science',NULL,NULL,'en',1,38,NULL),
 (1178,'2006-07-11 22:16:06','added',657,198,20,19,'Social studies',NULL,NULL,'en',1,38,NULL),
 (1180,'2006-07-11 22:17:05','added',658,199,20,19,'Vocational education',NULL,NULL,'en',1,38,NULL),
 (1184,'2006-09-20 11:56:48','added',666,207,22,19,'Comments',NULL,NULL,'en',1,39,NULL),
 (1185,'2006-09-20 12:53:31','added',678,207,22,1,'Description',22,NULL,'en',1,39,NULL),
 (1186,'2006-09-20 12:53:53','added',679,207,22,10,'Called Description in the DCMI Registry.',22,NULL,'en',1,39,NULL),
 (1190,'2006-09-20 11:57:23','added',669,210,22,19,'DateCreated',NULL,NULL,'en',1,39,NULL),
 (1191,'2006-09-20 12:54:49','added',680,210,22,1,'Issued',22,NULL,'en',1,39,NULL),
 (1192,'2006-09-20 12:55:13','added',681,210,22,10,'Called Issued in the DCMI Registry.',22,NULL,'en',1,39,NULL),
 (1196,'2006-09-20 11:56:55','added',667,208,22,19,'DefinedBy',NULL,NULL,'en',1,39,NULL),
 (1197,'2006-09-20 12:55:55','added',682,208,22,1,'IsDefinedBy',22,NULL,'en',1,39,NULL),
 (1198,'2006-09-20 12:56:17','added',683,208,22,10,'Called IsDefinedBy in the DCMI Registry.',22,NULL,'en',1,39,NULL),
 (1200,'2006-09-20 11:56:37','added',665,206,22,19,'Definition',NULL,NULL,'en',1,39,NULL),
 (1202,'2006-09-20 11:56:12','added',663,204,22,19,'Label',NULL,NULL,'en',1,39,NULL),
 (1206,'2006-09-20 11:57:31','added',670,211,22,19,'LastUpdated',NULL,NULL,'en',1,39,NULL),
 (1207,'2006-09-20 12:57:29','added',684,211,22,1,'Last Updated',22,NULL,'en',1,39,NULL),
 (1208,'2006-09-20 12:57:50','added',685,211,22,10,'Called Modified in the DCMI Registry.',22,NULL,'en',1,39,NULL),
 (1212,'2006-09-20 11:56:23','added',664,205,22,19,'Name',NULL,NULL,'en',1,39,NULL),
 (1213,'2006-09-20 12:10:50','added',676,205,22,1,'Qualified Name',22,NULL,'en',1,39,NULL),
 (1214,'2006-09-20 12:11:52','added',677,205,22,10,'DCMI Registry uses Name; DC CD AP uses Qualified Name.',22,NULL,'en',1,39,NULL),
 (1216,'2006-09-20 11:58:16','added',672,213,22,19,'RefinedBy',NULL,NULL,'en',1,39,NULL),
 (1218,'2006-09-20 11:58:08','added',671,212,22,19,'Refines',NULL,NULL,'en',1,39,NULL),
 (1222,'2006-09-20 11:57:09','added',668,209,22,19,'TypeOfTerm',NULL,NULL,'en',1,39,NULL),
 (1223,'2006-09-20 13:53:11','added',686,209,22,1,'Type',22,NULL,'en',1,39,NULL),
 (1224,'2006-09-20 13:53:39','added',687,209,22,10,'Called Type in DCMI Registry.',22,NULL,'en',1,39,NULL),
 (1229,'2006-09-20 11:56:01','added',662,203,22,19,'URI',NULL,NULL,'en',1,39,NULL),
 (1230,'2006-09-20 11:59:21','added',673,203,22,1,'Term URI',22,NULL,'en',1,39,NULL),
 (1231,'2006-09-20 11:59:41','added',674,203,22,1,'Identifier',22,NULL,'en',1,39,NULL),
 (1232,'2006-09-20 12:01:05','added',675,203,22,10,'DCMI Registry uses no label for URIs; the DC CD AP uses \'Identifier.\'',22,NULL,'en',1,39,NULL),
 (1236,'2006-09-20 15:11:43','added',691,217,23,19,'APLabel',NULL,NULL,'en',1,36,NULL),
 (1237,'2006-09-30 13:45:42','added',721,217,23,1,'LabelInThisDCAP',NULL,NULL,'en',1,36,NULL),
 (1238,'2006-09-30 13:46:36','added',722,217,23,10,'LabelInThisDCAP used by the DC CD AP.',NULL,NULL,'en',1,36,NULL),
 (1242,'2006-09-20 15:12:29','added',694,220,23,19,'Comments',NULL,NULL,'en',1,36,NULL),
 (1243,'2006-09-30 15:58:51','added',745,220,23,5,'Additional information about the term or its application.',NULL,NULL,'en',1,36,NULL),
 (1244,'2006-09-30 15:59:12','added',746,220,23,10,'Definition from CEN CWA14855.',NULL,NULL,'en',1,36,NULL),
 (1248,'2006-09-20 15:15:50','added',707,233,23,19,'Condition',NULL,NULL,'en',1,36,NULL),
 (1249,'2006-09-30 13:54:32','added',723,233,23,5,'Describes the condition or conditions according to which a value shall be present.',NULL,NULL,'en',1,36,NULL),
 (1250,'2006-09-30 13:55:15','added',724,233,23,10,'Definition from CEN CWA14855.',NULL,NULL,'en',1,36,NULL),
 (1255,'2006-09-20 15:13:01','added',697,223,23,19,'DateCreated',NULL,NULL,'en',1,36,NULL),
 (1256,'2006-09-30 14:03:06','added',729,223,23,1,'Issued',NULL,NULL,'en',1,36,NULL),
 (1257,'2006-09-30 14:03:18','added',730,223,23,1,'DateIssued',NULL,NULL,'en',1,36,NULL),
 (1258,'2006-09-30 14:03:40','added',731,223,23,10,'Issued used by DCMI Registry.',NULL,NULL,'en',1,36,NULL),
 (1262,'2006-09-20 15:12:42','added',695,221,23,19,'DefinedBy',NULL,NULL,'en',1,36,NULL),
 (1263,'2006-09-30 16:10:10','added',755,221,23,5,'An identifier of a namespace, pointer to a schema, or bibliographic reference for a document within which the term is defined.',NULL,NULL,'en',1,36,NULL),
 (1264,'2006-09-30 16:11:21','added',756,221,23,10,'Definition from CEN CWA14855.',NULL,NULL,'en',1,36,NULL),
 (1268,'2006-09-20 15:13:41','added',701,227,23,19,'EncodingSchemeFor',NULL,NULL,'en',1,36,NULL),
 (1269,'2006-09-30 15:44:13','added',739,227,23,5,'The described term, an Encoding Scheme, qualifies the referenced term.',NULL,NULL,'en',1,36,NULL),
 (1270,'2006-09-30 15:44:44','added',740,227,23,10,'Definition from CEN CWA14855.',NULL,NULL,'en',1,36,NULL),
 (1273,'2006-09-20 15:13:08','added',698,224,23,19,'LastUpdated',NULL,NULL,'en',1,36,NULL),
 (1274,'2006-09-30 14:05:53','added',732,224,23,10,'Modified used by DCMI Registry--not clear whether the same property.',NULL,NULL,'en',1,36,NULL),
 (1279,'2006-09-20 15:11:04','added',689,215,23,19,'Name',NULL,NULL,'en',1,36,NULL),
 (1280,'2006-09-30 14:07:04','added',733,215,23,1,'QualifiedName',NULL,NULL,'en',1,36,NULL),
 (1281,'2006-09-30 14:07:49','added',734,215,23,10,'QualifiedName used in the DC CD AP.  Definition from CEN CWA14855.',NULL,NULL,'en',1,36,NULL),
 (1282,'2006-09-30 16:04:13','added',751,215,23,5,'A unique token assigned to the term.',NULL,NULL,'en',1,36,NULL),
 (1286,'2006-09-20 15:15:44','added',706,232,23,19,'Obligation',NULL,NULL,'en',1,36,NULL),
 (1287,'2006-09-30 13:57:28','added',725,232,23,5,'Indicates whether the element is required to always or sometimes be present (i.e., contain a value). ',NULL,NULL,'en',1,36,NULL),
 (1288,'2006-09-30 13:58:05','added',726,232,23,10,'Definition from CEN CWA14855. Second sentence omitted.',NULL,NULL,'en',1,36,NULL),
 (1292,'2006-09-20 15:15:58','added',708,234,23,19,'Occurrence',NULL,NULL,'en',1,36,NULL),
 (1293,'2006-09-30 14:00:12','added',727,234,23,5,'Indicates any limit to the repeatability of the element.',NULL,NULL,'en',1,36,NULL),
 (1294,'2006-09-30 14:00:51','added',728,234,23,10,'Definition from CEN CWA14855.',NULL,NULL,'en',1,36,NULL),
 (1298,'2006-09-20 15:13:27','added',700,226,23,19,'RefinedBy',NULL,NULL,'en',1,36,NULL),
 (1299,'2006-09-30 14:12:07','added',737,226,23,5,'The described term semantically refines the referenced term.',NULL,NULL,'en',1,36,NULL),
 (1300,'2006-09-30 14:13:21','added',738,226,23,10,'Definition from CEN CWA14855.',NULL,NULL,'en',1,36,NULL),
 (1302,'2006-09-20 15:13:20','added',699,225,23,19,'Refines',NULL,NULL,'en',1,36,NULL),
 (1305,'2006-09-20 15:15:32','added',705,231,23,19,'RichRepresentation',NULL,NULL,'en',1,36,NULL),
 (1306,'2006-09-20 15:18:08','added',713,231,23,3,'http://metadataregistry.org/uri//NSDLAP/1015',23,228,'en',1,36,NULL),
 (1311,'2006-09-20 15:12:02','added',692,218,23,19,'SourceDefinition',NULL,NULL,'en',1,36,NULL),
 (1312,'2006-09-30 15:49:49','added',742,218,23,1,'Definition',NULL,NULL,'en',1,36,NULL),
 (1313,'2006-09-30 15:52:14','added',743,218,23,5,'A statement that represents the concept and essential nature of the term.',NULL,NULL,'en',1,36,NULL),
 (1314,'2006-09-30 15:55:31','added',744,218,23,10,'Definition from CEN CWA14855. ',NULL,NULL,'en',1,36,NULL),
 (1319,'2006-09-20 15:11:21','added',690,216,23,19,'SourceLabel',NULL,NULL,'en',1,36,NULL),
 (1320,'2006-09-30 16:06:09','added',752,216,23,5,'A human-readable label assigned to the term.',NULL,NULL,'en',1,36,NULL),
 (1321,'2006-09-30 16:07:46','added',753,216,23,10,'Definition from CEN CWA14855. DCMI Registry and CEN use Label.',NULL,NULL,'en',1,36,NULL),
 (1322,'2006-09-30 16:08:21','added',754,216,23,1,'Label',NULL,NULL,'en',1,36,NULL),
 (1327,'2006-09-20 15:12:49','added',696,222,23,19,'TypeOfTerm',NULL,NULL,'en',1,36,NULL),
 (1328,'2006-09-30 14:08:53','added',735,222,23,1,'Type',NULL,NULL,'en',1,36,NULL),
 (1329,'2006-09-30 14:09:15','added',736,222,23,10,'Type used in DCMI Registry.  Definition from CEN CWA14855.',NULL,NULL,'en',1,36,NULL),
 (1330,'2006-09-30 16:00:35','added',747,222,23,5,'A grammatical category of the term (e.g., \"Element\", \"Element Refinement\", or \"Encoding Scheme\").',NULL,NULL,'en',1,36,NULL),
 (1335,'2006-09-20 15:10:55','added',688,214,23,19,'URI',NULL,NULL,'en',1,36,NULL),
 (1336,'2006-09-30 16:02:17','added',748,214,23,1,'TermURI',NULL,NULL,'en',1,36,NULL),
 (1337,'2006-09-30 16:02:35','added',749,214,23,5,'A Uniform Resource Identifier used to identify the term.',NULL,NULL,'en',1,36,NULL),
 (1338,'2006-09-30 16:03:27','added',750,214,23,10,'Definition from CEN CWA14855.',NULL,NULL,'en',1,36,NULL),
 (1343,'2006-09-20 15:12:12','added',693,219,23,19,'UsageInThisDCAP',NULL,NULL,'en',1,36,NULL),
 (1344,'2006-09-30 13:44:21','added',720,219,23,22,'The AP definition is optional for APs, but when used must not constitute an expansion in the definition of the property as defined in the native schema.',NULL,NULL,'en',1,36,NULL),
 (1345,'2006-10-01 18:06:59','added',757,219,23,5,'A description of how the property is to be applied in a description of a resource of the specified type. This information supplements the definition of the property provided by its owner/maintenance agency.',NULL,NULL,'en',1,36,NULL),
 (1346,'2006-10-01 18:07:26','added',758,219,23,10,'Definition from DC CD AP.',NULL,NULL,'en',1,36,NULL),
 (1355,'2006-09-20 15:13:58','added',702,228,23,19,'UsesEncodingScheme',NULL,NULL,'en',1,36,NULL),
 (1356,'2006-09-20 15:17:32','added',710,228,23,16,'http://metadataregistry.org/uri//NSDLAP/1017',23,230,'en',1,36,NULL),
 (1357,'2006-09-20 15:17:52','added',712,228,23,16,'http://metadataregistry.org/uri//NSDLAP/1017',23,230,'en',1,36,NULL),
 (1358,'2006-09-20 15:18:08','added',714,228,23,16,'http://metadataregistry.org/uri//NSDLAP/1018',23,231,'en',1,36,NULL),
 (1359,'2006-09-20 15:19:06','added',715,228,23,1,'UsesVocabularyEncodingScheme',23,NULL,'en',1,36,NULL),
 (1360,'2006-09-20 15:19:29','added',716,228,23,1,'HasEncodingScheme',23,NULL,'en',1,36,NULL),
 (1361,'2006-09-20 15:20:07','added',717,228,23,10,'CEN Guidelines use HasEncodingScheme; DC CD AP uses UsesVocabularyEncodingScheme. Definition from CEN CWA14855.     ',23,NULL,'en',1,36,NULL),
 (1362,'2006-09-30 15:47:31','added',741,228,23,5,'The described term is qualified by the referenced Encoding Scheme.',NULL,NULL,'en',1,36,NULL),
 (1366,'2006-09-20 15:15:18','added',704,230,23,19,'ValueString',NULL,NULL,'en',1,36,NULL),
 (1367,'2006-09-20 15:17:32','added',709,230,23,3,'http://metadataregistry.org/uri//NSDLAP/1015',23,228,'en',1,36,NULL),
 (1368,'2006-09-20 15:17:52','added',711,230,23,3,'http://metadataregistry.org/uri//NSDLAP/1015',23,228,'en',1,36,NULL),
 (1370,'2006-09-20 15:14:55','added',703,229,23,19,'ValueURI',NULL,NULL,'en',1,36,NULL),
 (1373,'2006-10-02 10:18:39','added',762,238,24,19,'Alternative assessment',NULL,NULL,'en',1,38,NULL),
 (1374,'2006-10-02 10:27:51','added',772,238,24,3,'http://metadataregistry.org/uri//InstMethod/1001',24,235,'en',1,38,NULL),
 (1386,'2006-10-02 10:16:36','added',759,235,24,19,'Assessment',NULL,NULL,'en',1,38,NULL),
 (1387,'2006-10-02 10:27:51','added',773,235,24,16,'http://metadataregistry.org/uri//InstMethod/1005',24,238,'en',1,38,NULL),
 (1388,'2006-10-02 10:28:07','added',775,235,24,16,'http://metadataregistry.org/uri//InstMethod/1006',24,239,'en',1,38,NULL),
 (1389,'2006-10-02 10:28:19','added',777,235,24,16,'http://metadataregistry.org/uri//InstMethod/1007',24,240,'en',1,38,NULL),
 (1390,'2006-10-02 10:28:29','added',779,235,24,16,'http://metadataregistry.org/uri//InstMethod/1008',24,241,'en',1,38,NULL),
 (1391,'2006-10-02 10:28:43','added',781,235,24,16,'http://metadataregistry.org/uri//InstMethod/1009',24,242,'en',1,38,NULL),
 (1392,'2006-10-02 10:33:29','added',783,235,24,16,'http://metadataregistry.org/uri//InstMethod/1010',24,243,'en',1,38,NULL),
 (1393,'2006-10-02 10:33:41','added',785,235,24,16,'http://metadataregistry.org/uri//InstMethod/1012',24,244,'en',1,38,NULL),
 (1394,'2006-10-02 10:34:10','added',787,235,24,16,'http://metadataregistry.org/uri//InstMethod/1013',24,245,'en',1,38,NULL),
 (1395,'2006-10-02 10:35:05','added',795,235,24,16,'http://metadataregistry.org/uri//InstMethod/1015',24,247,'en',1,38,NULL),
 (1396,'2006-10-06 10:30:15','added',925,235,24,16,'http://metadataregistry.org/uri/InstMethod/1065',24,291,'en',1,38,NULL),
 (1399,'2006-10-02 10:18:57','added',763,239,24,19,'Authentic assessment',NULL,NULL,'en',1,38,NULL),
 (1400,'2006-10-02 10:28:07','added',774,239,24,3,'http://metadataregistry.org/uri//InstMethod/1001',24,235,'en',1,38,NULL),
 (1403,'2006-10-02 10:50:58','added',817,255,24,19,'Brainstorming',NULL,NULL,'en',1,38,NULL),
 (1404,'2006-10-02 11:02:21','added',853,255,24,3,'http://metadataregistry.org/uri//InstMethod/1003',24,237,'en',1,38,NULL),
 (1407,'2006-10-02 10:51:07','added',818,256,24,19,'Computer assisted instruction',NULL,NULL,'en',1,38,NULL),
 (1408,'2006-10-02 11:02:42','added',855,256,24,3,'http://metadataregistry.org/uri//InstMethod/1003',24,237,'en',1,38,NULL),
 (1411,'2006-10-02 10:51:16','added',819,257,24,19,'Computer simulations',NULL,NULL,'en',1,38,NULL),
 (1412,'2006-10-02 11:03:14','added',857,257,24,3,'http://metadataregistry.org/uri//InstMethod/1003',24,237,'en',1,38,NULL),
 (1415,'2006-10-02 10:51:27','added',820,258,24,19,'Contingency management',NULL,NULL,'en',1,38,NULL),
 (1416,'2006-10-02 11:03:33','added',859,258,24,3,'http://metadataregistry.org/uri//InstMethod/1003',24,237,'en',1,38,NULL),
 (1419,'2006-10-02 10:51:37','added',821,259,24,19,'Cooperative learning',NULL,NULL,'en',1,38,NULL),
 (1420,'2006-10-02 11:03:49','added',861,259,24,3,'http://metadataregistry.org/uri//InstMethod/1003',24,237,'en',1,38,NULL),
 (1423,'2006-10-02 10:40:04','added',796,248,24,19,'Cross age teaching',NULL,NULL,'en',1,38,NULL),
 (1424,'2006-10-02 10:46:41','added',803,248,24,3,'http://metadataregistry.org/uri//InstMethod/1002',24,236,'en',1,38,NULL),
 (1427,'2006-10-02 10:19:19','added',764,240,24,19,'Curriculum based assessment',NULL,NULL,'en',1,38,NULL),
 (1428,'2006-10-02 10:28:19','added',776,240,24,3,'http://metadataregistry.org/uri//InstMethod/1001',24,235,'en',1,38,NULL),
 (1431,'2006-10-02 10:51:45','added',822,260,24,19,'Demonstrations',NULL,NULL,'en',1,38,NULL),
 (1432,'2006-10-02 11:04:12','added',863,260,24,3,'http://metadataregistry.org/uri//InstMethod/1003',24,237,'en',1,38,NULL),
 (1435,'2006-10-02 10:51:56','added',823,261,24,19,'Dialog journals',NULL,NULL,'en',1,38,NULL),
 (1436,'2006-10-02 11:04:29','added',865,261,24,3,'http://metadataregistry.org/uri//InstMethod/1003',24,237,'en',1,38,NULL),
 (1439,'2006-10-02 10:52:05','added',824,262,24,19,'Discovery learning',NULL,NULL,'en',1,38,NULL),
 (1440,'2006-10-02 11:04:43','added',867,262,24,3,'http://metadataregistry.org/uri//InstMethod/1003',24,237,'en',1,38,NULL),
 (1443,'2006-10-02 10:52:15','added',825,263,24,19,'Discussions',NULL,NULL,'en',1,38,NULL),
 (1444,'2006-10-02 11:05:08','added',869,263,24,3,'http://metadataregistry.org/uri//InstMethod/1003',24,237,'en',1,38,NULL),
 (1447,'2006-10-02 10:52:26','added',826,264,24,19,'Dramatic play drills',NULL,NULL,'en',1,38,NULL),
 (1448,'2006-10-02 11:05:34','added',871,264,24,3,'http://metadataregistry.org/uri//InstMethod/1003',24,237,'en',1,38,NULL),
 (1451,'2006-10-02 10:52:35','added',827,265,24,19,'Experiential learning',NULL,NULL,'en',1,38,NULL),
 (1452,'2006-10-02 11:05:56','added',873,265,24,3,'http://metadataregistry.org/uri//InstMethod/1003',24,237,'en',1,38,NULL),
 (1455,'2006-10-02 10:52:45','added',828,266,24,19,'Guided design',NULL,NULL,'en',1,38,NULL),
 (1456,'2006-10-02 11:06:18','added',875,266,24,3,'http://metadataregistry.org/uri//InstMethod/1003',24,237,'en',1,38,NULL),
 (1459,'2006-10-02 10:52:54','added',829,267,24,19,'Hands-on learning',NULL,NULL,'en',1,38,NULL),
 (1460,'2006-10-02 11:06:40','added',877,267,24,3,'http://metadataregistry.org/uri//InstMethod/1003',24,237,'en',1,38,NULL),
 (1463,'2006-10-02 10:40:14','added',797,249,24,19,'Heterogeneous grouping',NULL,NULL,'en',1,38,NULL),
 (1464,'2006-10-02 10:47:08','added',805,249,24,3,'http://metadataregistry.org/uri//InstMethod/1002',24,236,'en',1,38,NULL),
 (1467,'2006-10-02 10:40:25','added',798,250,24,19,'Homogeneous grouping',NULL,NULL,'en',1,38,NULL),
 (1468,'2006-10-02 10:47:22','added',807,250,24,3,'http://metadataregistry.org/uri//InstMethod/1002',24,236,'en',1,38,NULL),
 (1471,'2006-10-02 10:43:37','added',799,251,24,19,'Individualized instruction',NULL,NULL,'en',1,38,NULL),
 (1472,'2006-10-02 10:47:36','added',809,251,24,3,'http://metadataregistry.org/uri//InstMethod/1002',24,236,'en',1,38,NULL),
 (1475,'2006-10-02 10:19:32','added',765,241,24,19,'Informal assessment',NULL,NULL,'en',1,38,NULL),
 (1476,'2006-10-02 10:28:29','added',778,241,24,3,'http://metadataregistry.org/uri//InstMethod/1001',24,235,'en',1,38,NULL),
 (1479,'2006-10-02 10:54:22','added',831,269,24,19,'Integrated instruction',NULL,NULL,'en',1,38,NULL),
 (1480,'2006-10-02 11:07:24','added',881,269,24,3,'http://metadataregistry.org/uri//InstMethod/1003',24,237,'en',1,38,NULL),
 (1483,'2006-10-02 10:53:05','added',830,268,24,19,'Interdisciplinary ',NULL,NULL,'en',1,38,NULL),
 (1484,'2006-10-02 11:07:06','added',879,268,24,3,'http://metadataregistry.org/uri//InstMethod/1003',24,237,'en',1,38,NULL),
 (1487,'2006-10-02 10:54:30','added',832,270,24,19,'Lab procedures',NULL,NULL,'en',1,38,NULL),
 (1488,'2006-10-02 11:07:54','added',883,270,24,3,'http://metadataregistry.org/uri//InstMethod/1003',24,237,'en',1,38,NULL),
 (1491,'2006-10-02 10:43:59','added',800,252,24,19,'Large Group instruction',NULL,NULL,'en',1,38,NULL),
 (1492,'2006-10-02 10:48:13','added',811,252,24,3,'http://metadataregistry.org/uri//InstMethod/1002',24,236,'en',1,38,NULL),
 (1495,'2006-10-02 10:54:47','added',833,271,24,19,'Learning modules',NULL,NULL,'en',1,38,NULL),
 (1496,'2006-10-02 11:08:51','added',885,271,24,3,'http://metadataregistry.org/uri//InstMethod/1003',24,237,'en',1,38,NULL),
 (1499,'2006-10-02 10:54:59','added',834,272,24,19,'Lecture',NULL,NULL,'en',1,38,NULL),
 (1500,'2006-10-02 11:09:12','added',887,272,24,3,'http://metadataregistry.org/uri//InstMethod/1003',24,237,'en',1,38,NULL),
 (1503,'2006-10-02 10:55:10','added',835,273,24,19,'Montessori Method',NULL,NULL,'en',1,38,NULL),
 (1504,'2006-10-02 11:09:31','added',889,273,24,3,'http://metadataregistry.org/uri//InstMethod/1003',24,237,'en',1,38,NULL),
 (1507,'2006-10-02 10:55:29','added',837,275,24,19,'Multimedia instruction',NULL,NULL,'en',1,38,NULL),
 (1508,'2006-10-02 11:10:44','added',893,275,24,3,'http://metadataregistry.org/uri//InstMethod/1003',24,237,'en',1,38,NULL),
 (1511,'2006-10-02 10:55:20','added',836,274,24,19,'Multiple activities',NULL,NULL,'en',1,38,NULL),
 (1512,'2006-10-02 11:10:16','added',891,274,24,3,'http://metadataregistry.org/uri//InstMethod/1003',24,237,'en',1,38,NULL),
 (1514,'2006-10-02 10:55:38','added',838,276,24,19,'Museum education',NULL,NULL,'en',1,38,NULL),
 (1517,'2006-10-02 10:44:13','added',801,253,24,19,'Non-graded instructional grouping',NULL,NULL,'en',1,38,NULL),
 (1518,'2006-10-02 10:48:24','added',813,253,24,3,'http://metadataregistry.org/uri//InstMethod/1002',24,236,'en',1,38,NULL),
 (1521,'2006-10-02 10:19:46','added',766,242,24,19,'Observation',NULL,NULL,'en',1,38,NULL),
 (1522,'2006-10-02 10:28:43','added',780,242,24,3,'http://metadataregistry.org/uri//InstMethod/1001',24,235,'en',1,38,NULL),
 (1525,'2006-10-02 10:20:00','added',767,243,24,19,'Peer evaluation',NULL,NULL,'en',1,38,NULL),
 (1526,'2006-10-02 10:33:29','added',782,243,24,3,'http://metadataregistry.org/uri//InstMethod/1001',24,235,'en',1,38,NULL),
 (1529,'2006-10-02 10:55:47','added',839,277,24,19,'Peer Tutoring',NULL,NULL,'en',1,38,NULL),
 (1530,'2006-10-02 11:12:09','added',895,277,24,3,'http://metadataregistry.org/uri//InstMethod/1003',24,237,'en',1,38,NULL),
 (1533,'2006-10-02 10:21:02','added',768,244,24,19,'Portfolio assessment',NULL,NULL,'en',1,38,NULL),
 (1534,'2006-10-02 10:33:41','added',784,244,24,3,'http://metadataregistry.org/uri//InstMethod/1001',24,235,'en',1,38,NULL),
 (1537,'2006-10-02 10:55:57','added',840,278,24,19,'Programmed instruction',NULL,NULL,'en',1,38,NULL),
 (1538,'2006-10-02 11:12:29','added',897,278,24,3,'http://metadataregistry.org/uri//InstMethod/1003',24,237,'en',1,38,NULL),
 (1541,'2006-10-02 10:56:06','added',841,279,24,19,'Project-based learning',NULL,NULL,'en',1,38,NULL),
 (1542,'2006-10-02 11:12:56','added',899,279,24,3,'http://metadataregistry.org/uri//InstMethod/1003',24,237,'en',1,38,NULL),
 (1545,'2006-10-02 10:56:14','added',842,280,24,19,'Questioning techniques',NULL,NULL,'en',1,38,NULL),
 (1546,'2006-10-02 11:13:17','added',901,280,24,3,'http://metadataregistry.org/uri//InstMethod/1003',24,237,'en',1,38,NULL),
 (1549,'2006-10-02 10:57:56','added',843,281,24,19,'Role playing',NULL,NULL,'en',1,38,NULL),
 (1550,'2006-10-02 11:13:31','added',903,281,24,3,'http://metadataregistry.org/uri//InstMethod/1003',24,237,'en',1,38,NULL),
 (1553,'2006-10-02 10:58:07','added',844,282,24,19,'Self directed groups',NULL,NULL,'en',1,38,NULL),
 (1554,'2006-10-02 11:13:47','added',905,282,24,3,'http://metadataregistry.org/uri//InstMethod/1003',24,237,'en',1,38,NULL),
 (1557,'2006-10-02 10:21:13','added',769,245,24,19,'Self evaluation',NULL,NULL,'en',1,38,NULL),
 (1558,'2006-10-02 10:34:10','added',786,245,24,3,'http://metadataregistry.org/uri//InstMethod/1001',24,235,'en',1,38,NULL),
 (1561,'2006-10-02 10:58:17','added',845,283,24,19,'Self-paced learning modules',NULL,NULL,'en',1,38,NULL),
 (1562,'2006-10-02 11:14:17','added',907,283,24,3,'http://metadataregistry.org/uri//InstMethod/1003',24,237,'en',1,38,NULL),
 (1565,'2006-10-02 10:58:26','added',846,284,24,19,'Simulations and games',NULL,NULL,'en',1,38,NULL),
 (1566,'2006-10-02 11:14:30','added',909,284,24,3,'http://metadataregistry.org/uri//InstMethod/1003',24,237,'en',1,38,NULL),
 (1569,'2006-10-02 10:44:25','added',802,254,24,19,'Small group instruction',NULL,NULL,'en',1,38,NULL),
 (1570,'2006-10-02 10:48:41','added',815,254,24,3,'http://metadataregistry.org/uri//InstMethod/1002',24,236,'en',1,38,NULL),
 (1573,'2006-10-06 10:29:34','added',923,291,24,19,'Standardized testing',NULL,NULL,'en',1,38,NULL),
 (1574,'2006-10-06 10:30:15','added',924,291,24,3,'http://metadataregistry.org/uri/InstMethod/1001',24,235,'en',1,38,NULL),
 (1583,'2006-10-02 10:16:52','added',760,236,24,19,'Student Groupings',NULL,NULL,'en',1,38,NULL),
 (1584,'2006-10-02 10:46:41','added',804,236,24,16,'http://metadataregistry.org/uri//InstMethod/1018',24,248,'en',1,38,NULL),
 (1585,'2006-10-02 10:47:08','added',806,236,24,16,'http://metadataregistry.org/uri//InstMethod/1019',24,249,'en',1,38,NULL),
 (1586,'2006-10-02 10:47:22','added',808,236,24,16,'http://metadataregistry.org/uri//InstMethod/1020',24,250,'en',1,38,NULL),
 (1587,'2006-10-02 10:47:36','added',810,236,24,16,'http://metadataregistry.org/uri//InstMethod/1023',24,251,'en',1,38,NULL),
 (1588,'2006-10-02 10:48:13','added',812,236,24,16,'http://metadataregistry.org/uri//InstMethod/1024',24,252,'en',1,38,NULL),
 (1589,'2006-10-02 10:48:24','added',814,236,24,16,'http://metadataregistry.org/uri//InstMethod/1025',24,253,'en',1,38,NULL),
 (1590,'2006-10-02 10:48:41','added',816,236,24,16,'http://metadataregistry.org/uri//InstMethod/1026',24,254,'en',1,38,NULL),
 (1593,'2006-10-02 10:58:36','added',847,285,24,19,'Teaching guides',NULL,NULL,'en',1,38,NULL),
 (1594,'2006-10-02 11:14:58','added',911,285,24,3,'http://metadataregistry.org/uri//InstMethod/1003',24,237,'en',1,38,NULL),
 (1631,'2006-10-02 10:17:12','added',761,237,24,19,'Teaching Methods',NULL,NULL,'en',1,38,NULL),
 (1632,'2006-10-02 11:02:21','added',854,237,24,16,'http://metadataregistry.org/uri//InstMethod/1027',24,255,'en',1,38,NULL),
 (1633,'2006-10-02 11:02:42','added',856,237,24,16,'http://metadataregistry.org/uri//InstMethod/1028',24,256,'en',1,38,NULL),
 (1634,'2006-10-02 11:03:14','added',858,237,24,16,'http://metadataregistry.org/uri//InstMethod/1029',24,257,'en',1,38,NULL),
 (1635,'2006-10-02 11:03:33','added',860,237,24,16,'http://metadataregistry.org/uri//InstMethod/1030',24,258,'en',1,38,NULL),
 (1636,'2006-10-02 11:03:49','added',862,237,24,16,'http://metadataregistry.org/uri//InstMethod/1031',24,259,'en',1,38,NULL),
 (1637,'2006-10-02 11:04:12','added',864,237,24,16,'http://metadataregistry.org/uri//InstMethod/1032',24,260,'en',1,38,NULL),
 (1638,'2006-10-02 11:04:29','added',866,237,24,16,'http://metadataregistry.org/uri//InstMethod/1033',24,261,'en',1,38,NULL),
 (1639,'2006-10-02 11:04:43','added',868,237,24,16,'http://metadataregistry.org/uri//InstMethod/1034',24,262,'en',1,38,NULL),
 (1640,'2006-10-02 11:05:08','added',870,237,24,16,'http://metadataregistry.org/uri//InstMethod/1035',24,263,'en',1,38,NULL),
 (1641,'2006-10-02 11:05:34','added',872,237,24,16,'http://metadataregistry.org/uri//InstMethod/1036',24,264,'en',1,38,NULL),
 (1642,'2006-10-02 11:05:56','added',874,237,24,16,'http://metadataregistry.org/uri//InstMethod/1037',24,265,'en',1,38,NULL),
 (1643,'2006-10-02 11:06:18','added',876,237,24,16,'http://metadataregistry.org/uri//InstMethod/1038',24,266,'en',1,38,NULL),
 (1644,'2006-10-02 11:06:40','added',878,237,24,16,'http://metadataregistry.org/uri//InstMethod/1039',24,267,'en',1,38,NULL),
 (1645,'2006-10-02 11:07:06','added',880,237,24,16,'http://metadataregistry.org/uri//InstMethod/1040',24,268,'en',1,38,NULL),
 (1646,'2006-10-02 11:07:24','added',882,237,24,16,'http://metadataregistry.org/uri//InstMethod/1042',24,269,'en',1,38,NULL),
 (1647,'2006-10-02 11:07:54','added',884,237,24,16,'http://metadataregistry.org/uri//InstMethod/1043',24,270,'en',1,38,NULL),
 (1648,'2006-10-02 11:08:51','added',886,237,24,16,'http://metadataregistry.org/uri//InstMethod/1044',24,271,'en',1,38,NULL),
 (1649,'2006-10-02 11:09:12','added',888,237,24,16,'http://metadataregistry.org/uri//InstMethod/1045',24,272,'en',1,38,NULL),
 (1650,'2006-10-02 11:09:31','added',890,237,24,16,'http://metadataregistry.org/uri//InstMethod/1046',24,273,'en',1,38,NULL),
 (1651,'2006-10-02 11:10:16','added',892,237,24,16,'http://metadataregistry.org/uri//InstMethod/1047',24,274,'en',1,38,NULL),
 (1652,'2006-10-02 11:10:44','added',894,237,24,16,'http://metadataregistry.org/uri//InstMethod/1048',24,275,'en',1,38,NULL),
 (1653,'2006-10-02 11:12:09','added',896,237,24,16,'http://metadataregistry.org/uri//InstMethod/1050',24,276,'en',1,38,NULL),
 (1654,'2006-10-02 11:12:29','added',898,237,24,16,'http://metadataregistry.org/uri//InstMethod/1051',24,277,'en',1,38,NULL),
 (1655,'2006-10-02 11:12:56','added',900,237,24,16,'http://metadataregistry.org/uri//InstMethod/1052',24,279,'en',1,38,NULL),
 (1656,'2006-10-02 11:13:17','added',902,237,24,16,'http://metadataregistry.org/uri//InstMethod/1053',24,280,'en',1,38,NULL),
 (1657,'2006-10-02 11:13:31','added',904,237,24,16,'http://metadataregistry.org/uri//InstMethod/1055',24,281,'en',1,38,NULL),
 (1658,'2006-10-02 11:13:47','added',906,237,24,16,'http://metadataregistry.org/uri//InstMethod/1056',24,282,'en',1,38,NULL),
 (1659,'2006-10-02 11:14:17','added',908,237,24,16,'http://metadataregistry.org/uri//InstMethod/1057',24,283,'en',1,38,NULL),
 (1660,'2006-10-02 11:14:30','added',910,237,24,16,'http://metadataregistry.org/uri//InstMethod/1058',24,284,'en',1,38,NULL),
 (1661,'2006-10-02 11:14:58','added',912,237,24,16,'http://metadataregistry.org/uri//InstMethod/1059',24,285,'en',1,38,NULL),
 (1662,'2006-10-02 11:15:18','added',914,237,24,16,'http://metadataregistry.org/uri//InstMethod/1060',24,286,'en',1,38,NULL),
 (1663,'2006-10-02 11:15:53','added',916,237,24,16,'http://metadataregistry.org/uri//InstMethod/1061',24,287,'en',1,38,NULL),
 (1664,'2006-10-02 11:16:17','added',918,237,24,16,'http://metadataregistry.org/uri//InstMethod/1062',24,288,'en',1,38,NULL),
 (1665,'2006-10-02 11:16:34','added',920,237,24,16,'http://metadataregistry.org/uri//InstMethod/1063',24,289,'en',1,38,NULL),
 (1666,'2006-10-02 11:17:03','added',922,237,24,16,'http://metadataregistry.org/uri//InstMethod/1064',24,290,'en',1,38,NULL),
 (1669,'2006-10-02 10:58:50','added',848,286,24,19,'Team teaching',NULL,NULL,'en',1,38,NULL),
 (1670,'2006-10-02 11:15:18','added',913,286,24,3,'http://metadataregistry.org/uri//InstMethod/1003',24,237,'en',1,38,NULL),
 (1673,'2006-10-02 10:21:51','added',771,247,24,19,'Testing',NULL,NULL,'en',1,38,NULL),
 (1674,'2006-10-02 10:35:04','added',794,247,24,3,'http://metadataregistry.org/uri//InstMethod/1001',24,235,'en',1,38,NULL),
 (1677,'2006-10-02 10:59:00','added',849,287,24,19,'Thematic approach',NULL,NULL,'en',1,38,NULL),
 (1678,'2006-10-02 11:15:53','added',915,287,24,3,'http://metadataregistry.org/uri//InstMethod/1003',24,237,'en',1,38,NULL),
 (1681,'2006-10-02 10:59:08','added',850,288,24,19,'Tutorial programs',NULL,NULL,'en',1,38,NULL),
 (1682,'2006-10-02 11:16:17','added',917,288,24,3,'http://metadataregistry.org/uri//InstMethod/1003',24,237,'en',1,38,NULL),
 (1685,'2006-10-02 10:59:17','added',851,289,24,19,'Visual instruction',NULL,NULL,'en',1,38,NULL),
 (1686,'2006-10-02 11:16:34','added',919,289,24,3,'http://metadataregistry.org/uri//InstMethod/1003',24,237,'en',1,38,NULL),
 (1689,'2006-10-02 10:59:26','added',852,290,24,19,'Whole language approach',NULL,NULL,'en',1,38,NULL),
 (1690,'2006-10-02 11:17:03','added',921,290,24,3,'http://metadataregistry.org/uri//InstMethod/1003',24,237,'en',1,38,NULL),
 (1693,'2007-06-04 10:48:19','added',948,310,25,19,'Aging',NULL,NULL,'en',1,39,NULL),
 (1694,'2007-06-11 11:14:16','added',953,310,25,3,'http://metadataregistry.org/uri/NSDLGEM/1025',25,309,'en',1,39,NULL),
 (1697,'2007-06-11 14:21:42','added',978,330,25,19,'Agriculture',NULL,NULL,'en',1,39,NULL),
 (1698,'2007-06-11 14:40:47','added',1021,330,25,3,'http://metadataregistry.org/uri/NSDLGEM/1022',25,307,'en',1,39,NULL),
 (1701,'2007-06-11 14:18:59','added',964,316,25,19,'Algebra',NULL,NULL,'en',1,39,NULL),
 (1702,'2007-06-11 14:56:01','added',1072,316,25,3,'http://metadataregistry.org/uri/NSDLGEM/1033',25,315,'en',1,39,NULL),
 (1705,'2007-06-11 14:27:59','added',997,349,25,19,'Anthropology',NULL,NULL,'en',1,39,NULL),
 (1706,'2007-06-11 14:35:57','added',1011,349,25,3,'http://metadataregistry.org/uri/NSDLGEM/1066',25,348,'en',1,39,NULL),
 (1709,'2007-06-11 14:19:12','added',965,317,25,19,'Applied mathematics',NULL,NULL,'en',1,39,NULL),
 (1710,'2007-06-11 14:56:14','added',1074,317,25,3,'http://metadataregistry.org/uri/NSDLGEM/1033',25,315,'en',1,39,NULL),
 (1713,'2007-06-11 14:19:31','added',966,318,25,19,'Arithmetic',NULL,NULL,'en',1,39,NULL),
 (1714,'2007-06-11 14:56:33','added',1076,318,25,3,'http://metadataregistry.org/uri/NSDLGEM/1033',25,315,'en',1,39,NULL),
 (1717,'2007-06-03 14:11:03','added',938,304,25,19,'Astronomy',NULL,NULL,'en',1,39,NULL),
 (1718,'2007-06-11 14:41:06','added',1023,304,25,3,'http://metadataregistry.org/uri/NSDLGEM/1022',25,307,'en',1,39,NULL),
 (1721,'2007-06-11 14:22:02','added',979,331,25,19,'Biological and life sciences',NULL,NULL,'en',1,39,NULL),
 (1722,'2007-06-11 14:41:20','added',1025,331,25,3,'http://metadataregistry.org/uri/NSDLGEM/1022',25,307,'en',1,39,NULL),
 (1726,'2007-06-11 14:23:11','added',980,332,25,19,'Biology',NULL,NULL,'en',1,39,NULL),
 (1727,'2007-06-11 14:41:41','added',1027,332,25,3,'http://metadataregistry.org/uri/NSDLGEM/1022',25,307,'en',1,39,NULL),
 (1728,'2007-06-11 14:42:39','added',1029,332,25,3,'http://metadataregistry.org/uri/NSDLGEM/1022',25,307,'en',1,39,NULL),
 (1731,'2007-06-04 10:48:35','added',949,311,25,19,'Body systems and senses',NULL,NULL,'en',1,39,NULL),
 (1732,'2007-06-11 11:15:00','added',955,311,25,3,'http://metadataregistry.org/uri/NSDLGEM/1025',25,309,'en',1,39,NULL),
 (1734,'2007-06-11 14:23:20','added',981,333,25,19,'Botany',NULL,NULL,'en',1,39,NULL),
 (1737,'2007-06-11 14:19:38','added',967,319,25,19,'Calculus',NULL,NULL,'en',1,39,NULL),
 (1738,'2007-06-11 14:56:50','added',1078,319,25,3,'http://metadataregistry.org/uri/NSDLGEM/1033',25,315,'en',1,39,NULL),
 (1741,'2007-01-20 11:09:47','added',928,294,25,19,'Careers',NULL,NULL,'en',1,39,NULL),
 (1742,'2007-06-04 10:47:20','added',945,294,25,3,'http://metadataregistry.org/uri//NSDLGEM/1001',25,292,'en',1,39,NULL),
 (1745,'2007-06-11 14:23:28','added',982,334,25,19,'Chemistry',NULL,NULL,'en',1,39,NULL),
 (1746,'2007-06-11 14:42:59','added',1031,334,25,3,'http://metadataregistry.org/uri/NSDLGEM/1022',25,307,'en',1,39,NULL),
 (1750,'2007-06-03 14:11:19','added',940,306,25,19,'Computer science',NULL,NULL,'en',1,39,NULL),
 (1751,'2007-06-11 14:43:18','added',1033,306,25,3,'http://metadataregistry.org/uri/NSDLGEM/1022',25,307,'en',1,39,NULL),
 (1752,'2007-06-11 14:44:18','added',1035,306,25,10,'Computer science is not a topic in the source vocabulary.',25,NULL,'en',1,39,NULL),
 (1755,'2007-06-11 14:19:50','added',968,320,25,19,'Discrete mathematics',NULL,NULL,'en',1,39,NULL),
 (1756,'2007-06-11 14:57:16','added',1080,320,25,3,'http://metadataregistry.org/uri/NSDLGEM/1033',25,315,'en',1,39,NULL),
 (1759,'2007-06-03 14:09:58','added',934,300,25,19,'Earth science',NULL,NULL,'en',1,39,NULL),
 (1760,'2007-06-11 14:45:06','added',1036,300,25,3,'http://metadataregistry.org/uri/NSDLGEM/1022',25,307,'en',1,39,NULL),
 (1763,'2007-06-11 14:23:58','added',983,335,25,19,'Ecology',NULL,NULL,'en',1,39,NULL),
 (1764,'2007-06-11 14:46:00','added',1038,335,25,3,'http://metadataregistry.org/uri/NSDLGEM/1022',25,307,'en',1,39,NULL),
 (1767,'2007-06-11 14:28:07','added',998,350,25,19,'Economics',NULL,NULL,'en',1,39,NULL),
 (1768,'2007-06-11 14:36:20','added',1013,350,25,3,'http://metadataregistry.org/uri/NSDLGEM/1066',25,348,'en',1,39,NULL),
 (1772,'2007-01-20 11:05:14','added',926,292,25,19,'Education',NULL,NULL,'en',1,39,NULL),
 (1773,'2007-06-04 10:47:00','added',944,292,25,16,'http://metadataregistry.org/uri//NSDLGEM/1006',25,295,'en',1,39,NULL),
 (1774,'2007-06-04 10:47:20','added',946,292,25,16,'http://metadataregistry.org/uri//NSDLGEM/1005',25,294,'en',1,39,NULL),
 (1777,'2007-01-20 11:25:19','added',930,296,25,19,'Educational media',NULL,NULL,'en',1,39,NULL),
 (1778,'2007-06-11 14:31:23','added',1001,296,25,3,'http://metadataregistry.org/uri//NSDLGEM/1003',25,293,'en',1,39,NULL),
 (1781,'2007-06-11 14:24:07','added',984,336,25,19,'Embryology',NULL,NULL,'en',1,39,NULL),
 (1782,'2007-06-11 14:46:25','added',1040,336,25,3,'http://metadataregistry.org/uri/NSDLGEM/1022',25,307,'en',1,39,NULL),
 (1785,'2007-06-11 14:24:53','added',985,337,25,19,'Engineering',NULL,NULL,'en',1,39,NULL),
 (1786,'2007-06-11 14:46:44','added',1042,337,25,3,'http://metadataregistry.org/uri/NSDLGEM/1022',25,307,'en',1,39,NULL),
 (1789,'2007-06-11 14:25:00','added',986,338,25,19,'Entomology',NULL,NULL,'en',1,39,NULL),
 (1790,'2007-06-11 14:47:11','added',1044,338,25,3,'http://metadataregistry.org/uri/NSDLGEM/1022',25,307,'en',1,39,NULL),
 (1793,'2007-06-04 10:48:47','added',950,312,25,19,'Environmental health',NULL,NULL,'en',1,39,NULL),
 (1794,'2007-06-11 11:16:10','added',957,312,25,3,'http://metadataregistry.org/uri/NSDLGEM/1025',25,309,'en',1,39,NULL),
 (1797,'2007-06-11 14:19:57','added',969,321,25,19,'Functions',NULL,NULL,'en',1,39,NULL),
 (1798,'2007-06-11 14:57:47','added',1082,321,25,3,'http://metadataregistry.org/uri/NSDLGEM/1033',25,315,'en',1,39,NULL),
 (1801,'2007-06-11 14:25:11','added',987,339,25,19,'General science',NULL,NULL,'en',1,39,NULL),
 (1802,'2007-06-11 14:48:15','added',1046,339,25,3,'http://metadataregistry.org/uri/NSDLGEM/1022',25,307,'en',1,39,NULL),
 (1805,'2007-06-03 17:37:33','added',942,308,25,19,'Geography',NULL,NULL,'en',1,39,NULL),
 (1806,'2007-06-11 14:36:41','added',1015,308,25,3,'http://metadataregistry.org/uri/NSDLGEM/1066',25,348,'en',1,39,NULL),
 (1809,'2007-06-11 14:25:24','added',988,340,25,19,'Geology',NULL,NULL,'en',1,39,NULL),
 (1810,'2007-06-11 14:49:04','added',1048,340,25,3,'http://metadataregistry.org/uri/NSDLGEM/1022',25,307,'en',1,39,NULL),
 (1813,'2007-06-11 14:20:05','added',970,322,25,19,'Geometry',NULL,NULL,'en',1,39,NULL),
 (1814,'2007-06-11 14:58:02','added',1084,322,25,3,'http://metadataregistry.org/uri/NSDLGEM/1033',25,315,'en',1,39,NULL),
 (1821,'2007-06-04 10:48:08','added',947,309,25,19,'Health',NULL,NULL,'en',1,39,NULL),
 (1822,'2007-06-11 11:14:16','added',954,309,25,16,'http://metadataregistry.org/uri/NSDLGEM/1026',25,310,'en',1,39,NULL),
 (1823,'2007-06-11 11:15:00','added',956,309,25,16,'http://metadataregistry.org/uri/NSDLGEM/1027',25,311,'en',1,39,NULL),
 (1824,'2007-06-11 11:16:10','added',958,309,25,16,'http://metadataregistry.org/uri/NSDLGEM/1028',25,312,'en',1,39,NULL),
 (1825,'2007-06-11 11:16:30','added',960,309,25,16,'http://metadataregistry.org/uri/NSDLGEM/1030',25,313,'en',1,39,NULL),
 (1826,'2007-06-11 11:16:47','added',962,309,25,16,'http://metadataregistry.org/uri/NSDLGEM/1031',25,314,'en',1,39,NULL),
 (1829,'2007-06-11 14:25:30','added',989,341,25,19,'Histology',NULL,NULL,'en',1,39,NULL),
 (1830,'2007-06-11 14:49:29','added',1050,341,25,3,'http://metadataregistry.org/uri/NSDLGEM/1022',25,307,'en',1,39,NULL),
 (1833,'2007-06-11 14:28:27','added',999,351,25,19,'History',NULL,NULL,'en',1,39,NULL),
 (1834,'2007-06-11 14:36:58','added',1017,351,25,3,'http://metadataregistry.org/uri/NSDLGEM/1066',25,348,'en',1,39,NULL),
 (1837,'2007-06-11 14:25:49','added',990,342,25,19,'History of science',NULL,NULL,'en',1,39,NULL),
 (1838,'2007-06-11 14:49:55','added',1052,342,25,3,'http://metadataregistry.org/uri/NSDLGEM/1022',25,307,'en',1,39,NULL),
 (1841,'2007-06-04 10:50:13','added',951,313,25,19,'Human sexuality',NULL,NULL,'en',1,39,NULL),
 (1842,'2007-06-11 11:16:30','added',959,313,25,3,'http://metadataregistry.org/uri/NSDLGEM/1025',25,309,'en',1,39,NULL),
 (1845,'2007-01-20 11:10:04','added',929,295,25,19,'Instructional issues',NULL,NULL,'en',1,39,NULL),
 (1846,'2007-06-04 10:47:00','added',943,295,25,3,'http://metadataregistry.org/uri//NSDLGEM/1001',25,292,'en',1,39,NULL),
 (1849,'2007-01-20 11:25:47','added',931,297,25,19,'Integrating technology in the classroom',NULL,NULL,'en',1,39,NULL),
 (1850,'2007-06-11 14:31:50','added',1003,297,25,3,'http://metadataregistry.org/uri//NSDLGEM/1003',25,293,'en',1,39,NULL),
 (1866,'2007-06-11 14:18:44','added',963,315,25,19,'Mathematics',NULL,NULL,'en',1,39,NULL),
 (1867,'2007-06-11 14:56:01','added',1073,315,25,16,'http://metadataregistry.org/uri/NSDLGEM/1034',25,316,'en',1,39,NULL),
 (1868,'2007-06-11 14:56:14','added',1075,315,25,16,'http://metadataregistry.org/uri/NSDLGEM/1035',25,317,'en',1,39,NULL),
 (1869,'2007-06-11 14:56:33','added',1077,315,25,16,'http://metadataregistry.org/uri/NSDLGEM/1036',25,318,'en',1,39,NULL),
 (1870,'2007-06-11 14:56:50','added',1079,315,25,16,'http://metadataregistry.org/uri/NSDLGEM/1037',25,319,'en',1,39,NULL),
 (1871,'2007-06-11 14:57:16','added',1081,315,25,16,'http://metadataregistry.org/uri/NSDLGEM/1038',25,320,'en',1,39,NULL),
 (1872,'2007-06-11 14:57:47','added',1083,315,25,16,'http://metadataregistry.org/uri/NSDLGEM/1039',25,321,'en',1,39,NULL),
 (1873,'2007-06-11 14:58:02','added',1085,315,25,16,'http://metadataregistry.org/uri/NSDLGEM/1040',25,322,'en',1,39,NULL),
 (1874,'2007-06-11 14:58:27','added',1087,315,25,16,'http://metadataregistry.org/uri/NSDLGEM/1041',25,323,'en',1,39,NULL),
 (1875,'2007-06-11 14:58:51','added',1089,315,25,16,'http://metadataregistry.org/uri/NSDLGEM/1042',25,324,'en',1,39,NULL),
 (1876,'2007-06-11 14:59:08','added',1091,315,25,16,'http://metadataregistry.org/uri/NSDLGEM/1043',25,325,'en',1,39,NULL),
 (1877,'2007-06-11 14:59:28','added',1093,315,25,16,'http://metadataregistry.org/uri/NSDLGEM/1044',25,326,'en',1,39,NULL),
 (1878,'2007-06-11 14:59:46','added',1095,315,25,16,'http://metadataregistry.org/uri/NSDLGEM/1045',25,327,'en',1,39,NULL),
 (1879,'2007-06-11 15:00:09','added',1097,315,25,16,'http://metadataregistry.org/uri/NSDLGEM/1046',25,328,'en',1,39,NULL),
 (1880,'2007-06-11 15:00:29','added',1099,315,25,16,'http://metadataregistry.org/uri/NSDLGEM/1047',25,329,'en',1,39,NULL),
 (1883,'2007-06-11 14:20:17','added',971,323,25,19,'Measurement',NULL,NULL,'en',1,39,NULL),
 (1884,'2007-06-11 14:58:27','added',1086,323,25,3,'http://metadataregistry.org/uri/NSDLGEM/1033',25,315,'en',1,39,NULL),
 (1887,'2007-06-11 14:26:03','added',991,343,25,19,'Metallurgy',NULL,NULL,'en',1,39,NULL),
 (1888,'2007-06-11 14:50:18','added',1054,343,25,3,'http://metadataregistry.org/uri/NSDLGEM/1022',25,307,'en',1,39,NULL),
 (1891,'2007-06-03 14:10:28','added',936,302,25,19,'Meteorology',NULL,NULL,'en',1,39,NULL),
 (1892,'2007-06-11 14:50:40','added',1056,302,25,3,'http://metadataregistry.org/uri/NSDLGEM/1022',25,307,'en',1,39,NULL),
 (1895,'2007-01-20 11:26:14','added',932,298,25,19,'Multimedia education',NULL,NULL,'en',1,39,NULL),
 (1896,'2007-06-11 14:32:19','added',1005,298,25,3,'http://metadataregistry.org/uri//NSDLGEM/1003',25,293,'en',1,39,NULL),
 (1899,'2007-06-11 14:26:23','added',992,344,25,19,'Natural history',NULL,NULL,'en',1,39,NULL),
 (1900,'2007-06-11 14:50:59','added',1058,344,25,3,'http://metadataregistry.org/uri/NSDLGEM/1022',25,307,'en',1,39,NULL),
 (1903,'2007-06-11 14:20:30','added',972,324,25,19,'Number sense',NULL,NULL,'en',1,39,NULL),
 (1904,'2007-06-11 14:58:51','added',1088,324,25,3,'http://metadataregistry.org/uri/NSDLGEM/1033',25,315,'en',1,39,NULL),
 (1907,'2007-06-11 14:20:41','added',973,325,25,19,'Number theory',NULL,NULL,'en',1,39,NULL),
 (1908,'2007-06-11 14:59:08','added',1090,325,25,3,'http://metadataregistry.org/uri/NSDLGEM/1033',25,315,'en',1,39,NULL),
 (1911,'2007-06-04 10:50:22','added',952,314,25,19,'Nutrition',NULL,NULL,'en',1,39,NULL),
 (1912,'2007-06-11 11:16:47','added',961,314,25,3,'http://metadataregistry.org/uri/NSDLGEM/1025',25,309,'en',1,39,NULL),
 (1915,'2007-06-03 14:10:37','added',937,303,25,19,'Oceanography',NULL,NULL,'en',1,39,NULL),
 (1916,'2007-06-11 14:51:29','added',1060,303,25,3,'http://metadataregistry.org/uri/NSDLGEM/1022',25,307,'en',1,39,NULL),
 (1919,'2007-06-11 14:26:49','added',993,345,25,19,'Paleontology',NULL,NULL,'en',1,39,NULL),
 (1920,'2007-06-11 14:53:02','added',1062,345,25,3,'http://metadataregistry.org/uri/NSDLGEM/1022',25,307,'en',1,39,NULL),
 (1923,'2007-06-11 14:20:51','added',974,326,25,19,'Patterns',NULL,NULL,'en',1,39,NULL),
 (1924,'2007-06-11 14:59:28','added',1092,326,25,3,'http://metadataregistry.org/uri/NSDLGEM/1033',25,315,'en',1,39,NULL),
 (1927,'2007-06-11 14:26:57','added',994,346,25,19,'Pharmacology',NULL,NULL,'en',1,39,NULL),
 (1928,'2007-06-11 14:53:26','added',1064,346,25,3,'http://metadataregistry.org/uri/NSDLGEM/1022',25,307,'en',1,39,NULL),
 (1931,'2007-06-03 14:10:09','added',935,301,25,19,'Physical sciences',NULL,NULL,'en',1,39,NULL),
 (1932,'2007-06-11 14:53:53','added',1066,301,25,3,'http://metadataregistry.org/uri/NSDLGEM/1022',25,307,'en',1,39,NULL),
 (1935,'2007-06-11 14:27:21','added',995,347,25,19,'Physics',NULL,NULL,'en',1,39,NULL),
 (1936,'2007-06-11 14:54:20','added',1068,347,25,3,'http://metadataregistry.org/uri/NSDLGEM/1022',25,307,'en',1,39,NULL),
 (1939,'2007-06-11 14:20:58','added',975,327,25,19,'Probability',NULL,NULL,'en',1,39,NULL),
 (1940,'2007-06-11 14:59:46','added',1094,327,25,3,'http://metadataregistry.org/uri/NSDLGEM/1033',25,315,'en',1,39,NULL),
 (1943,'2007-06-11 14:28:52','added',1000,352,25,19,'Psychology',NULL,NULL,'en',1,39,NULL),
 (1944,'2007-06-11 14:37:17','added',1019,352,25,3,'http://metadataregistry.org/uri/NSDLGEM/1066',25,348,'en',1,39,NULL),
 (1971,'2007-06-03 16:08:11','added',941,307,25,19,'Science',NULL,NULL,'en',1,39,NULL),
 (1972,'2007-06-11 14:40:47','added',1022,307,25,16,'http://metadataregistry.org/uri/NSDLGEM/1048',25,330,'en',1,39,NULL),
 (1973,'2007-06-11 14:41:06','added',1024,307,25,16,'http://metadataregistry.org/uri/NSDLGEM/1018',25,304,'en',1,39,NULL),
 (1974,'2007-06-11 14:41:20','added',1026,307,25,16,'http://metadataregistry.org/uri/NSDLGEM/1049',25,331,'en',1,39,NULL),
 (1975,'2007-06-11 14:41:41','added',1028,307,25,16,'http://metadataregistry.org/uri/NSDLGEM/1050',25,332,'en',1,39,NULL),
 (1976,'2007-06-11 14:42:39','added',1030,307,25,16,'http://metadataregistry.org/uri/NSDLGEM/1050',25,332,'en',1,39,NULL),
 (1977,'2007-06-11 14:42:59','added',1032,307,25,16,'http://metadataregistry.org/uri/NSDLGEM/1052',25,334,'en',1,39,NULL),
 (1978,'2007-06-11 14:43:18','added',1034,307,25,16,'http://metadataregistry.org/uri/NSDLGEM/1020',25,306,'en',1,39,NULL),
 (1979,'2007-06-11 14:45:06','added',1037,307,25,16,'http://metadataregistry.org/uri/NSDLGEM/1014',25,300,'en',1,39,NULL),
 (1980,'2007-06-11 14:46:00','added',1039,307,25,16,'http://metadataregistry.org/uri/NSDLGEM/1053',25,335,'en',1,39,NULL),
 (1981,'2007-06-11 14:46:25','added',1041,307,25,16,'http://metadataregistry.org/uri/NSDLGEM/1054',25,336,'en',1,39,NULL),
 (1982,'2007-06-11 14:46:44','added',1043,307,25,16,'http://metadataregistry.org/uri/NSDLGEM/1055',25,337,'en',1,39,NULL),
 (1983,'2007-06-11 14:47:11','added',1045,307,25,16,'http://metadataregistry.org/uri/NSDLGEM/1056',25,338,'en',1,39,NULL),
 (1984,'2007-06-11 14:48:15','added',1047,307,25,16,'http://metadataregistry.org/uri/NSDLGEM/1057',25,339,'en',1,39,NULL),
 (1985,'2007-06-11 14:49:04','added',1049,307,25,16,'http://metadataregistry.org/uri/NSDLGEM/1058',25,340,'en',1,39,NULL),
 (1986,'2007-06-11 14:49:29','added',1051,307,25,16,'http://metadataregistry.org/uri/NSDLGEM/1059',25,341,'en',1,39,NULL),
 (1987,'2007-06-11 14:49:55','added',1053,307,25,16,'http://metadataregistry.org/uri/NSDLGEM/1060',25,342,'en',1,39,NULL),
 (1988,'2007-06-11 14:50:18','added',1055,307,25,16,'http://metadataregistry.org/uri/NSDLGEM/1061',25,343,'en',1,39,NULL),
 (1989,'2007-06-11 14:50:40','added',1057,307,25,16,'http://metadataregistry.org/uri/NSDLGEM/1016',25,302,'en',1,39,NULL),
 (1990,'2007-06-11 14:50:59','added',1059,307,25,16,'http://metadataregistry.org/uri/NSDLGEM/1062',25,344,'en',1,39,NULL),
 (1991,'2007-06-11 14:51:29','added',1061,307,25,16,'http://metadataregistry.org/uri/NSDLGEM/1017',25,303,'en',1,39,NULL),
 (1992,'2007-06-11 14:53:02','added',1063,307,25,16,'http://metadataregistry.org/uri/NSDLGEM/1063',25,345,'en',1,39,NULL),
 (1993,'2007-06-11 14:53:26','added',1065,307,25,16,'http://metadataregistry.org/uri/NSDLGEM/1064',25,346,'en',1,39,NULL),
 (1994,'2007-06-11 14:53:53','added',1067,307,25,16,'http://metadataregistry.org/uri/NSDLGEM/1015',25,301,'en',1,39,NULL),
 (1995,'2007-06-11 14:54:20','added',1069,307,25,16,'http://metadataregistry.org/uri/NSDLGEM/1065',25,347,'en',1,39,NULL),
 (1996,'2007-06-11 14:54:52','added',1071,307,25,16,'http://metadataregistry.org/uri/NSDLGEM/1019',25,305,'en',1,39,NULL),
 (2003,'2007-06-11 14:27:49','added',996,348,25,19,'Social studies',NULL,NULL,'en',1,39,NULL),
 (2004,'2007-06-11 14:35:57','added',1012,348,25,16,'http://metadataregistry.org/uri/NSDLGEM/1067',25,349,'en',1,39,NULL),
 (2005,'2007-06-11 14:36:20','added',1014,348,25,16,'http://metadataregistry.org/uri/NSDLGEM/1068',25,350,'en',1,39,NULL),
 (2006,'2007-06-11 14:36:41','added',1016,348,25,16,'http://metadataregistry.org/uri/NSDLGEM/1023',25,308,'en',1,39,NULL),
 (2007,'2007-06-11 14:36:58','added',1018,348,25,16,'http://metadataregistry.org/uri/NSDLGEM/1069',25,351,'en',1,39,NULL),
 (2008,'2007-06-11 14:37:17','added',1020,348,25,16,'http://metadataregistry.org/uri/NSDLGEM/1070',25,352,'en',1,39,NULL),
 (2011,'2007-06-03 14:11:11','added',939,305,25,19,'Space sciences',NULL,NULL,'en',1,39,NULL),
 (2012,'2007-06-11 14:54:52','added',1070,305,25,3,'http://metadataregistry.org/uri/NSDLGEM/1022',25,307,'en',1,39,NULL),
 (2015,'2007-06-11 14:21:05','added',976,328,25,19,'Statistics',NULL,NULL,'en',1,39,NULL),
 (2016,'2007-06-11 15:00:09','added',1096,328,25,3,'http://metadataregistry.org/uri/NSDLGEM/1033',25,315,'en',1,39,NULL),
 (2023,'2007-01-20 11:08:48','added',927,293,25,19,'Technology',NULL,NULL,'en',1,39,NULL),
 (2024,'2007-06-11 14:31:23','added',1002,293,25,16,'http://metadataregistry.org/uri//NSDLGEM/1007',25,296,'en',1,39,NULL),
 (2025,'2007-06-11 14:31:50','added',1004,293,25,16,'http://metadataregistry.org/uri//NSDLGEM/1008',25,297,'en',1,39,NULL),
 (2026,'2007-06-11 14:32:19','added',1006,293,25,16,'http://metadataregistry.org/uri//NSDLGEM/1009',25,298,'en',1,39,NULL),
 (2027,'2007-06-11 14:32:39','added',1008,293,25,16,'http://metadataregistry.org/uri//NSDLGEM/1010',25,299,'en',1,39,NULL),
 (2028,'2007-06-11 14:34:46','added',1009,293,25,16,'http://purl.org/gem/instance/subject/GEM-S/educational_technology',20,189,'en',1,39,NULL),
 (2031,'2007-01-20 11:26:41','added',933,299,25,19,'Technology planning',NULL,NULL,'en',1,39,NULL),
 (2032,'2007-06-11 14:32:39','added',1007,299,25,3,'http://metadataregistry.org/uri//NSDLGEM/1003',25,293,'en',1,39,NULL),
 (2035,'2007-06-11 14:21:18','added',977,329,25,19,'Trigonometry',NULL,NULL,'en',1,39,NULL),
 (2036,'2007-06-11 15:00:29','added',1098,329,25,3,'http://metadataregistry.org/uri/NSDLGEM/1033',25,315,'en',1,39,NULL),
 (2037,'2007-08-09 19:04:49','added',1100,217,23,9,'badlabel',23,NULL,'en',1,36,NULL),
 (2039,'2007-08-14 20:09:51','updated',102,25,10,1,'1st Grade',10,NULL,'en',1,36,NULL),
 (2040,'2007-09-04 19:03:28','added',1101,353,26,19,'top 1',NULL,NULL,'en',1,36,NULL),
 (2041,'2007-09-04 19:03:44','added',1102,354,26,19,'top 2',NULL,NULL,'en',1,36,NULL),
 (2042,'2007-09-04 19:04:04','added',1103,355,26,19,'related',NULL,NULL,'en',1,36,NULL),
 (2043,'2007-09-04 19:31:46','added',1104,353,26,16,'http://metadataregistry.org/uri/booboo/1003',26,355,'',1,36,NULL),
 (2044,'2007-09-04 19:31:49','added',1105,355,26,3,'http://metadataregistry.org/uri/booboo/1001',26,353,'en',1,36,NULL),
 (2045,'2007-09-04 19:33:10','added',1106,353,26,16,'http://metadataregistry.org/uri/booboo/1003',26,355,'',1,36,NULL),
 (2046,'2007-09-04 19:33:18','updated',1105,355,26,3,'http://metadataregistry.org/uri/booboo/1001',26,353,'en',1,36,NULL),
 (2047,'2007-09-04 19:37:17','added',1107,355,26,1,'',26,NULL,'en',1,36,NULL),
 (2048,'2007-09-07 07:56:02','updated',1101,353,26,19,'top 1a',NULL,NULL,'en',1,61,NULL),
 (2049,'2007-09-07 10:24:14','added',1108,355,26,3,'http://metadataregistry.org/uri/booboo/1001',26,353,'',1,61,NULL);
INSERT INTO `reg_concept_property_history` (`id`,`created_at`,`action`,`concept_property_id`,`concept_id`,`vocabulary_id`,`skos_property_id`,`object`,`scheme_id`,`related_concept_id`,`language`,`status_id`,`created_user_id`,`change_note`) VALUES
 (2050,'2007-09-07 10:24:15','added',1109,353,26,16,'http://metadataregistry.org/uri/booboo/1003',26,355,'en',1,61,NULL);
/*!40000 ALTER TABLE `reg_concept_property_history` ENABLE KEYS */;


--
-- Definition of table `reg_lookup`
--

DROP TABLE IF EXISTS `reg_lookup`;
CREATE TABLE `reg_lookup` (
  `id` int(11) NOT NULL auto_increment,
  `type_id` int(11) default NULL COMMENT 'This will be the lookup type and will reference the list of lookup types stored in this very same table',
  `short_value` char(20) default NULL,
  `long_value` varchar(255) default NULL,
  `display_order` int(11) default NULL,
  PRIMARY KEY  (`id`),
  UNIQUE KEY `id` (`id`),
  KEY `display_order` (`type_id`,`display_order`)
) ENGINE=InnoDB AUTO_INCREMENT=10 DEFAULT CHARSET=utf8;

--
-- Dumping data for table `reg_lookup`
--

/*!40000 ALTER TABLE `reg_lookup` DISABLE KEYS */;
INSERT INTO `reg_lookup` (`id`,`type_id`,`short_value`,`long_value`,`display_order`) VALUES
 (1,1,'Published','Published',7),
 (2,1,'New-Proposed','New-Proposed',1),
 (3,1,'Change-Proposed','Change-Proposed',2),
 (4,1,'Deprecate-Proposed','Deprecate-Proposed',3),
 (5,1,'New-Under Review','New-Under Review',4),
 (6,1,'Change-Under Review','Change-Under Review',5),
 (7,1,'Deprecate-Under Revi','Deprecate-Under Review',6),
 (8,1,'Deprecated','Deprecated',8),
 (9,1,'Not Approved','Not Approved',9);
/*!40000 ALTER TABLE `reg_lookup` ENABLE KEYS */;


--
-- Definition of table `reg_namespace`
--

DROP TABLE IF EXISTS `reg_namespace`;
CREATE TABLE `reg_namespace` (
  `id` int(11) NOT NULL auto_increment,
  `schema_id` int(11) NOT NULL,
  `created_at` datetime default NULL,
  `deleted_at` datetime default NULL,
  `created_user_id` int(11) default NULL,
  `updated_user_id` int(11) default NULL,
  `token` varchar(255) NOT NULL default '',
  `note` text,
  `uri` varchar(255) NOT NULL default '',
  `schema_location` varchar(255) default NULL,
  PRIMARY KEY  (`id`),
  KEY `schema_id` (`schema_id`),
  CONSTRAINT `reg_namespace_fk` FOREIGN KEY (`schema_id`) REFERENCES `reg_schema` (`id`) ON DELETE CASCADE ON UPDATE NO ACTION
) ENGINE=InnoDB DEFAULT CHARSET=utf8;

--
-- Dumping data for table `reg_namespace`
--

/*!40000 ALTER TABLE `reg_namespace` DISABLE KEYS */;
/*!40000 ALTER TABLE `reg_namespace` ENABLE KEYS */;


--
-- Definition of table `reg_schema`
--

DROP TABLE IF EXISTS `reg_schema`;
CREATE TABLE `reg_schema` (
  `id` int(11) NOT NULL auto_increment,
  `agent_id` int(11) NOT NULL,
  `created_at` datetime default NULL,
  `updated_at` datetime default NULL,
  `deleted_at` datetime default NULL,
  `created_user_id` int(11) default NULL,
  `updated_user_id` int(11) default NULL,
  `child_updated_at` datetime default NULL,
  `child_updated_user_id` int(11) default NULL,
  `name` varchar(255) NOT NULL default '',
  `note` text,
  `uri` varchar(255) NOT NULL default '',
  `url` varchar(255) default NULL,
  `base_domain` varchar(255) NOT NULL default '',
  `token` varchar(45) NOT NULL default '',
  `community` varchar(45) default NULL,
  `last_uri_id` int(11) default '100000',
  `status_id` int(11) NOT NULL default '1',
  `language` char(6) NOT NULL default 'en',
  `profile_id` int(11) default NULL,
  UNIQUE KEY `id` (`id`),
  KEY `agent_id` (`agent_id`),
  KEY `status_id` (`status_id`),
  KEY `last_updated_by_user_id` (`updated_user_id`),
  KEY `created_user_id` (`created_user_id`),
  KEY `child_updated_user_id` (`child_updated_user_id`),
  KEY `profile_id` (`profile_id`),
  CONSTRAINT `schema_status_fk` FOREIGN KEY (`status_id`) REFERENCES `reg_status` (`id`) ON DELETE NO ACTION ON UPDATE NO ACTION,
  CONSTRAINT `schema_agent_fk` FOREIGN KEY (`agent_id`) REFERENCES `reg_agent` (`id`) ON UPDATE NO ACTION,
  CONSTRAINT `schema_FK_user_1` FOREIGN KEY (`created_user_id`) REFERENCES `reg_user` (`id`) ON DELETE SET NULL ON UPDATE NO ACTION,
  CONSTRAINT `schema_FK_user_2` FOREIGN KEY (`updated_user_id`) REFERENCES `reg_user` (`id`) ON DELETE SET NULL ON UPDATE NO ACTION,
  CONSTRAINT `schema_profile_fk` FOREIGN KEY (`profile_id`) REFERENCES `profile` (`id`) ON DELETE NO ACTION ON UPDATE NO ACTION
) ENGINE=InnoDB DEFAULT CHARSET=utf8;

--
-- Dumping data for table `reg_schema`
--

/*!40000 ALTER TABLE `reg_schema` DISABLE KEYS */;
/*!40000 ALTER TABLE `reg_schema` ENABLE KEYS */;


--
-- Definition of table `reg_schema_property`
--

DROP TABLE IF EXISTS `reg_schema_property`;
CREATE TABLE `reg_schema_property` (
  `id` int(11) NOT NULL auto_increment,
  `created_at` datetime default NULL,
  `updated_at` timestamp NOT NULL default CURRENT_TIMESTAMP,
  `deleted_at` datetime default NULL,
  `created_user_id` int(11) default NULL,
  `updated_user_id` int(11) default NULL,
  `schema_id` int(11) NOT NULL,
  `name` varchar(255) NOT NULL default '',
  `label` varchar(255) NOT NULL,
  `definition` text,
  `comment` text,
  `type` enum('property','subproperty','class','subclass') NOT NULL,
  `is_subproperty_of` int(11) default NULL,
  `parent_uri` varchar(255),
  `uri` varchar(255) NOT NULL,
  `status_id` int(11) NOT NULL default '0',
  `language` varchar(6) NOT NULL default '',
  `note` text,
  UNIQUE KEY `id` (`id`),
  KEY `created_user_id` (`created_user_id`),
  KEY `updated_user_id` (`updated_user_id`),
  KEY `schema_id` (`schema_id`),
  KEY `subproperty_id` (`is_subproperty_of`),
  KEY `status_id` (`status_id`),
  CONSTRAINT `reg_schema_property_fk` FOREIGN KEY (`created_user_id`) REFERENCES `reg_user` (`id`) ON DELETE SET NULL ON UPDATE NO ACTION,
  CONSTRAINT `reg_schema_property_fk1` FOREIGN KEY (`updated_user_id`) REFERENCES `reg_user` (`id`) ON DELETE SET NULL ON UPDATE NO ACTION,
  CONSTRAINT `reg_schema_property_fk2` FOREIGN KEY (`schema_id`) REFERENCES `reg_schema` (`id`) ON DELETE NO ACTION ON UPDATE NO ACTION,
  CONSTRAINT `reg_schema_property_fk3` FOREIGN KEY (`is_subproperty_of`) REFERENCES `reg_schema_property` (`id`) ON DELETE CASCADE ON UPDATE NO ACTION,
  CONSTRAINT `reg_schema_property_fk4` FOREIGN KEY (`status_id`) REFERENCES `reg_status` (`id`) ON DELETE NO ACTION ON UPDATE NO ACTION
) ENGINE=InnoDB DEFAULT CHARSET=utf8;

--
-- Dumping data for table `reg_schema_property`
--

/*!40000 ALTER TABLE `reg_schema_property` DISABLE KEYS */;
/*!40000 ALTER TABLE `reg_schema_property` ENABLE KEYS */;


--
-- Definition of table `reg_schema_property_element`
--

DROP TABLE IF EXISTS `reg_schema_property_element`;
CREATE TABLE `reg_schema_property_element` (
  `id` int(11) NOT NULL auto_increment,
  `created_at` datetime default NULL,
  `updated_at` timestamp NOT NULL default CURRENT_TIMESTAMP,
  `deleted_at` datetime default NULL,
  `created_user_id` int(11) default NULL,
  `updated_user_id` int(11) default NULL,
  `schema_property_id` int(11) NOT NULL,
  `profile_property_id` int(11) NOT NULL,
  `is_schema_property` tinyint(1) default NULL,
  `object` text NOT NULL,
  `related_schema_property_id` int(11) default NULL,
  `language` char(6) default 'en',
  `status_id` int(11) default '1',
  UNIQUE KEY `id` (`id`),
  KEY `created_user_id` (`created_user_id`),
  KEY `updated_user_id` (`updated_user_id`),
  KEY `schema_property_id` (`schema_property_id`),
  KEY `related_property_id` (`related_schema_property_id`),
  KEY `status_id` (`status_id`),
  KEY `profile_property_id` (`profile_property_id`),
  CONSTRAINT `reg_schema_property_element_fk` FOREIGN KEY (`profile_property_id`) REFERENCES `profile_property` (`id`) ON DELETE NO ACTION ON UPDATE NO ACTION,
  CONSTRAINT `reg_schema_property_property_fk` FOREIGN KEY (`created_user_id`) REFERENCES `reg_user` (`id`) ON DELETE NO ACTION ON UPDATE NO ACTION,
  CONSTRAINT `reg_schema_property_property_fk1` FOREIGN KEY (`updated_user_id`) REFERENCES `reg_user` (`id`) ON DELETE NO ACTION ON UPDATE NO ACTION,
  CONSTRAINT `reg_schema_property_property_fk2` FOREIGN KEY (`schema_property_id`) REFERENCES `reg_schema_property` (`id`) ON DELETE NO ACTION ON UPDATE NO ACTION,
  CONSTRAINT `reg_schema_property_property_fk3` FOREIGN KEY (`related_schema_property_id`) REFERENCES `reg_schema_property` (`id`) ON DELETE NO ACTION ON UPDATE NO ACTION,
  CONSTRAINT `reg_schema_property_property_fk4` FOREIGN KEY (`status_id`) REFERENCES `reg_status` (`id`) ON DELETE NO ACTION ON UPDATE NO ACTION
) ENGINE=InnoDB DEFAULT CHARSET=utf8;

--
-- Dumping data for table `reg_schema_property_element`
--

/*!40000 ALTER TABLE `reg_schema_property_element` DISABLE KEYS */;
/*!40000 ALTER TABLE `reg_schema_property_element` ENABLE KEYS */;


--
-- Definition of table `reg_schema_property_element_history`
--

DROP TABLE IF EXISTS `reg_schema_property_element_history`;
CREATE TABLE `reg_schema_property_element_history` (
  `id` int(11) NOT NULL auto_increment,
  `created_at` timestamp NOT NULL default CURRENT_TIMESTAMP,
  `created_user_id` int(11) default NULL,
  `action` enum('updated','added','deleted','force_deleted') default NULL,
  `schema_property_element_id` int(11) default NULL,
  `schema_property_id` int(11) default NULL,
  `schema_id` int(11) default NULL,
  `profile_property_id` int(11) default NULL,
  `object` text,
  `related_schema_property_id` int(11) default NULL,
  `language` char(6) default 'en',
  `status_id` int(11) default '1',
  `change_note` text,
  UNIQUE KEY `id` (`id`),
  KEY `created_user_id` (`created_user_id`),
  KEY `schema_property_element_id` (`schema_property_element_id`),
  KEY `schema_property_id` (`schema_property_id`),
  KEY `schema_id` (`schema_id`),
  KEY `related_schema_property_id` (`related_schema_property_id`),
  KEY `status_id` (`status_id`),
  KEY `profile_property_id` (`profile_property_id`),
  CONSTRAINT `reg_schema_property_element_history_fk` FOREIGN KEY (`created_user_id`) REFERENCES `reg_user` (`id`) ON DELETE NO ACTION ON UPDATE NO ACTION,
  CONSTRAINT `reg_schema_property_element_history_fk1` FOREIGN KEY (`schema_property_element_id`) REFERENCES `reg_schema_property_element` (`id`) ON DELETE NO ACTION ON UPDATE NO ACTION,
  CONSTRAINT `reg_schema_property_element_history_fk2` FOREIGN KEY (`schema_property_id`) REFERENCES `reg_schema_property` (`id`) ON DELETE NO ACTION ON UPDATE NO ACTION,
  CONSTRAINT `reg_schema_property_element_history_fk3` FOREIGN KEY (`schema_id`) REFERENCES `reg_schema` (`id`) ON DELETE NO ACTION ON UPDATE NO ACTION,
  CONSTRAINT `reg_schema_property_element_history_fk4` FOREIGN KEY (`related_schema_property_id`) REFERENCES `reg_schema_property` (`id`) ON DELETE NO ACTION ON UPDATE NO ACTION,
  CONSTRAINT `reg_schema_property_element_history_fk5` FOREIGN KEY (`status_id`) REFERENCES `reg_status` (`id`) ON DELETE NO ACTION ON UPDATE NO ACTION,
  CONSTRAINT `reg_schema_property_element_history_fk6` FOREIGN KEY (`profile_property_id`) REFERENCES `profile_property` (`id`) ON DELETE NO ACTION ON UPDATE NO ACTION
) ENGINE=InnoDB DEFAULT CHARSET=utf8;

--
-- Dumping data for table `reg_schema_property_element_history`
--

/*!40000 ALTER TABLE `reg_schema_property_element_history` DISABLE KEYS */;
/*!40000 ALTER TABLE `reg_schema_property_element_history` ENABLE KEYS */;


--
-- Definition of table `reg_skos_property`
--

DROP TABLE IF EXISTS `reg_skos_property`;
CREATE TABLE `reg_skos_property` (
  `id` int(11) NOT NULL auto_increment,
  `parent_id` int(11) default NULL,
  `inverse_id` int(11) default NULL COMMENT 'id of the inverse property',
  `name` varchar(255) NOT NULL COMMENT 'The name of the property',
  `uri` varchar(255) NOT NULL COMMENT 'The URI of the property',
  `object_type` enum('resource','literal') NOT NULL COMMENT 'the type of the object for which this is the predicate',
  `display_order` int(11) default NULL COMMENT 'Display order of properties',
  `picklist_order` int(11) default NULL,
  `label` varchar(255) default NULL COMMENT 'The pretty label for the property',
  `definition` text,
  `comment` text,
  `examples` varchar(255) default NULL COMMENT 'Link to example usage',
  `is_required` tinyint(1) NOT NULL default '0' COMMENT 'boolean -- id this value required',
  `is_reciprocal` tinyint(1) NOT NULL default '0' COMMENT 'boolean - subject and object must both have this property',
  `is_singleton` tinyint(1) NOT NULL default '0' COMMENT 'boolean -- is this property allowed to repeat for a concept',
  `is_scheme` tinyint(1) NOT NULL default '0' COMMENT 'boolean - is in conceptScheme domain',
  `is_in_picklist` tinyint(1) NOT NULL default '1' COMMENT 'boolean - is in the property picklist',
  PRIMARY KEY  (`id`),
  UNIQUE KEY `id` (`id`),
  UNIQUE KEY `name` (`name`),
  UNIQUE KEY `uri` (`uri`)
) ENGINE=InnoDB AUTO_INCREMENT=28 DEFAULT CHARSET=utf8 COMMENT='Contains a list of available predicates for skos concepts co';

--
-- Dumping data for table `reg_skos_property`
--

/*!40000 ALTER TABLE `reg_skos_property` DISABLE KEYS */;
INSERT INTO `reg_skos_property` (`id`,`parent_id`,`inverse_id`,`name`,`uri`,`object_type`,`display_order`,`picklist_order`,`label`,`definition`,`comment`,`examples`,`is_required`,`is_reciprocal`,`is_singleton`,`is_scheme`,`is_in_picklist`) VALUES
 (1,27,NULL,'altLabel','http://www.w3.org/2004/02/skos/core#altLabel','literal',1,3,'alternative label','An alternative lexical label for a resource.','Acronyms, abbreviations, spelling variants, and irregular plural/singular forms may be included among the alternative labels for a concept. Mis-spelled terms are normally included as hidden labels (see skos:hiddenLabel).','http://www.w3.org/2004/02/skos/core/examples/altLabel.rdf.xml',0,0,0,0,1),
 (2,26,NULL,'altSymbol','http://www.w3.org/2004/02/skos/core#altSymbol','literal',2,NULL,'alternative symbolic label','An alternative symbolic label for a resource.',NULL,'http://www.w3.org/2004/02/skos/core/examples/altSymbol.rdf.xml',0,0,0,0,0),
 (3,NULL,16,'broader','http://www.w3.org/2004/02/skos/core#broader','resource',3,4,'has broader','A concept that is more general in meaning.','Broader concepts are typically rendered as parents in a concept hierarchy (tree).','http://www.w3.org/2004/02/skos/core/examples/broader.rdf.xml',0,0,0,0,1),
 (4,17,NULL,'changeNote','http://www.w3.org/2004/02/skos/core#changeNote','literal',4,8,'change note','A note about a modification to a concept.',NULL,'http://www.w3.org/2004/02/skos/core/examples/changeNote.rdf.xml',0,0,0,0,1),
 (5,17,NULL,'definition','http://www.w3.org/2004/02/skos/core#definition','literal',NULL,2,'definition','A statement or formal explanation of the meaning of a concept.',NULL,'http://www.w3.org/2004/02/skos/core/examples/definition.rdf.xml',0,0,0,0,1),
 (6,17,NULL,'editorialNote','http://www.w3.org/2004/02/skos/core#editorialNote','literal',NULL,9,'editorial note','A note for an editor, translator or maintainer of the vocabulary.',NULL,'http://www.w3.org/2004/02/skos/core/examples/editorialNote.rdf.xml',0,0,0,0,1),
 (7,17,NULL,'example','http://www.w3.org/2004/02/skos/core#example','literal',NULL,10,'example','An example of the use of a concept.',NULL,'http://www.w3.org/2004/02/skos/core/examples/example.rdf.xml',0,0,0,0,1),
 (9,27,NULL,'hiddenLabel','http://www.w3.org/2004/02/skos/core#hiddenLabel','literal',NULL,12,'hidden label','A lexical label for a resource that should be hidden when generating visual displays of the resource, but should still be accessible to free text search operations.',NULL,'http://www.w3.org/2004/02/skos/core/examples/hiddenLabel.rdf.xml',0,0,0,0,1),
 (10,NULL,NULL,'historyNote','http://www.w3.org/2004/02/skos/core#historyNote','literal',NULL,11,'history note',NULL,'A note about the past state/use/meaning of a concept.','http://www.w3.org/2004/02/skos/core/examples/historyNote.rdf.xml',0,0,0,0,1),
 (11,NULL,NULL,'inScheme','http://www.w3.org/2004/02/skos/core#inScheme','resource',NULL,14,'in scheme','A concept scheme in which the concept is included.','A concept may be a member of more than one concept scheme.','http://www.w3.org/2004/02/skos/core/examples/inScheme.rdf.xml',1,0,0,0,1),
 (12,NULL,24,'isSubjectOf','http://www.w3.org/2004/02/skos/core#isSubjectOf','resource',NULL,NULL,'is subject of','A resource for which the concept is a subject.',NULL,'http://www.w3.org/2004/02/skos/core/examples/isSubjectOf.rdf.xml',0,0,0,0,0),
 (13,12,20,'isPrimarySubjectOf','http://www.w3.org/2004/02/skos/core#isPrimarySubjectOf','resource',NULL,NULL,'is primary subject of','A resource for which the concept is the primary subject.',NULL,NULL,0,0,0,0,0),
 (16,NULL,3,'narrower','http://www.w3.org/2004/02/skos/core#narrower','resource',NULL,5,'has narrower','A concept that is more specific in meaning.','Narrower concepts are typically rendered as children in a concept hierarchy (tree).','http://www.w3.org/2004/02/skos/core/examples/narrower.rdf.xml',0,0,0,0,1),
 (17,NULL,NULL,'note','http://www.w3.org/2004/02/skos/core#note','literal',NULL,13,'note','A general note, for any purpose.','This property may be used directly, or as a super-property for more specific note types.','http://www.w3.org/2004/02/skos/core/examples/note.rdf.xml',0,0,0,0,1),
 (18,26,NULL,'prefSymbol','http://www.w3.org/2004/02/skos/core#prefSymbol','literal',NULL,NULL,'preferred symbolic label','The preferred symbolic label for a resource.','No two concepts in the same concept scheme may have the same value for skos:prefSymbol.','http://www.w3.org/2004/02/skos/core/examples/prefSymbol.rdf.xml',0,0,0,0,0),
 (19,27,NULL,'prefLabel','http://www.w3.org/2004/02/skos/core#prefLabel','literal',NULL,1,'preferred label','The preferred lexical label for a resource, in a given language.','No two concepts in the same concept scheme may have the same value for skos:prefLabel in a given language.','http://www.w3.org/2004/02/skos/core/examples/prefLabel.rdf.xml',1,0,0,0,1),
 (20,24,NULL,'primarySubject','http://www.w3.org/2004/02/skos/core#primarySubject','literal',NULL,NULL,'has primary subject','A concept that is the primary subject of the resource.','A resource may have only one primary subject per concept scheme.','http://www.w3.org/2004/02/skos/core/examples/primarySubject.rdf.xml',0,0,0,0,0),
 (21,NULL,21,'related','http://www.w3.org/2004/02/skos/core#related','resource',NULL,6,'related to','A concept with which there is an associative semantic relationship.',NULL,'http://www.w3.org/2004/02/skos/core/examples/related.rdf.xml',0,1,0,0,1),
 (22,17,NULL,'scopeNote','http://www.w3.org/2004/02/skos/core#scopeNote','literal',NULL,7,'scope note','A note that helps to clarify the meaning of a concept.',NULL,'http://www.w3.org/2004/02/skos/core/examples/scopeNote.rdf.xml',0,0,0,0,1),
 (24,NULL,12,'subject','http://www.w3.org/2004/02/skos/core#subject','resource',NULL,NULL,'has subject','A concept that is a subject of the resource.','The following rule may be applied for this property: [(?d skos:subject ?x)(?x skos:broader ?y) implies (?d skos:subject ?y)]','http://www.w3.org/2004/02/skos/core/examples/subject.rdf.xml',0,0,0,0,0),
 (25,NULL,NULL,'subjectIndicator','http://www.w3.org/2004/02/skos/core#subjectIndicator','resource',NULL,NULL,'subject indicator','A subject indicator for a concept. [The notion of \'subject indicator\' is defined here with reference to the latest definition endorsed by the OASIS Published Subjects Technical Committee.]','This property allows subject indicators to be used for concept identification in place of or in addition to directly assigned URIs.','http://www.w3.org/2004/02/skos/core/examples/subjectIndicator.rdf.xml',0,0,0,0,0),
 (26,NULL,NULL,'symbol','http://www.w3.org/2004/02/skos/core#symbol','literal',NULL,NULL,'symbolic label','An image that is a symbolic label for the resource.','This property is roughly analagous to rdfs:label, but for labelling resources with images that have retrievable representations, rather than RDF literals.','http://www.w3.org/2004/02/skos/core/examples/symbol.rdf.xml',0,0,0,0,0),
 (27,NULL,NULL,'label','http://www.w3.org/2000/01/rdf-schema#label','literal',NULL,15,'label','A human-readable name for the subject.',NULL,NULL,0,0,0,0,1);
/*!40000 ALTER TABLE `reg_skos_property` ENABLE KEYS */;


--
-- Definition of table `reg_status`
--

DROP TABLE IF EXISTS `reg_status`;
CREATE TABLE `reg_status` (
  `id` int(11) NOT NULL auto_increment,
  `display_order` int(11) default NULL,
  `display_name` varchar(255) default NULL,
  `uri` varchar(255) default NULL,
  PRIMARY KEY  (`id`),
  UNIQUE KEY `id` (`id`),
  KEY `display_order` (`display_order`)
) ENGINE=InnoDB AUTO_INCREMENT=10 DEFAULT CHARSET=utf8;

--
-- Dumping data for table `reg_status`
--

/*!40000 ALTER TABLE `reg_status` DISABLE KEYS */;
INSERT INTO `reg_status` (`id`,`display_order`,`display_name`,`uri`) VALUES
 (1,7,'Published','http://metadataregistry.org/uri/RegStatus/1001'),
 (2,1,'New-Proposed','http://metadataregistry.org/uri/RegStatus/1002'),
 (3,2,'Change-Proposed','http://metadataregistry.org/uri/RegStatus/1003'),
 (4,3,'Deprecate-Proposed','http://metadataregistry.org/uri/RegStatus/1004'),
 (5,4,'New-Under Review','http://metadataregistry.org/uri/RegStatus/1005'),
 (6,5,'Change-Under Review','http://metadataregistry.org/uri/RegStatus/1006'),
 (7,6,'Deprecate-Under Review','http://metadataregistry.org/uri/RegStatus/1007'),
 (8,8,'Deprecated','http://metadataregistry.org/uri/RegStatus/1008'),
 (9,9,'Not Approved','http://metadataregistry.org/uri/RegStatus/1009');
/*!40000 ALTER TABLE `reg_status` ENABLE KEYS */;


--
-- Definition of table `reg_user`
--

DROP TABLE IF EXISTS `reg_user`;
CREATE TABLE `reg_user` (
  `id` int(11) NOT NULL auto_increment,
  `created_at` datetime default NULL,
  `last_updated` timestamp NOT NULL default CURRENT_TIMESTAMP on update CURRENT_TIMESTAMP,
  `deleted_at` datetime default NULL,
  `nickname` varchar(50) default NULL,
  `salutation` varchar(5) default NULL,
  `first_name` varchar(100) default NULL,
  `last_name` varchar(100) default NULL,
  `email` varchar(100) default NULL,
  `sha1_password` varchar(40) default NULL,
  `salt` varchar(32) default NULL,
  `want_to_be_moderator` tinyint(1) default '0',
  `is_moderator` tinyint(1) default '0',
  `is_administrator` tinyint(1) default '0',
  `deletions` int(11) default '0',
  `password` varchar(40) default NULL,
  PRIMARY KEY  (`id`),
  KEY `id` (`id`,`created_at`)
) ENGINE=InnoDB AUTO_INCREMENT=62 DEFAULT CHARSET=utf8 AVG_ROW_LENGTH=334 COMMENT='InnoDB free: 9216 kB';

--
-- Dumping data for table `reg_user`
--

/*!40000 ALTER TABLE `reg_user` DISABLE KEYS */;
INSERT INTO `reg_user` (`id`,`created_at`,`last_updated`,`deleted_at`,`nickname`,`salutation`,`first_name`,`last_name`,`email`,`sha1_password`,`salt`,`want_to_be_moderator`,`is_moderator`,`is_administrator`,`deletions`,`password`) VALUES
 (36,'2006-03-24 17:29:24','2007-06-04 11:04:28',NULL,'jonphipps',NULL,'Jon','Phipps','jphipps@madcreek.com','ad595c0e9bc6b0a9be194ad5bbcb2cd82eaee6ce','1d4c1324f5cacadf382702601d32c107',NULL,0,1,0,NULL),
 (37,'2006-04-07 15:53:03','2006-04-07 15:53:03',NULL,'dih1',NULL,NULL,NULL,'dih1@cornell.edu','a7294c358591a15d9bcb0a8cfd707335c2b9d222','88f61322d3c9f042b442ca255a4a567e',0,0,0,0,NULL),
 (38,'2006-04-07 15:53:36','2006-06-05 22:15:06',NULL,'sas1',NULL,NULL,NULL,'sasutton@u.washington.edu','f01d10ee8880f4417ec1185579f49d87f798271d','704a68f4da0b09ae1090ec52363a80cc',0,0,1,0,NULL),
 (39,'2006-04-20 17:23:19','2006-04-20 17:29:05',NULL,'Diane',NULL,'Diane','Hillmann','dih1@cornell.edu','85b9985df8ac67041c4d05a7e0628aadd5e3bed3','e6d6d077df70f9cceee18d3c0cba5ad3',NULL,0,1,0,NULL),
 (40,'2006-05-24 12:34:11','2006-05-24 12:34:30',NULL,'jtennis',NULL,'Joseph','Tennis','jtennis@interchange.ubc.ca','d2ae5fefd05b1594917be688a7d1ba32bcb05b0d','6145677bd5194b9f313847e21e9c5699',NULL,0,0,0,NULL),
 (41,'2006-10-05 11:05:13','2007-02-12 16:42:00',NULL,'ancwil',NULL,'Andrew','Wilson','ancwil@yahoo.com','d7a50cd410a542ef56d62ede1805481f8d15a759','8114f66ff8ef0db9fb1143aa409bb3a2',NULL,0,0,0,NULL),
 (42,'2006-10-06 10:00:02','2006-10-06 10:00:02',NULL,'samoh',NULL,NULL,NULL,'samoh21@gmail.com','d09bb5a896c067c75a8a8985f034089f02174581','a79191ef79478e1e8047691ad45f8fe7',0,0,0,0,NULL),
 (43,'2006-10-13 16:41:30','2006-10-13 16:41:30',NULL,'amiles',NULL,NULL,NULL,'amiles@foobar.com','9e3f1ffed36aaec945167887cdd67357ca609bfc','6330ad493b51b9ce1bea94a23dab3f47',0,0,0,0,NULL),
 (44,'2006-10-19 13:31:51','2006-10-19 13:31:51',NULL,'mathgateway',NULL,NULL,NULL,'prichardson@maa.org','a13ee24fe4629d46566b89492c5110a30d5687af','26eeeb91374ba5fc7d695eaf33a4bf79',0,0,0,0,NULL),
 (45,'2006-10-19 13:49:11','2006-10-19 13:49:11',NULL,'stuchalk',NULL,NULL,NULL,'schalk@unf.edu','6fff849cbcb270b5c3d9519fdf7693af15e77df7','932c06942049c95292b7f7cbf60b894a',0,0,0,0,NULL),
 (46,'2006-10-25 14:37:22','2006-10-31 10:23:41',NULL,'boogiedown29697',NULL,'Andy','Lee','acl@clemson.edu','59943ea8f401fe1e2ff4487183ffbfd5c764501c','57166a44e02a3d772247a68db26af7c3',NULL,0,0,0,NULL),
 (47,'2006-10-30 07:24:36','2006-10-30 06:24:36',NULL,'beobal',NULL,NULL,NULL,'sam.tunnicliffe@gmail.com','9b7b0c770aa790a6c25ab215f504eaee8654c535','5f36f64f1a1040902a9b6e8c800c035d',0,0,0,0,NULL),
 (48,'2006-11-14 13:44:26','2006-11-14 13:46:08',NULL,'fatmar',NULL,'Steve','Stevenson','steve@cs.clemson.edu','324e0e40621b7bd8bc8264e0101da4b6c0aff7a1','6120321adf3ada0b26eba0d06668421b',NULL,0,0,0,NULL),
 (49,'2006-11-22 03:56:34','2006-11-22 03:56:34',NULL,'voanhdung',NULL,NULL,NULL,'voanhdung@htv.com.vn','07086fc0705244c738ced0de6c63e2dc78ad87c0','346fbf6c460e41e1be5b59c846f7e8e5',0,0,0,0,NULL),
 (50,'2006-12-01 00:25:05','2006-12-01 00:25:05',NULL,'bmason@ou.edu',NULL,NULL,NULL,'bmason@ou.edu','131366666100439a5c0f6b47de5d90052a3edf0c','ad4a8f8bc75e2076178263253a7bc0ba',0,0,0,0,NULL),
 (51,'2006-12-10 13:54:41','2006-12-10 13:54:41',NULL,'ml1047',NULL,NULL,NULL,'ml1047@columbia.edu','ee3b835cf6cdff487f53493b7f1940c6e511e6f2','fe5f6eb3e1b48c76281555736f131533',0,0,0,0,NULL),
 (52,'2007-01-02 10:29:02','2007-01-02 10:32:14',NULL,'jwmoore',NULL,'John','Moore','jwmoore@chem.wisc.edu','465279c7cbdd5547b66df0de0e9d6e117abf7ebc','538351047ec37eb10cf4abb44f599213',NULL,0,0,0,NULL),
 (53,'2007-01-03 11:11:22','2007-01-03 11:11:22',NULL,'jhwalent',NULL,NULL,NULL,'jhwalent@facstaff.wisc.edu','4a6bdc3114ef1e3bae479c6fc43dd69b1c1d2c9c','c52b6d123b65a079cefe810e6793db2a',0,0,0,0,NULL),
 (54,'2007-02-22 07:35:41','2007-02-22 07:35:41',NULL,'timgreen',NULL,NULL,NULL,'tim.green@efi.int','46fda1225f890f9373ecbd011f2c7594306589fc','b309174dfde5038d5a27949f4434376a',0,0,0,0,NULL),
 (55,'2007-04-24 10:00:34','2007-04-24 10:00:34',NULL,'TDCornwell',NULL,NULL,NULL,'tc225@Cornell.edu','144aede51b493e6ab733fc3dbf9c6769a8e65db5','e70576afd27427a6d63ae4a5c7610a4d',0,0,0,0,NULL),
 (56,'2007-06-04 10:56:20','2007-06-04 10:56:20',NULL,'doofus',NULL,NULL,NULL,'jphipps@bigfoot.com','93aa7dd51b81093ab34ab6996c8211d0596239f5','b780d3642d2485c50b427831227d0e50',0,0,0,0,NULL),
 (57,'2007-06-25 13:50:54','2007-06-25 13:50:54',NULL,'mercer1298',NULL,NULL,NULL,'aweaver@sdslink.com','9ea6a5bb634c244425f1a0acd7111b326b35d251','6ef6440064b2d55ea8c25c0f7cb2d417',0,0,0,0,NULL),
 (58,'2007-07-27 08:44:27','2007-07-27 08:44:48',NULL,'mkaczmarek',NULL,'Mateusz','Kaczmarek','mateusz.kaczmarek@deri.org','4744e119608403a9cbcd577ab274354dd65e96dc','1dabd0169b611095a35fe5c585d448e5',NULL,0,0,0,NULL),
 (59,'2007-07-29 12:52:22','2007-07-29 12:52:22',NULL,'aclmeister',NULL,NULL,NULL,'alee2@clemson.edu','1f01258fe0ea927b0ed48a7c233c36ac4b8612c2','b07db8b1c0e46b20501ce52fe9f55364',0,0,0,0,NULL),
 (60,'2007-08-06 12:47:44','2007-08-06 12:47:44',NULL,'pjagdale',NULL,NULL,NULL,'prajakta_jagdale@yahoo.com','0babb98735a119e1b221c4613ec7d79a4228f345','d04b18a2e2a01d5bf665a35f68e43b4d',0,0,0,0,NULL),
 (61,'2007-09-02 21:26:50','2007-09-02 21:26:50',NULL,'booboo',NULL,NULL,NULL,'booboo@foobar.com','b13f02ad7cd0262bfe4e45148e3b6032a5459d13','6cfd652a9f8820cb6f158df684272efc',0,0,0,0,NULL);
/*!40000 ALTER TABLE `reg_user` ENABLE KEYS */;


--
-- Definition of table `reg_vocabulary`
--

DROP TABLE IF EXISTS `reg_vocabulary`;
CREATE TABLE `reg_vocabulary` (
  `id` int(11) NOT NULL auto_increment,
  `agent_id` int(11) NOT NULL,
  `created_at` datetime default NULL,
  `deleted_at` datetime default NULL,
  `last_updated` timestamp NOT NULL default CURRENT_TIMESTAMP,
  `created_user_id` int(11) default NULL,
  `updated_user_id` int(11) default NULL,
  `child_updated_at` datetime default NULL,
  `child_updated_user_id` int(11) default NULL,
  `name` varchar(255) NOT NULL default '',
  `note` text,
  `uri` varchar(255) NOT NULL default '',
  `url` varchar(255) default NULL,
  `base_domain` varchar(255) NOT NULL default '',
  `token` varchar(45) NOT NULL default '',
  `community` varchar(45) default NULL,
  `last_uri_id` int(11) default '1000',
  `status_id` int(11) NOT NULL default '1' COMMENT 'This will be the default status id for all concept properties for this vocabulary',
  `language` char(6) NOT NULL default 'en' COMMENT 'This is the default language for all concept properties',
  PRIMARY KEY  (`id`),
  KEY `agent_id` (`agent_id`),
  KEY `status_id` (`status_id`),
  KEY `last_updated_by_user_id` (`updated_user_id`),
  KEY `created_user_id` (`created_user_id`),
  KEY `child_updated_user_id` (`child_updated_user_id`),
  CONSTRAINT `reg_vocabulary_FK_` FOREIGN KEY (`created_user_id`) REFERENCES `reg_user` (`id`) ON DELETE SET NULL ON UPDATE NO ACTION,
  CONSTRAINT `reg_vocabulary_FK_1` FOREIGN KEY (`updated_user_id`) REFERENCES `reg_user` (`id`) ON DELETE SET NULL ON UPDATE NO ACTION,
  CONSTRAINT `reg_vocabulary_FK_2` FOREIGN KEY (`child_updated_user_id`) REFERENCES `reg_user` (`id`) ON DELETE SET NULL ON UPDATE NO ACTION,
  CONSTRAINT `vocabulary_agent_fk` FOREIGN KEY (`agent_id`) REFERENCES `reg_agent` (`id`) ON UPDATE NO ACTION,
  CONSTRAINT `vocabulary_status_fk` FOREIGN KEY (`status_id`) REFERENCES `reg_status` (`id`)
) ENGINE=InnoDB AUTO_INCREMENT=28 DEFAULT CHARSET=utf8;

--
-- Dumping data for table `reg_vocabulary`
--

/*!40000 ALTER TABLE `reg_vocabulary` DISABLE KEYS */;
INSERT INTO `reg_vocabulary` (`id`,`agent_id`,`created_at`,`deleted_at`,`last_updated`,`created_user_id`,`updated_user_id`,`child_updated_at`,`child_updated_user_id`,`name`,`note`,`uri`,`url`,`base_domain`,`token`,`community`,`last_uri_id`,`status_id`,`language`) VALUES
 (8,52,'2006-04-13 11:51:57',NULL,'2006-10-03 16:56:05',38,38,NULL,NULL,'GEM Education Level Vocabulary','','http://purl.org/gem/instance/level','http://thegateway.org','http://purl.org/gem','level','Education',100028,1,'en'),
 (10,53,'2006-04-13 13:58:01',NULL,'2006-10-03 17:11:56',39,39,NULL,NULL,'NSDL Education Level Vocabulary','','http://metadataregistry.org/uri/NSDLEdLvl','http://metamanagement.comm.nsdl.org/cgi-bin/wiki.pl?VocabDevel','http://metadataregistry.org/uri','NSDLEdLvl','Science, Mathematics, Engineering, Technology',1025,1,'en'),
 (11,53,'2006-04-24 08:37:30',NULL,'2006-10-03 17:11:51',39,39,NULL,NULL,'NSDL Learning Resource Type Vocabulary','','http://metadataregistry.org/uri/NSDLResType','http://metamanagement.comm.nsdl.org/cgi-bin/wiki.pl?LRT_Wiki_Version2','http://metadataregistry.org/uri','NSDLResType','Education',1042,1,'en'),
 (15,58,'2006-06-05 19:03:53',NULL,'2006-10-03 17:12:04',39,39,NULL,NULL,'NSDL Registry Agents Vocabulary','This is the NSDL Registry\'s internal vocabulary for the registration of agents.','http://metadataregistry.org/uri/NSDLAgent','','http://metadataregistry.org/uri','NSDLAgent','Registries',1015,1,'en'),
 (16,58,'2006-06-07 13:49:20',NULL,'2006-10-17 11:00:07',38,38,NULL,NULL,'NSDL Registry Top Level Thesaurus Vocabulary','This is the vocabulary used to register top level thesauri.','http://metadataregistry.org/uri/NSDLTopLevel','','http://metadataregistry.org/uri','NSDLTopLevel','Registries',1015,1,'en'),
 (17,58,'2006-06-15 20:16:00',NULL,'2006-10-03 17:12:30',39,39,NULL,NULL,'NSDL Registry Administrative Vocabulary','This vocabulary is used to manage resources within the NSDL Registry','http://metadataregistry.org/uri/NSDLRegAdmin','','http://metadataregistry.org/uri','NSDLRegAdmin','Registries',1004,1,'en'),
 (18,52,'2006-07-02 16:07:45',NULL,'2006-10-03 16:55:49',38,38,NULL,NULL,'GEM Assessment Vocabulary','Words and phrases that describe student learning assessment methods and instruments.\r\n','http://purl.org/gem/instance/GEM-AM','http://www.thegateway.org','http://purl.org/gem','GEM-AM','Education',1012,1,'en'),
 (19,52,'2006-07-03 22:35:31',NULL,'2006-10-03 16:56:42',38,38,NULL,NULL,'21st Century Skills','Partnership of 21st Century Skills vocabulary of skills','http://purl.org/ASN/scheme/P21','','http://purl.org/ASN/scheme','P21','Education',1060,1,'en'),
 (20,52,'2006-07-11 21:55:34',NULL,'2006-10-03 16:56:51',38,38,NULL,NULL,'GEM Subject Vocabulary','This subject vocabulary is required for resources in the Gateway to 21st Century Skills database','http://purl.org/gem/instance/subject/GEM-S','http://www.thegateway.org/about/documentation/gem-controlled-vocabularies/vocabulary-subject','http://purl.org/gem/instance/subject','GEM-S','Education',1015,1,'en'),
 (22,58,'2006-09-20 11:54:40',NULL,'2006-10-03 16:56:57',39,39,NULL,NULL,'NSDL Registry Schema Properties','This is the internal vocabulary used to register schemas. ','http://metadataregistry.org/uri/NSDLSchema','','http://metadataregistry.org/uri','NSDLSchema','Registries',1012,1,'en'),
 (23,58,'2006-09-20 13:58:18',NULL,'2006-10-18 17:44:35',36,36,NULL,NULL,'NSDL Registry AP Properties','The is the NSDL Registry internal vocabulary used to register Application Profiles.','http://metadataregistry.org/uri/NSDLAP','','http://metadataregistry.org/uri','NSDLAP','Registries',1024,1,'en'),
 (24,52,'2006-10-02 10:13:53',NULL,'2006-10-06 10:29:17',38,38,NULL,NULL,'Instructional Methods','This DRAFT vocabulary combines three vocabularies from the GEM namespace three aspects of instructional methods--student groupings, assessment methods, and teaching methods.','http://www.thegateway.org/about/documentation/gem-controlled-vocabularies','','http://metadataregistry.org/uri','InstMethod','Education',1065,1,'en'),
 (25,53,'2007-01-20 11:04:34',NULL,'2007-06-11 14:28:27',39,39,NULL,NULL,'NSDL GEM Topics','The NSDL GEM Topics is a subset (with some changes in hierarchy and relationships) of the GEM Subject Categories.','http://metadataregistry.org/uri/NSDLGEM','http://nsdl.org/browse/?GEM_cat=true','http://metadataregistry.org/uri/','NSDLGEM','NSDL',1070,1,'en'),
 (26,63,'2007-09-02 21:28:54',NULL,'2007-09-02 21:28:54',NULL,NULL,NULL,NULL,'booboo test','','http://metadataregistry.org/uri/booboo','','http://metadataregistry.org/uri/','booboo','',1003,1,'en'),
 (27,63,'2007-09-02 21:50:01',NULL,'2007-09-02 21:50:01',NULL,NULL,NULL,NULL,'booboo test2','','http://metadataregistry.org/uri/booboo2','','http://metadataregistry.org/uri/','booboo2','',1002,1,'en');
/*!40000 ALTER TABLE `reg_vocabulary` ENABLE KEYS */;


--
-- Definition of table `reg_vocabulary_has_user`
--

DROP TABLE IF EXISTS `reg_vocabulary_has_user`;
CREATE TABLE `reg_vocabulary_has_user` (
  `id` int(11) NOT NULL auto_increment,
  `created_at` datetime default NULL,
  `updated_at` timestamp NOT NULL default CURRENT_TIMESTAMP,
  `deleted_at` datetime default NULL,
  `vocabulary_id` int(11) NOT NULL default '0',
  `user_id` int(11) NOT NULL default '0',
  `is_maintainer_for` tinyint(1) default '1',
  `is_registrar_for` tinyint(1) default '1',
  `is_admin_for` tinyint(1) default '1',
  PRIMARY KEY  (`id`),
  UNIQUE KEY `resource_user_id` USING BTREE (`vocabulary_id`,`user_id`),
  UNIQUE KEY `user_resource_id` (`user_id`,`vocabulary_id`),
  CONSTRAINT `reg_resource_has_user_fk1` FOREIGN KEY (`user_id`) REFERENCES `reg_user` (`id`) ON DELETE CASCADE ON UPDATE NO ACTION,
  CONSTRAINT `reg_vocabulary_has_user_fk` FOREIGN KEY (`vocabulary_id`) REFERENCES `reg_vocabulary` (`id`) ON DELETE CASCADE ON UPDATE NO ACTION
) ENGINE=InnoDB AUTO_INCREMENT=23 DEFAULT CHARSET=utf8 AVG_ROW_LENGTH=390 COMMENT='InnoDB free: 0 kB; (`agent_id`) REFER `swregistry/reg_agent`';

--
-- Dumping data for table `reg_vocabulary_has_user`
--

/*!40000 ALTER TABLE `reg_vocabulary_has_user` DISABLE KEYS */;
INSERT INTO `reg_vocabulary_has_user` (`id`,`created_at`,`updated_at`,`deleted_at`,`vocabulary_id`,`user_id`,`is_maintainer_for`,`is_registrar_for`,`is_admin_for`) VALUES
 (1,'2007-09-04 19:03:11','2008-01-23 16:09:28',NULL,8,36,1,0,0),
 (2,'2007-09-04 19:03:11','2008-01-23 16:09:28',NULL,10,36,1,0,0),
 (3,'2007-09-04 19:03:11','2008-01-23 16:09:28',NULL,16,36,1,0,1),
 (4,'2007-09-04 19:03:11','2008-01-23 16:09:28',NULL,23,36,1,1,1),
 (5,'2007-09-04 19:03:11','2007-09-04 19:03:11',NULL,26,36,1,1,1),
 (6,'2007-09-04 19:03:11','2008-01-23 16:09:28',NULL,10,37,1,0,1),
 (7,'2007-09-04 19:03:11','2008-01-23 16:09:28',NULL,8,38,1,1,1),
 (8,'2007-09-04 19:03:11','2008-01-23 16:09:28',NULL,16,38,1,1,1),
 (9,'2007-09-04 19:03:11','2008-01-23 16:09:28',NULL,18,38,1,1,1),
 (10,'2007-09-04 19:03:11','2008-01-23 16:09:28',NULL,19,38,1,1,1),
 (11,'2007-09-04 19:03:11','2008-01-23 16:09:28',NULL,20,38,1,1,1),
 (12,'2007-09-04 19:03:11','2008-01-23 16:09:28',NULL,24,38,1,1,1),
 (13,'2007-09-04 19:03:11','2008-01-23 16:09:28',NULL,10,39,1,1,1),
 (14,'2007-09-04 19:03:11','2008-01-23 16:09:28',NULL,11,39,1,1,1),
 (15,'2007-09-04 19:03:11','2008-01-23 16:09:28',NULL,15,39,1,1,1),
 (16,'2007-09-04 19:03:11','2008-01-23 16:09:28',NULL,16,39,1,0,0),
 (17,'2007-09-04 19:03:11','2008-01-23 16:09:28',NULL,17,39,1,1,1),
 (18,'2007-09-04 19:03:11','2008-01-23 16:09:28',NULL,22,39,1,1,1),
 (19,'2007-09-04 19:03:11','2008-01-23 16:09:28',NULL,23,39,1,0,1),
 (20,'2007-09-04 19:03:11','2008-01-23 16:09:28',NULL,25,39,1,1,1),
 (21,'2007-09-02 21:28:54','2007-09-02 21:28:54',NULL,26,61,1,1,1),
 (22,'2007-09-02 21:50:01','2007-09-02 21:50:01',NULL,27,61,1,1,1);
/*!40000 ALTER TABLE `reg_vocabulary_has_user` ENABLE KEYS */;


--
-- Definition of table `reg_vocabulary_has_version`
--

DROP TABLE IF EXISTS `reg_vocabulary_has_version`;
CREATE TABLE `reg_vocabulary_has_version` (
  `id` int(11) NOT NULL auto_increment,
  `name` varchar(255) NOT NULL,
  `created_at` datetime default NULL,
  `deleted_at` datetime default NULL,
  `updated_at` datetime default NULL,
  `created_user_id` int(11) default NULL,
  `vocabulary_id` int(11) default NULL,
  `timeslice` datetime default NULL,
  PRIMARY KEY  (`id`),
  UNIQUE KEY `id` (`id`),
  KEY `created_user_id` (`created_user_id`),
  KEY `vocabulary_id` (`vocabulary_id`),
  KEY `name` (`name`),
  CONSTRAINT `reg_vocabulary_has_version_FK_user` FOREIGN KEY (`created_user_id`) REFERENCES `reg_user` (`id`) ON DELETE SET NULL ON UPDATE NO ACTION,
  CONSTRAINT `reg_vocabulary_has_version_FK_vocabulary` FOREIGN KEY (`vocabulary_id`) REFERENCES `reg_vocabulary` (`id`) ON DELETE CASCADE ON UPDATE NO ACTION
) ENGINE=InnoDB AUTO_INCREMENT=2 DEFAULT CHARSET=utf8;

--
-- Dumping data for table `reg_vocabulary_has_version`
--

/*!40000 ALTER TABLE `reg_vocabulary_has_version` DISABLE KEYS */;
/*!40000 ALTER TABLE `reg_vocabulary_has_version` ENABLE KEYS */;


--
-- Definition of table `schema_has_user`
--

DROP TABLE IF EXISTS `schema_has_user`;
CREATE TABLE `schema_has_user` (
  `id` int(11) NOT NULL auto_increment,
  `created_at` datetime default NULL,
  `updated_at` datetime default NULL,
  `deleted_at` datetime default NULL,
  `schema_id` int(11) NOT NULL default '0',
  `user_id` int(11) NOT NULL default '0',
  `is_maintainer_for` tinyint(1) default '1',
  `is_registrar_for` tinyint(1) default '1',
  `is_admin_for` tinyint(1) default '1',
  PRIMARY KEY  (`id`),
  UNIQUE KEY `id` (`id`),
  KEY `schema_id` (`schema_id`),
  KEY `user_id` (`user_id`),
  CONSTRAINT `schema_has_user_fk` FOREIGN KEY (`schema_id`) REFERENCES `reg_schema` (`id`) ON DELETE CASCADE ON UPDATE NO ACTION,
  CONSTRAINT `schema_has_user_fk1` FOREIGN KEY (`user_id`) REFERENCES `reg_user` (`id`) ON DELETE CASCADE ON UPDATE NO ACTION
) ENGINE=InnoDB AUTO_INCREMENT=8 DEFAULT CHARSET=utf8;

--
-- Dumping data for table `schema_has_user`
--

/*!40000 ALTER TABLE `schema_has_user` DISABLE KEYS */;
/*!40000 ALTER TABLE `schema_has_user` ENABLE KEYS */;


--
-- Definition of table `schema_has_version`
--

DROP TABLE IF EXISTS `schema_has_version`;
CREATE TABLE `schema_has_version` (
  `id` int(11) NOT NULL auto_increment,
  `name` varchar(255) NOT NULL default '',
  `created_at` datetime default NULL,
  `deleted_at` datetime default NULL,
  `updated_at` datetime default NULL,
  `created_user_id` int(11) default NULL,
  `schema_id` int(11) default NULL,
  `timeslice` datetime default NULL,
  PRIMARY KEY  (`id`),
  UNIQUE KEY `id` (`id`),
  KEY `created_user_id` (`created_user_id`),
  KEY `schema_id` (`schema_id`),
  CONSTRAINT `schema_has_version_fk` FOREIGN KEY (`created_user_id`) REFERENCES `reg_user` (`id`) ON DELETE NO ACTION ON UPDATE NO ACTION,
  CONSTRAINT `schema_has_version_fk1` FOREIGN KEY (`schema_id`) REFERENCES `reg_schema` (`id`) ON DELETE CASCADE ON UPDATE NO ACTION
) ENGINE=InnoDB DEFAULT CHARSET=utf8;

--
-- Dumping data for table `schema_has_version`
--

/*!40000 ALTER TABLE `schema_has_version` DISABLE KEYS */;
/*!40000 ALTER TABLE `schema_has_version` ENABLE KEYS */;




/*!40101 SET SQL_MODE=@OLD_SQL_MODE */;
/*!40014 SET FOREIGN_KEY_CHECKS=@OLD_FOREIGN_KEY_CHECKS */;
/*!40014 SET UNIQUE_CHECKS=@OLD_UNIQUE_CHECKS */;
/*!40101 SET CHARACTER_SET_CLIENT=@OLD_CHARACTER_SET_CLIENT */;
/*!40101 SET CHARACTER_SET_RESULTS=@OLD_CHARACTER_SET_RESULTS */;
/*!40101 SET COLLATION_CONNECTION=@OLD_COLLATION_CONNECTION */;
/*!40101 SET CHARACTER_SET_CLIENT=@OLD_CHARACTER_SET_CLIENT */;
