#
# SQL Export
# Created by Querious (201017)
# Created: December 11, 2017 at 5:41:35 PM EST
# Encoding: Unicode (UTF-8)
#


SET @PREVIOUS_FOREIGN_KEY_CHECKS = @@FOREIGN_KEY_CHECKS;
SET FOREIGN_KEY_CHECKS = 0;


DROP TABLE IF EXISTS `social_logins`;
DROP TABLE IF EXISTS `sessions`;
DROP TABLE IF EXISTS `schema_has_version`;
DROP TABLE IF EXISTS `schema_has_user`;
DROP TABLE IF EXISTS `role_user`;
DROP TABLE IF EXISTS `roles`;
DROP TABLE IF EXISTS `reg_vocabulary_has_version`;
DROP TABLE IF EXISTS `reg_vocabulary_has_user`;
DROP TABLE IF EXISTS `reg_vocabulary`;
DROP TABLE IF EXISTS `reg_user`;
DROP TABLE IF EXISTS `reg_status`;
DROP TABLE IF EXISTS `reg_skos_property`;
DROP TABLE IF EXISTS `reg_schema_property_element_history`;
DROP TABLE IF EXISTS `reg_schema_property_element`;
DROP TABLE IF EXISTS `reg_schema_property`;
DROP TABLE IF EXISTS `reg_rdf_namespace`;
DROP TABLE IF EXISTS `reg_schema`;
DROP TABLE IF EXISTS `reg_prefix`;
DROP TABLE IF EXISTS `reg_lookup`;
DROP TABLE IF EXISTS `reg_file_import_history`;
DROP TABLE IF EXISTS `reg_export_history`;
DROP TABLE IF EXISTS `reg_discuss`;
DROP TABLE IF EXISTS `reg_concept_property_history`;
DROP TABLE IF EXISTS `reg_concept_property`;
DROP TABLE IF EXISTS `reg_concept`;
DROP TABLE IF EXISTS `reg_collection`;
DROP TABLE IF EXISTS `reg_batch`;
DROP TABLE IF EXISTS `reg_agent_has_user`;
DROP TABLE IF EXISTS `profile_property`;
DROP TABLE IF EXISTS `profile`;
DROP TABLE IF EXISTS `reg_agent`;
DROP TABLE IF EXISTS `permission_role`;
DROP TABLE IF EXISTS `permissions`;
DROP TABLE IF EXISTS `password_resets`;
DROP TABLE IF EXISTS `migrations`;
DROP TABLE IF EXISTS `history`;
DROP TABLE IF EXISTS `history_types`;
DROP TABLE IF EXISTS `failed_jobs`;
DROP TABLE IF EXISTS `exports`;
DROP TABLE IF EXISTS `arc_triple`;
DROP TABLE IF EXISTS `arc_setting`;
DROP TABLE IF EXISTS `arc_s2val`;
DROP TABLE IF EXISTS `arc_o2val`;
DROP TABLE IF EXISTS `arc_id2val`;
DROP TABLE IF EXISTS `arc_g2t`;


CREATE TABLE `arc_g2t` (
  `g` int(10) unsigned NOT NULL,
  `t` int(10) unsigned NOT NULL,
  UNIQUE KEY `gt` (`g`,`t`),
  KEY `tg` (`t`,`g`),
  KEY `g` (`g`),
  KEY `t` (`t`)
) ENGINE=InnoDB DEFAULT CHARSET=utf8mb4 COLLATE=utf8mb4_unicode_ci;


CREATE TABLE `arc_id2val` (
  `id` int(10) unsigned NOT NULL,
  `misc` tinyint(1) NOT NULL DEFAULT '0',
  `val` text COLLATE utf8mb4_unicode_ci NOT NULL,
  `val_type` tinyint(1) NOT NULL DEFAULT '0',
  UNIQUE KEY `id` (`id`,`val_type`),
  KEY `id_2` (`id`),
  KEY `v1` (`val`(64))
) ENGINE=InnoDB DEFAULT CHARSET=utf8mb4 COLLATE=utf8mb4_unicode_ci;


CREATE TABLE `arc_o2val` (
  `id` int(10) unsigned NOT NULL,
  `cid` int(10) unsigned NOT NULL,
  `misc` tinyint(1) NOT NULL DEFAULT '0',
  `val` text COLLATE utf8mb4_unicode_ci NOT NULL,
  UNIQUE KEY `id-o` (`id`),
  KEY `cid-o` (`cid`),
  KEY `v2` (`val`(64))
) ENGINE=InnoDB DEFAULT CHARSET=utf8mb4 COLLATE=utf8mb4_unicode_ci;


CREATE TABLE `arc_s2val` (
  `id` int(10) unsigned NOT NULL,
  `cid` int(10) unsigned NOT NULL,
  `misc` tinyint(1) NOT NULL DEFAULT '0',
  `val` text COLLATE utf8mb4_unicode_ci NOT NULL,
  UNIQUE KEY `id-s` (`id`),
  KEY `cid-s` (`cid`),
  KEY `v3` (`val`(64))
) ENGINE=InnoDB DEFAULT CHARSET=utf8mb4 COLLATE=utf8mb4_unicode_ci;


CREATE TABLE `arc_setting` (
  `k` char(32) COLLATE utf8mb4_unicode_ci NOT NULL,
  `val` text COLLATE utf8mb4_unicode_ci NOT NULL,
  UNIQUE KEY `k` (`k`)
) ENGINE=InnoDB DEFAULT CHARSET=utf8mb4 COLLATE=utf8mb4_unicode_ci;


CREATE TABLE `arc_triple` (
  `t` int(10) unsigned NOT NULL,
  `s` int(10) unsigned NOT NULL,
  `p` int(10) unsigned NOT NULL,
  `o` int(10) unsigned NOT NULL,
  `o_lang_dt` int(10) unsigned NOT NULL,
  `o_comp` char(35) COLLATE utf8mb4_unicode_ci NOT NULL,
  `s_type` tinyint(1) NOT NULL DEFAULT '0',
  `o_type` tinyint(1) NOT NULL DEFAULT '0',
  `misc` tinyint(1) NOT NULL DEFAULT '0',
  UNIQUE KEY `t-t` (`t`),
  KEY `spo` (`s`,`p`,`o`),
  KEY `os` (`o`,`s`),
  KEY `po` (`p`,`o`),
  KEY `s-t` (`s`),
  KEY `p-t` (`p`),
  KEY `o-t` (`o`),
  KEY `o_lang_dt` (`o_lang_dt`),
  KEY `misc` (`misc`)
) ENGINE=InnoDB DEFAULT CHARSET=utf8mb4 COLLATE=utf8mb4_unicode_ci;


CREATE TABLE `exports` (
  `id` int(10) unsigned NOT NULL AUTO_INCREMENT,
  `created_at` timestamp NULL DEFAULT NULL,
  `updated_at` timestamp NULL DEFAULT NULL,
  `user_id` int(11) DEFAULT NULL,
  `vocabulary_id` int(11) DEFAULT NULL,
  `schema_id` int(11) DEFAULT NULL,
  `exclude_deprecated` tinyint(1) DEFAULT NULL,
  `include_generated` tinyint(1) DEFAULT NULL,
  `include_deleted` tinyint(1) DEFAULT NULL,
  `include_not_accepted` tinyint(1) DEFAULT NULL,
  `selected_columns` text COLLATE utf8mb4_unicode_ci,
  `selected_language` varchar(10) COLLATE utf8mb4_unicode_ci DEFAULT NULL,
  `published_english_version` varchar(100) COLLATE utf8mb4_unicode_ci DEFAULT NULL,
  `published_language_version` varchar(100) COLLATE utf8mb4_unicode_ci DEFAULT NULL,
  `last_vocab_update` datetime DEFAULT NULL,
  `profile_id` int(11) DEFAULT NULL,
  `file` varchar(191) COLLATE utf8mb4_unicode_ci DEFAULT NULL,
  `map` text COLLATE utf8mb4_unicode_ci,
  PRIMARY KEY (`id`),
  KEY `user_id` (`user_id`),
  KEY `vocabulary_id` (`vocabulary_id`),
  KEY `schema_id` (`schema_id`),
  KEY `profile_id` (`profile_id`),
  CONSTRAINT `exports_ibfk_1` FOREIGN KEY (`user_id`) REFERENCES `reg_user` (`id`) ON DELETE NO ACTION ON UPDATE NO ACTION,
  CONSTRAINT `exports_ibfk_2` FOREIGN KEY (`vocabulary_id`) REFERENCES `reg_vocabulary` (`id`) ON DELETE NO ACTION ON UPDATE NO ACTION,
  CONSTRAINT `exports_ibfk_3` FOREIGN KEY (`schema_id`) REFERENCES `reg_schema` (`id`) ON DELETE NO ACTION ON UPDATE NO ACTION,
  CONSTRAINT `exports_ibfk_4` FOREIGN KEY (`profile_id`) REFERENCES `profile` (`id`) ON DELETE NO ACTION ON UPDATE NO ACTION
) ENGINE=InnoDB AUTO_INCREMENT=571 DEFAULT CHARSET=utf8mb4 COLLATE=utf8mb4_unicode_ci;


CREATE TABLE `failed_jobs` (
  `id` int(10) unsigned NOT NULL AUTO_INCREMENT,
  `connection` text COLLATE utf8mb4_unicode_ci NOT NULL,
  `queue` text COLLATE utf8mb4_unicode_ci NOT NULL,
  `payload` longtext COLLATE utf8mb4_unicode_ci NOT NULL,
  `exception` longtext COLLATE utf8mb4_unicode_ci NOT NULL,
  `failed_at` timestamp NOT NULL DEFAULT CURRENT_TIMESTAMP,
  PRIMARY KEY (`id`)
) ENGINE=InnoDB DEFAULT CHARSET=utf8mb4 COLLATE=utf8mb4_unicode_ci;


CREATE TABLE `history_types` (
  `id` int(10) unsigned NOT NULL AUTO_INCREMENT,
  `name` varchar(191) COLLATE utf8mb4_unicode_ci NOT NULL,
  `created_at` timestamp NULL DEFAULT NULL,
  `updated_at` timestamp NULL DEFAULT NULL,
  PRIMARY KEY (`id`)
) ENGINE=InnoDB AUTO_INCREMENT=3 DEFAULT CHARSET=utf8mb4 COLLATE=utf8mb4_unicode_ci;


CREATE TABLE `history` (
  `id` int(10) unsigned NOT NULL AUTO_INCREMENT,
  `type_id` int(10) unsigned NOT NULL,
  `user_id` int(11) NOT NULL,
  `entity_id` int(10) unsigned DEFAULT NULL,
  `icon` varchar(191) COLLATE utf8mb4_unicode_ci DEFAULT NULL,
  `class` varchar(191) COLLATE utf8mb4_unicode_ci DEFAULT NULL,
  `text` varchar(191) COLLATE utf8mb4_unicode_ci NOT NULL,
  `assets` text COLLATE utf8mb4_unicode_ci,
  `created_at` timestamp NULL DEFAULT NULL,
  `updated_at` timestamp NULL DEFAULT NULL,
  PRIMARY KEY (`id`),
  KEY `history_type_id_foreign` (`type_id`),
  KEY `history_user_id_foreign` (`user_id`),
  CONSTRAINT `history_type_id_foreign` FOREIGN KEY (`type_id`) REFERENCES `history_types` (`id`) ON DELETE CASCADE,
  CONSTRAINT `history_user_id_foreign` FOREIGN KEY (`user_id`) REFERENCES `reg_user` (`id`) ON DELETE CASCADE
) ENGINE=InnoDB DEFAULT CHARSET=utf8mb4 COLLATE=utf8mb4_unicode_ci;


CREATE TABLE `migrations` (
  `id` int(10) unsigned NOT NULL AUTO_INCREMENT,
  `migration` varchar(191) COLLATE utf8mb4_unicode_ci NOT NULL,
  `batch` int(11) NOT NULL,
  PRIMARY KEY (`id`)
) ENGINE=InnoDB AUTO_INCREMENT=6629 DEFAULT CHARSET=utf8mb4 COLLATE=utf8mb4_unicode_ci;


CREATE TABLE `password_resets` (
  `email` varchar(191) COLLATE utf8mb4_unicode_ci NOT NULL,
  `token` varchar(191) COLLATE utf8mb4_unicode_ci NOT NULL,
  `created_at` timestamp NULL DEFAULT NULL,
  `name` varchar(60) COLLATE utf8mb4_unicode_ci NOT NULL DEFAULT '',
  KEY `password_resets_email_index` (`email`),
  KEY `password_resets_token_index` (`token`)
) ENGINE=InnoDB DEFAULT CHARSET=utf8mb4 COLLATE=utf8mb4_unicode_ci;


CREATE TABLE `permissions` (
  `id` int(10) unsigned NOT NULL AUTO_INCREMENT,
  `name` varchar(191) COLLATE utf8mb4_unicode_ci NOT NULL,
  `display_name` varchar(191) COLLATE utf8mb4_unicode_ci NOT NULL,
  `sort` smallint(5) unsigned NOT NULL DEFAULT '0',
  `created_at` timestamp NULL DEFAULT NULL,
  `updated_at` timestamp NULL DEFAULT NULL,
  PRIMARY KEY (`id`),
  UNIQUE KEY `permissions_name_unique` (`name`)
) ENGINE=InnoDB AUTO_INCREMENT=15 DEFAULT CHARSET=utf8mb4 COLLATE=utf8mb4_unicode_ci;


CREATE TABLE `permission_role` (
  `id` int(10) unsigned NOT NULL AUTO_INCREMENT,
  `permission_id` int(10) unsigned NOT NULL,
  `role_id` int(10) unsigned NOT NULL,
  PRIMARY KEY (`id`),
  KEY `permission_role_permission_id_foreign` (`permission_id`),
  KEY `permission_role_role_id_foreign` (`role_id`),
  CONSTRAINT `permission_role_permission_id_foreign` FOREIGN KEY (`permission_id`) REFERENCES `permissions` (`id`) ON DELETE CASCADE,
  CONSTRAINT `permission_role_role_id_foreign` FOREIGN KEY (`role_id`) REFERENCES `roles` (`id`) ON DELETE CASCADE
) ENGINE=InnoDB AUTO_INCREMENT=32 DEFAULT CHARSET=utf8mb4 COLLATE=utf8mb4_unicode_ci;


CREATE TABLE `reg_agent` (
  `id` int(11) NOT NULL AUTO_INCREMENT,
  `created_at` datetime DEFAULT NULL,
  `updated_at` datetime DEFAULT NULL,
  `last_updated` timestamp NOT NULL DEFAULT CURRENT_TIMESTAMP,
  `deleted_at` datetime DEFAULT NULL,
  `org_email` varchar(100) COLLATE utf8mb4_unicode_ci NOT NULL DEFAULT '',
  `org_name` varchar(191) COLLATE utf8mb4_unicode_ci NOT NULL DEFAULT '',
  `ind_affiliation` varchar(191) COLLATE utf8mb4_unicode_ci DEFAULT NULL,
  `ind_role` varchar(45) COLLATE utf8mb4_unicode_ci DEFAULT NULL,
  `address1` varchar(191) COLLATE utf8mb4_unicode_ci DEFAULT NULL,
  `address2` varchar(191) COLLATE utf8mb4_unicode_ci DEFAULT NULL,
  `city` varchar(45) COLLATE utf8mb4_unicode_ci DEFAULT NULL,
  `state` char(2) COLLATE utf8mb4_unicode_ci DEFAULT NULL,
  `postal_code` varchar(15) COLLATE utf8mb4_unicode_ci DEFAULT NULL,
  `country` char(3) COLLATE utf8mb4_unicode_ci DEFAULT NULL,
  `phone` varchar(45) COLLATE utf8mb4_unicode_ci DEFAULT NULL,
  `web_address` varchar(191) COLLATE utf8mb4_unicode_ci DEFAULT NULL,
  `type` char(15) COLLATE utf8mb4_unicode_ci DEFAULT NULL,
  `repo` varchar(191) COLLATE utf8mb4_unicode_ci DEFAULT NULL,
  `is_private` tinyint(1) NOT NULL DEFAULT '0',
  `license` varchar(191) COLLATE utf8mb4_unicode_ci DEFAULT NULL,
  `description` text COLLATE utf8mb4_unicode_ci,
  `created_by` int(11) DEFAULT NULL,
  `updated_by` int(11) DEFAULT NULL,
  `deleted_by` int(11) DEFAULT NULL,
  PRIMARY KEY (`id`),
  KEY `created_by` (`created_by`),
  KEY `updated_by` (`updated_by`),
  KEY `deleted_by` (`deleted_by`),
  CONSTRAINT `reg_agent_ibfk_1` FOREIGN KEY (`created_by`) REFERENCES `reg_user` (`id`) ON DELETE SET NULL ON UPDATE NO ACTION,
  CONSTRAINT `reg_agent_ibfk_2` FOREIGN KEY (`updated_by`) REFERENCES `reg_user` (`id`) ON DELETE SET NULL ON UPDATE NO ACTION,
  CONSTRAINT `reg_agent_ibfk_3` FOREIGN KEY (`deleted_by`) REFERENCES `reg_user` (`id`) ON DELETE SET NULL ON UPDATE NO ACTION
) ENGINE=InnoDB AUTO_INCREMENT=182 DEFAULT CHARSET=utf8mb4 COLLATE=utf8mb4_unicode_ci;


CREATE TABLE `profile` (
  `id` int(11) NOT NULL AUTO_INCREMENT,
  `agent_id` int(11) NOT NULL,
  `created_at` datetime DEFAULT NULL,
  `updated_at` datetime DEFAULT NULL,
  `deleted_at` datetime DEFAULT NULL,
  `created_by` int(11) DEFAULT NULL,
  `updated_by` int(11) DEFAULT NULL,
  `deleted_by` int(11) DEFAULT NULL,
  `child_updated_at` datetime DEFAULT NULL,
  `child_updated_by` int(11) DEFAULT NULL,
  `name` varchar(191) COLLATE utf8mb4_unicode_ci NOT NULL DEFAULT '',
  `note` text COLLATE utf8mb4_unicode_ci,
  `uri` varchar(191) COLLATE utf8mb4_unicode_ci NOT NULL DEFAULT '',
  `url` varchar(191) COLLATE utf8mb4_unicode_ci DEFAULT NULL,
  `base_domain` varchar(191) COLLATE utf8mb4_unicode_ci NOT NULL DEFAULT '',
  `token` varchar(45) COLLATE utf8mb4_unicode_ci NOT NULL DEFAULT '',
  `community` varchar(45) COLLATE utf8mb4_unicode_ci DEFAULT NULL,
  `last_uri_id` int(11) DEFAULT '100000',
  `status_id` int(11) NOT NULL DEFAULT '1',
  `language` char(6) COLLATE utf8mb4_unicode_ci NOT NULL DEFAULT 'en',
  PRIMARY KEY (`id`),
  KEY `profile_agent_id` (`agent_id`),
  KEY `profile_created_by` (`created_by`),
  KEY `profile_updated_by` (`updated_by`),
  KEY `profile_deleted_by` (`deleted_by`),
  KEY `profile_child_updated_by` (`child_updated_by`),
  KEY `profile_status_id` (`status_id`),
  CONSTRAINT `profile_ibfk_1` FOREIGN KEY (`agent_id`) REFERENCES `reg_agent` (`id`) ON DELETE NO ACTION ON UPDATE NO ACTION,
  CONSTRAINT `profile_ibfk_2` FOREIGN KEY (`status_id`) REFERENCES `reg_status` (`id`) ON DELETE NO ACTION ON UPDATE NO ACTION,
  CONSTRAINT `profile_ibfk_3` FOREIGN KEY (`updated_by`) REFERENCES `reg_user` (`id`) ON DELETE SET NULL ON UPDATE NO ACTION,
  CONSTRAINT `profile_ibfk_4` FOREIGN KEY (`created_by`) REFERENCES `reg_user` (`id`) ON DELETE SET NULL ON UPDATE NO ACTION,
  CONSTRAINT `profile_ibfk_5` FOREIGN KEY (`deleted_by`) REFERENCES `reg_user` (`id`) ON DELETE SET NULL ON UPDATE NO ACTION,
  CONSTRAINT `profile_ibfk_6` FOREIGN KEY (`child_updated_by`) REFERENCES `reg_user` (`id`) ON DELETE SET NULL ON UPDATE NO ACTION
) ENGINE=InnoDB AUTO_INCREMENT=3 DEFAULT CHARSET=utf8mb4 COLLATE=utf8mb4_unicode_ci;


CREATE TABLE `profile_property` (
  `id` int(11) NOT NULL AUTO_INCREMENT,
  `skos_id` int(11) NOT NULL DEFAULT '0',
  `created_at` datetime DEFAULT NULL,
  `updated_at` timestamp NOT NULL DEFAULT CURRENT_TIMESTAMP,
  `deleted_at` datetime DEFAULT NULL,
  `created_by` int(11) DEFAULT NULL,
  `updated_by` int(11) DEFAULT NULL,
  `deleted_by` int(11) DEFAULT NULL,
  `profile_id` int(11) NOT NULL,
  `skos_parent_id` int(11) DEFAULT NULL,
  `name` varchar(191) COLLATE utf8mb4_unicode_ci NOT NULL DEFAULT '',
  `label` varchar(191) COLLATE utf8mb4_unicode_ci NOT NULL DEFAULT '',
  `definition` text COLLATE utf8mb4_unicode_ci,
  `comment` text COLLATE utf8mb4_unicode_ci,
  `type` enum('property','subproperty','class','subclass') COLLATE utf8mb4_unicode_ci NOT NULL DEFAULT 'property',
  `uri` varchar(191) COLLATE utf8mb4_unicode_ci DEFAULT NULL,
  `status_id` int(11) NOT NULL DEFAULT '1',
  `language` varchar(6) COLLATE utf8mb4_unicode_ci NOT NULL DEFAULT 'en',
  `note` text COLLATE utf8mb4_unicode_ci,
  `display_order` int(11) DEFAULT NULL,
  `export_order` int(11) DEFAULT NULL,
  `picklist_order` int(11) DEFAULT NULL,
  `examples` varchar(191) COLLATE utf8mb4_unicode_ci DEFAULT NULL,
  `is_required` tinyint(1) NOT NULL DEFAULT '0',
  `is_reciprocal` tinyint(1) NOT NULL DEFAULT '0',
  `is_singleton` tinyint(1) NOT NULL DEFAULT '0',
  `is_in_picklist` tinyint(1) NOT NULL DEFAULT '1',
  `is_in_export` tinyint(1) NOT NULL DEFAULT '1',
  `inverse_profile_property_id` int(11) DEFAULT NULL,
  `is_in_class_picklist` tinyint(1) NOT NULL DEFAULT '1',
  `is_in_property_picklist` tinyint(1) NOT NULL DEFAULT '1',
  `is_in_rdf` tinyint(1) NOT NULL DEFAULT '1',
  `is_in_xsd` tinyint(1) NOT NULL DEFAULT '1',
  `is_attribute` tinyint(1) NOT NULL DEFAULT '0',
  `has_language` tinyint(1) NOT NULL DEFAULT '0',
  `is_object_prop` tinyint(1) NOT NULL DEFAULT '1',
  `is_in_form` tinyint(1) NOT NULL DEFAULT '0',
  `namespce` varchar(255) COLLATE utf8mb4_unicode_ci NOT NULL DEFAULT '',
  PRIMARY KEY (`id`),
  KEY `profile_property_skos_id` (`skos_id`),
  KEY `profile_property_created_by` (`created_by`),
  KEY `profile_property_updated_by` (`updated_by`),
  KEY `profile_property_deleted_by` (`deleted_by`),
  KEY `profile_id` (`profile_id`),
  KEY `profile_property_status_id` (`status_id`),
  KEY `inverse_profile_property_id` (`inverse_profile_property_id`),
  CONSTRAINT `profile_property_ibfk_1` FOREIGN KEY (`profile_id`) REFERENCES `profile` (`id`) ON DELETE NO ACTION ON UPDATE NO ACTION,
  CONSTRAINT `profile_property_ibfk_2` FOREIGN KEY (`inverse_profile_property_id`) REFERENCES `profile_property` (`id`) ON DELETE NO ACTION ON UPDATE NO ACTION,
  CONSTRAINT `profile_property_ibfk_3` FOREIGN KEY (`status_id`) REFERENCES `reg_status` (`id`) ON DELETE NO ACTION ON UPDATE NO ACTION,
  CONSTRAINT `profile_property_ibfk_4` FOREIGN KEY (`updated_by`) REFERENCES `reg_user` (`id`) ON DELETE SET NULL ON UPDATE NO ACTION,
  CONSTRAINT `profile_property_ibfk_5` FOREIGN KEY (`created_by`) REFERENCES `reg_user` (`id`) ON DELETE SET NULL ON UPDATE NO ACTION,
  CONSTRAINT `profile_property_ibfk_6` FOREIGN KEY (`deleted_by`) REFERENCES `reg_user` (`id`) ON DELETE SET NULL ON UPDATE NO ACTION
) ENGINE=InnoDB AUTO_INCREMENT=74 DEFAULT CHARSET=utf8mb4 COLLATE=utf8mb4_unicode_ci;


CREATE TABLE `reg_agent_has_user` (
  `id` int(11) NOT NULL AUTO_INCREMENT,
  `created_at` datetime DEFAULT NULL,
  `updated_at` timestamp NOT NULL DEFAULT CURRENT_TIMESTAMP,
  `deleted_at` datetime DEFAULT NULL,
  `user_id` int(11) NOT NULL DEFAULT '0',
  `agent_id` int(11) NOT NULL DEFAULT '0',
  `is_registrar_for` tinyint(1) DEFAULT '1',
  `is_admin_for` tinyint(1) DEFAULT '1',
  PRIMARY KEY (`id`),
  UNIQUE KEY `user_agent_id` (`user_id`,`agent_id`),
  UNIQUE KEY `agent_user_id` (`agent_id`,`user_id`),
  CONSTRAINT `reg_agent_has_user_ibfk_1` FOREIGN KEY (`user_id`) REFERENCES `reg_user` (`id`) ON DELETE CASCADE ON UPDATE NO ACTION,
  CONSTRAINT `reg_agent_has_user_ibfk_2` FOREIGN KEY (`agent_id`) REFERENCES `reg_agent` (`id`) ON DELETE CASCADE ON UPDATE NO ACTION
) ENGINE=InnoDB AUTO_INCREMENT=27 DEFAULT CHARSET=utf8mb4 COLLATE=utf8mb4_unicode_ci;


CREATE TABLE `reg_batch` (
  `id` int(11) NOT NULL AUTO_INCREMENT,
  `run_time` datetime DEFAULT NULL,
  `run_description` text COLLATE utf8mb4_unicode_ci,
  `object_type` varchar(20) COLLATE utf8mb4_unicode_ci DEFAULT NULL,
  `object_id` int(11) DEFAULT NULL,
  `event_time` datetime DEFAULT NULL,
  `event_type` varchar(20) COLLATE utf8mb4_unicode_ci DEFAULT NULL,
  `event_description` text COLLATE utf8mb4_unicode_ci,
  `registry_uri` varchar(191) COLLATE utf8mb4_unicode_ci DEFAULT NULL,
  PRIMARY KEY (`id`)
) ENGINE=InnoDB DEFAULT CHARSET=utf8mb4 COLLATE=utf8mb4_unicode_ci;


CREATE TABLE `reg_collection` (
  `id` int(11) NOT NULL AUTO_INCREMENT,
  `created_at` timestamp NULL DEFAULT NULL,
  `updated_at` timestamp NULL DEFAULT NULL,
  `deleted_at` timestamp NULL DEFAULT NULL,
  `last_updated` timestamp NULL DEFAULT NULL,
  `created_user_id` int(11) DEFAULT NULL,
  `updated_user_id` int(11) DEFAULT NULL,
  `vocabulary_id` int(11) DEFAULT NULL,
  `name` varchar(191) COLLATE utf8mb4_unicode_ci NOT NULL DEFAULT '',
  `uri` varchar(191) COLLATE utf8mb4_unicode_ci DEFAULT NULL,
  `pref_label` varchar(191) COLLATE utf8mb4_unicode_ci NOT NULL DEFAULT '',
  `status_id` int(11) NOT NULL DEFAULT '1',
  PRIMARY KEY (`id`),
  KEY `created_user_id` (`created_user_id`),
  KEY `updated_user_id` (`updated_user_id`),
  KEY `vocabulary_id` (`vocabulary_id`),
  KEY `status_id` (`status_id`),
  CONSTRAINT `reg_collection_ibfk_1` FOREIGN KEY (`created_user_id`) REFERENCES `reg_user` (`id`) ON DELETE SET NULL ON UPDATE NO ACTION,
  CONSTRAINT `reg_collection_ibfk_2` FOREIGN KEY (`updated_user_id`) REFERENCES `reg_user` (`id`) ON DELETE SET NULL ON UPDATE NO ACTION,
  CONSTRAINT `reg_collection_ibfk_3` FOREIGN KEY (`vocabulary_id`) REFERENCES `reg_vocabulary` (`id`) ON DELETE CASCADE ON UPDATE NO ACTION,
  CONSTRAINT `reg_collection_ibfk_4` FOREIGN KEY (`status_id`) REFERENCES `reg_status` (`id`) ON DELETE NO ACTION ON UPDATE NO ACTION
) ENGINE=InnoDB DEFAULT CHARSET=utf8mb4 COLLATE=utf8mb4_unicode_ci;


CREATE TABLE `reg_concept` (
  `id` int(11) NOT NULL AUTO_INCREMENT,
  `created_at` datetime DEFAULT NULL,
  `updated_at` timestamp NOT NULL DEFAULT CURRENT_TIMESTAMP,
  `deleted_at` datetime DEFAULT NULL,
  `last_updated` datetime DEFAULT NULL,
  `created_user_id` int(11) DEFAULT NULL,
  `updated_user_id` int(11) DEFAULT NULL,
  `uri` varchar(191) COLLATE utf8mb4_unicode_ci NOT NULL DEFAULT '',
  `pref_label` varchar(191) COLLATE utf8mb4_unicode_ci NOT NULL DEFAULT '',
  `vocabulary_id` int(11) DEFAULT NULL,
  `is_top_concept` tinyint(1) DEFAULT NULL,
  `pref_label_id` int(11) DEFAULT NULL,
  `status_id` int(11) NOT NULL DEFAULT '1',
  `language` char(6) COLLATE utf8mb4_unicode_ci NOT NULL DEFAULT 'en',
  PRIMARY KEY (`id`),
  UNIQUE KEY `vocabulary_id_pref_label` (`vocabulary_id`,`pref_label`,`language`),
  KEY `reg_concept_created_user_id_index` (`created_user_id`),
  KEY `last_updated_by_user_id` (`updated_user_id`),
  KEY `reg_concept_idx1` (`uri`),
  KEY `pref_label` (`pref_label`),
  KEY `reg_concept_vocabulary_id_index` (`vocabulary_id`),
  KEY `pref_label_id` (`pref_label_id`),
  KEY `reg_concept_status_id_index` (`status_id`),
  CONSTRAINT `reg_concept_ibfk_1` FOREIGN KEY (`vocabulary_id`) REFERENCES `reg_vocabulary` (`id`) ON DELETE CASCADE ON UPDATE NO ACTION,
  CONSTRAINT `reg_concept_ibfk_2` FOREIGN KEY (`created_user_id`) REFERENCES `reg_user` (`id`) ON DELETE SET NULL ON UPDATE NO ACTION,
  CONSTRAINT `reg_concept_ibfk_3` FOREIGN KEY (`pref_label_id`) REFERENCES `reg_concept_property` (`id`) ON DELETE SET NULL ON UPDATE NO ACTION,
  CONSTRAINT `reg_concept_ibfk_4` FOREIGN KEY (`updated_user_id`) REFERENCES `reg_user` (`id`) ON DELETE SET NULL ON UPDATE NO ACTION,
  CONSTRAINT `reg_concept_ibfk_5` FOREIGN KEY (`status_id`) REFERENCES `reg_status` (`id`) ON DELETE NO ACTION ON UPDATE NO ACTION
) ENGINE=InnoDB AUTO_INCREMENT=8029 DEFAULT CHARSET=utf8mb4 COLLATE=utf8mb4_unicode_ci;


CREATE TABLE `reg_concept_property` (
  `id` int(11) NOT NULL AUTO_INCREMENT,
  `created_at` datetime DEFAULT NULL,
  `updated_at` timestamp NOT NULL DEFAULT CURRENT_TIMESTAMP,
  `deleted_at` datetime DEFAULT NULL,
  `last_updated` datetime DEFAULT NULL,
  `created_user_id` int(11) DEFAULT NULL,
  `updated_user_id` int(11) DEFAULT NULL,
  `concept_id` int(11) NOT NULL,
  `primary_pref_label` tinyint(1) DEFAULT NULL,
  `skos_property_id` int(11) DEFAULT NULL,
  `object` text COLLATE utf8mb4_unicode_ci,
  `scheme_id` int(11) DEFAULT NULL,
  `related_concept_id` int(11) DEFAULT NULL,
  `language` char(6) COLLATE utf8mb4_unicode_ci DEFAULT 'en',
  `status_id` int(11) DEFAULT '1',
  `is_concept_property` tinyint(1) NOT NULL DEFAULT '0',
  `is_generated` tinyint(1) NOT NULL DEFAULT '0',
  `profile_property_id` int(11) DEFAULT NULL,
  PRIMARY KEY (`id`),
  KEY `reg_concept_property_created_user_id_index` (`created_user_id`),
  KEY `reg_concept_property_updated_user_id_index` (`updated_user_id`),
  KEY `reg_concept_property_concept_id_index` (`concept_id`),
  KEY `reg_concept_property_skos_property_id_index` (`skos_property_id`),
  KEY `reg_concept_property_scheme_id_index` (`scheme_id`),
  KEY `reg_concept_property_related_concept_id_index` (`related_concept_id`),
  KEY `reg_concept_property_status_id_index` (`status_id`),
  KEY `profile_property_id` (`profile_property_id`),
  FULLTEXT KEY `fulltext` (`object`),
  CONSTRAINT `reg_concept_property_ibfk_1` FOREIGN KEY (`created_user_id`) REFERENCES `reg_user` (`id`) ON DELETE SET NULL ON UPDATE NO ACTION,
  CONSTRAINT `reg_concept_property_ibfk_10` FOREIGN KEY (`profile_property_id`) REFERENCES `profile_property` (`id`) ON DELETE NO ACTION ON UPDATE NO ACTION,
  CONSTRAINT `reg_concept_property_ibfk_2` FOREIGN KEY (`updated_user_id`) REFERENCES `reg_user` (`id`) ON DELETE SET NULL ON UPDATE NO ACTION,
  CONSTRAINT `reg_concept_property_ibfk_3` FOREIGN KEY (`concept_id`) REFERENCES `reg_concept` (`id`) ON DELETE CASCADE ON UPDATE NO ACTION,
  CONSTRAINT `reg_concept_property_ibfk_4` FOREIGN KEY (`skos_property_id`) REFERENCES `profile_property` (`skos_id`) ON DELETE NO ACTION ON UPDATE NO ACTION,
  CONSTRAINT `reg_concept_property_ibfk_5` FOREIGN KEY (`scheme_id`) REFERENCES `reg_vocabulary` (`id`) ON DELETE SET NULL ON UPDATE NO ACTION,
  CONSTRAINT `reg_concept_property_ibfk_6` FOREIGN KEY (`status_id`) REFERENCES `reg_status` (`id`) ON DELETE NO ACTION ON UPDATE NO ACTION,
  CONSTRAINT `reg_concept_property_ibfk_7` FOREIGN KEY (`related_concept_id`) REFERENCES `reg_concept` (`id`) ON DELETE SET NULL ON UPDATE NO ACTION
) ENGINE=InnoDB AUTO_INCREMENT=46516 DEFAULT CHARSET=utf8mb4 COLLATE=utf8mb4_unicode_ci;


CREATE TABLE `reg_concept_property_history` (
  `id` int(11) NOT NULL AUTO_INCREMENT,
  `created_at` timestamp NOT NULL DEFAULT CURRENT_TIMESTAMP,
  `action` enum('updated','added','deleted','force_deleted') COLLATE utf8mb4_unicode_ci DEFAULT NULL,
  `concept_property_id` int(11) DEFAULT NULL,
  `concept_id` int(11) DEFAULT NULL,
  `vocabulary_id` int(11) DEFAULT NULL,
  `skos_property_id` int(11) DEFAULT NULL,
  `object` text COLLATE utf8mb4_unicode_ci,
  `scheme_id` int(11) DEFAULT NULL,
  `related_concept_id` int(11) DEFAULT NULL,
  `language` char(6) COLLATE utf8mb4_unicode_ci DEFAULT 'en',
  `status_id` int(11) DEFAULT '1',
  `created_user_id` int(11) DEFAULT NULL,
  `change_note` text COLLATE utf8mb4_unicode_ci,
  `import_id` int(11) DEFAULT NULL,
  `profile_property_id` int(11) DEFAULT NULL,
  PRIMARY KEY (`id`),
  KEY `reg_concept_property_history_idx1` (`created_at`),
  KEY `concept_property_id` (`concept_property_id`),
  KEY `concept_id` (`concept_id`),
  KEY `reg_concept_property_history_vocabulary_id_index` (`vocabulary_id`),
  KEY `skos_property_id` (`skos_property_id`),
  KEY `scheme_id` (`scheme_id`),
  KEY `related_concept_id` (`related_concept_id`),
  KEY `reg_concept_property_history_status_id_index` (`status_id`),
  KEY `reg_concept_property_history_created_user_id_index` (`created_user_id`),
  KEY `import_id` (`import_id`),
  KEY `reg_export_history_profile_property_id` (`profile_property_id`),
  CONSTRAINT `reg_concept_property_history_ibfk_1` FOREIGN KEY (`skos_property_id`) REFERENCES `reg_skos_property` (`id`) ON DELETE NO ACTION ON UPDATE NO ACTION,
  CONSTRAINT `reg_concept_property_history_ibfk_10` FOREIGN KEY (`import_id`) REFERENCES `reg_file_import_history` (`id`) ON DELETE NO ACTION ON UPDATE NO ACTION,
  CONSTRAINT `reg_concept_property_history_ibfk_2` FOREIGN KEY (`scheme_id`) REFERENCES `reg_vocabulary` (`id`) ON DELETE SET NULL ON UPDATE NO ACTION,
  CONSTRAINT `reg_concept_property_history_ibfk_3` FOREIGN KEY (`status_id`) REFERENCES `reg_status` (`id`) ON DELETE NO ACTION ON UPDATE NO ACTION,
  CONSTRAINT `reg_concept_property_history_ibfk_4` FOREIGN KEY (`related_concept_id`) REFERENCES `reg_concept` (`id`) ON DELETE SET NULL ON UPDATE NO ACTION,
  CONSTRAINT `reg_concept_property_history_ibfk_5` FOREIGN KEY (`created_user_id`) REFERENCES `reg_user` (`id`) ON DELETE SET NULL ON UPDATE NO ACTION,
  CONSTRAINT `reg_concept_property_history_ibfk_6` FOREIGN KEY (`concept_property_id`) REFERENCES `reg_concept_property` (`id`) ON DELETE CASCADE ON UPDATE NO ACTION,
  CONSTRAINT `reg_concept_property_history_ibfk_7` FOREIGN KEY (`vocabulary_id`) REFERENCES `reg_vocabulary` (`id`) ON DELETE SET NULL ON UPDATE NO ACTION,
  CONSTRAINT `reg_concept_property_history_ibfk_8` FOREIGN KEY (`concept_id`) REFERENCES `reg_concept` (`id`) ON DELETE NO ACTION ON UPDATE NO ACTION,
  CONSTRAINT `reg_concept_property_history_ibfk_9` FOREIGN KEY (`import_id`) REFERENCES `reg_file_import_history` (`id`) ON DELETE NO ACTION ON UPDATE NO ACTION
) ENGINE=InnoDB AUTO_INCREMENT=151952 DEFAULT CHARSET=utf8mb4 COLLATE=utf8mb4_unicode_ci;


CREATE TABLE `reg_discuss` (
  `id` int(11) NOT NULL AUTO_INCREMENT,
  `created_at` datetime DEFAULT NULL,
  `updated_at` timestamp NULL DEFAULT CURRENT_TIMESTAMP,
  `deleted_at` datetime DEFAULT NULL,
  `created_user_id` int(11) DEFAULT NULL,
  `deleted_user_id` int(11) DEFAULT NULL,
  `uri` char(191) COLLATE utf8mb4_unicode_ci DEFAULT NULL,
  `schema_id` int(11) DEFAULT NULL,
  `schema_property_id` int(11) DEFAULT NULL,
  `schema_property_element_id` int(11) DEFAULT NULL,
  `vocabulary_id` int(11) DEFAULT NULL,
  `concept_id` int(11) DEFAULT NULL,
  `concept_property_id` int(11) DEFAULT NULL,
  `root_id` int(11) DEFAULT NULL,
  `parent_id` int(11) DEFAULT NULL,
  `subject` varchar(191) COLLATE utf8mb4_unicode_ci DEFAULT NULL,
  `content` text COLLATE utf8mb4_unicode_ci,
  PRIMARY KEY (`id`),
  KEY `reg_discuss_created_user_id_index` (`created_user_id`),
  KEY `reg_discuss_deleted_user_id_index` (`deleted_user_id`),
  KEY `uri` (`uri`),
  KEY `schema_id` (`schema_id`),
  KEY `schema_property_id` (`schema_property_id`),
  KEY `schema_property_element_id` (`schema_property_element_id`),
  KEY `reg_discuss_vocabulary_id_index` (`vocabulary_id`),
  KEY `reg_discuss_concept_id_index` (`concept_id`),
  KEY `reg_discuss_concept_property_id_index` (`concept_property_id`),
  KEY `root_id` (`root_id`),
  KEY `parent_id` (`parent_id`),
  CONSTRAINT `reg_discuss_ibfk_1` FOREIGN KEY (`created_user_id`) REFERENCES `reg_user` (`id`) ON DELETE NO ACTION ON UPDATE NO ACTION,
  CONSTRAINT `reg_discuss_ibfk_10` FOREIGN KEY (`concept_property_id`) REFERENCES `reg_concept_property` (`id`) ON DELETE CASCADE ON UPDATE NO ACTION,
  CONSTRAINT `reg_discuss_ibfk_2` FOREIGN KEY (`deleted_user_id`) REFERENCES `reg_user` (`id`) ON DELETE NO ACTION ON UPDATE NO ACTION,
  CONSTRAINT `reg_discuss_ibfk_3` FOREIGN KEY (`schema_id`) REFERENCES `reg_schema` (`id`) ON DELETE CASCADE ON UPDATE NO ACTION,
  CONSTRAINT `reg_discuss_ibfk_4` FOREIGN KEY (`schema_property_id`) REFERENCES `reg_schema_property` (`id`) ON DELETE CASCADE ON UPDATE NO ACTION,
  CONSTRAINT `reg_discuss_ibfk_5` FOREIGN KEY (`schema_property_element_id`) REFERENCES `reg_schema_property_element` (`id`) ON DELETE CASCADE ON UPDATE NO ACTION,
  CONSTRAINT `reg_discuss_ibfk_6` FOREIGN KEY (`vocabulary_id`) REFERENCES `reg_vocabulary` (`id`) ON DELETE CASCADE ON UPDATE NO ACTION,
  CONSTRAINT `reg_discuss_ibfk_7` FOREIGN KEY (`concept_id`) REFERENCES `reg_concept` (`id`) ON DELETE CASCADE ON UPDATE NO ACTION,
  CONSTRAINT `reg_discuss_ibfk_8` FOREIGN KEY (`root_id`) REFERENCES `reg_discuss` (`id`) ON DELETE CASCADE ON UPDATE NO ACTION,
  CONSTRAINT `reg_discuss_ibfk_9` FOREIGN KEY (`parent_id`) REFERENCES `reg_discuss` (`id`) ON DELETE CASCADE ON UPDATE NO ACTION
) ENGINE=InnoDB DEFAULT CHARSET=utf8mb4 COLLATE=utf8mb4_unicode_ci;


CREATE TABLE `reg_export_history` (
  `id` int(10) unsigned NOT NULL AUTO_INCREMENT,
  `created_at` timestamp NULL DEFAULT NULL,
  `updated_at` timestamp NULL DEFAULT NULL,
  `user_id` int(11) DEFAULT NULL,
  `vocabulary_id` int(11) DEFAULT NULL,
  `schema_id` int(11) DEFAULT NULL,
  `exclude_deprecated` tinyint(1) DEFAULT NULL,
  `include_generated` tinyint(1) DEFAULT NULL,
  `include_deleted` tinyint(1) DEFAULT NULL,
  `include_not_accepted` tinyint(1) DEFAULT NULL,
  `selected_columns` text COLLATE utf8mb4_unicode_ci,
  `selected_language` varchar(10) COLLATE utf8mb4_unicode_ci DEFAULT NULL,
  `published_english_version` varchar(100) COLLATE utf8mb4_unicode_ci DEFAULT NULL,
  `published_language_version` varchar(100) COLLATE utf8mb4_unicode_ci DEFAULT NULL,
  `last_vocab_update` timestamp NULL DEFAULT NULL,
  `profile_id` int(11) DEFAULT NULL,
  `file` varchar(191) COLLATE utf8mb4_unicode_ci DEFAULT NULL,
  `map` longtext COLLATE utf8mb4_unicode_ci,
  PRIMARY KEY (`id`),
  KEY `reg_export_history_user_id_index` (`user_id`),
  KEY `reg_export_history_vocabulary_id_index` (`vocabulary_id`),
  KEY `reg_export_history_schema_id_index` (`schema_id`),
  KEY `reg_export_history_profile_id_index` (`profile_id`),
  CONSTRAINT `reg_export_history_ibfk_1` FOREIGN KEY (`user_id`) REFERENCES `reg_user` (`id`) ON DELETE NO ACTION ON UPDATE NO ACTION,
  CONSTRAINT `reg_export_history_ibfk_2` FOREIGN KEY (`vocabulary_id`) REFERENCES `reg_vocabulary` (`id`) ON DELETE NO ACTION ON UPDATE NO ACTION,
  CONSTRAINT `reg_export_history_ibfk_3` FOREIGN KEY (`schema_id`) REFERENCES `reg_schema` (`id`) ON DELETE NO ACTION ON UPDATE NO ACTION,
  CONSTRAINT `reg_export_history_ibfk_4` FOREIGN KEY (`profile_id`) REFERENCES `profile` (`id`) ON DELETE NO ACTION ON UPDATE NO ACTION
) ENGINE=InnoDB DEFAULT CHARSET=utf8mb4 COLLATE=utf8mb4_unicode_ci;


CREATE TABLE `reg_file_import_history` (
  `id` int(11) NOT NULL AUTO_INCREMENT,
  `created_at` timestamp NULL DEFAULT CURRENT_TIMESTAMP,
  `map` text COLLATE utf8mb4_unicode_ci,
  `user_id` int(11) DEFAULT NULL,
  `vocabulary_id` int(11) DEFAULT NULL,
  `schema_id` int(11) DEFAULT NULL,
  `file_name` varchar(191) COLLATE utf8mb4_unicode_ci DEFAULT NULL,
  `source_file_name` varchar(191) COLLATE utf8mb4_unicode_ci DEFAULT NULL,
  `file_type` varchar(30) COLLATE utf8mb4_unicode_ci DEFAULT NULL,
  `batch_id` int(11) DEFAULT NULL,
  `results` text COLLATE utf8mb4_unicode_ci,
  `total_processed_count` int(11) DEFAULT NULL,
  `error_count` int(11) DEFAULT NULL,
  `success_count` int(11) DEFAULT NULL,
  `token` int(11) DEFAULT NULL,
  PRIMARY KEY (`id`),
  KEY `user_id` (`user_id`),
  KEY `reg_file_import_history_vocabulary_id_index` (`vocabulary_id`),
  KEY `reg_file_import_history_schema_id_index` (`schema_id`),
  KEY `batch_id` (`batch_id`),
  CONSTRAINT `reg_file_import_history_ibfk_1` FOREIGN KEY (`user_id`) REFERENCES `reg_user` (`id`) ON DELETE NO ACTION ON UPDATE NO ACTION,
  CONSTRAINT `reg_file_import_history_ibfk_2` FOREIGN KEY (`vocabulary_id`) REFERENCES `reg_vocabulary` (`id`) ON DELETE NO ACTION ON UPDATE NO ACTION,
  CONSTRAINT `reg_file_import_history_ibfk_3` FOREIGN KEY (`schema_id`) REFERENCES `reg_schema` (`id`) ON DELETE NO ACTION ON UPDATE NO ACTION,
  CONSTRAINT `reg_file_import_history_ibfk_4` FOREIGN KEY (`batch_id`) REFERENCES `reg_batch` (`id`) ON DELETE CASCADE ON UPDATE NO ACTION
) ENGINE=InnoDB DEFAULT CHARSET=utf8mb4 COLLATE=utf8mb4_unicode_ci;


CREATE TABLE `reg_lookup` (
  `id` int(11) NOT NULL AUTO_INCREMENT,
  `type_id` int(11) DEFAULT NULL,
  `short_value` char(20) COLLATE utf8mb4_unicode_ci DEFAULT NULL,
  `long_value` varchar(191) COLLATE utf8mb4_unicode_ci DEFAULT NULL,
  `display_order` int(11) DEFAULT NULL,
  PRIMARY KEY (`id`),
  KEY `display_order` (`type_id`,`display_order`)
) ENGINE=InnoDB DEFAULT CHARSET=utf8mb4 COLLATE=utf8mb4_unicode_ci;


CREATE TABLE `reg_prefix` (
  `prefix` varchar(40) COLLATE utf8mb4_unicode_ci NOT NULL,
  `uri` varchar(256) COLLATE utf8mb4_unicode_ci DEFAULT NULL,
  `rank` int(11) DEFAULT '0',
  PRIMARY KEY (`prefix`),
  KEY `prefix_uri` (`uri`),
  KEY `prefix_rank` (`rank`)
) ENGINE=InnoDB DEFAULT CHARSET=utf8mb4 COLLATE=utf8mb4_unicode_ci;


CREATE TABLE `reg_schema` (
  `id` int(11) NOT NULL AUTO_INCREMENT,
  `agent_id` int(11) NOT NULL,
  `created_at` datetime DEFAULT NULL,
  `updated_at` datetime DEFAULT NULL,
  `deleted_at` datetime DEFAULT NULL,
  `created_user_id` int(11) DEFAULT NULL,
  `updated_user_id` int(11) DEFAULT NULL,
  `deleted_user_id` int(11) DEFAULT NULL,
  `child_updated_at` datetime DEFAULT NULL,
  `child_updated_user_id` int(11) DEFAULT NULL,
  `name` varchar(191) COLLATE utf8mb4_unicode_ci NOT NULL DEFAULT '',
  `note` text COLLATE utf8mb4_unicode_ci,
  `uri` varchar(191) COLLATE utf8mb4_unicode_ci NOT NULL DEFAULT '',
  `url` varchar(191) COLLATE utf8mb4_unicode_ci DEFAULT NULL,
  `base_domain` varchar(191) COLLATE utf8mb4_unicode_ci NOT NULL DEFAULT '',
  `token` varchar(45) COLLATE utf8mb4_unicode_ci NOT NULL DEFAULT '',
  `community` varchar(45) COLLATE utf8mb4_unicode_ci DEFAULT NULL,
  `last_uri_id` int(11) DEFAULT '100000',
  `status_id` int(11) NOT NULL DEFAULT '1',
  `language` char(6) COLLATE utf8mb4_unicode_ci NOT NULL DEFAULT 'en',
  `profile_id` int(11) DEFAULT NULL,
  `ns_type` char(6) COLLATE utf8mb4_unicode_ci NOT NULL DEFAULT 'slash',
  `prefixes` text COLLATE utf8mb4_unicode_ci,
  `languages` text COLLATE utf8mb4_unicode_ci,
  `repo` varchar(191) COLLATE utf8mb4_unicode_ci DEFAULT NULL,
  `prefix` varchar(191) COLLATE utf8mb4_unicode_ci NOT NULL DEFAULT '',
  PRIMARY KEY (`id`),
  KEY `agent_id` (`agent_id`),
  KEY `reg_schema_created_user_id_index` (`created_user_id`),
  KEY `reg_schema_updated_user_id_index` (`updated_user_id`),
  KEY `child_updated_user_id` (`child_updated_user_id`),
  KEY `reg_schema_idx2` (`name`),
  KEY `reg_schema_idx1` (`uri`),
  KEY `reg_schema_status_id_index` (`status_id`),
  KEY `reg_schema_profile_id_index` (`profile_id`),
  KEY `reg_schema_deleted_user_id_index` (`deleted_user_id`),
  CONSTRAINT `reg_schema_ibfk_1` FOREIGN KEY (`created_user_id`) REFERENCES `reg_user` (`id`) ON DELETE SET NULL ON UPDATE NO ACTION,
  CONSTRAINT `reg_schema_ibfk_2` FOREIGN KEY (`updated_user_id`) REFERENCES `reg_user` (`id`) ON DELETE SET NULL ON UPDATE NO ACTION,
  CONSTRAINT `reg_schema_ibfk_3` FOREIGN KEY (`agent_id`) REFERENCES `reg_agent` (`id`) ON DELETE NO ACTION ON UPDATE NO ACTION,
  CONSTRAINT `reg_schema_ibfk_4` FOREIGN KEY (`profile_id`) REFERENCES `profile` (`id`) ON DELETE NO ACTION ON UPDATE NO ACTION,
  CONSTRAINT `reg_schema_ibfk_5` FOREIGN KEY (`status_id`) REFERENCES `reg_status` (`id`) ON DELETE NO ACTION ON UPDATE NO ACTION,
  CONSTRAINT `reg_schema_ibfk_6` FOREIGN KEY (`deleted_user_id`) REFERENCES `reg_user` (`id`) ON DELETE NO ACTION ON UPDATE NO ACTION
) ENGINE=InnoDB AUTO_INCREMENT=86 DEFAULT CHARSET=utf8mb4 COLLATE=utf8mb4_unicode_ci;


CREATE TABLE `reg_rdf_namespace` (
  `id` int(11) NOT NULL AUTO_INCREMENT,
  `schema_id` int(11) NOT NULL,
  `created_at` datetime DEFAULT NULL,
  `deleted_at` datetime DEFAULT NULL,
  `created_user_id` int(11) DEFAULT NULL,
  `updated_user_id` int(11) DEFAULT NULL,
  `token` varchar(191) COLLATE utf8mb4_unicode_ci NOT NULL DEFAULT '',
  `note` text COLLATE utf8mb4_unicode_ci,
  `uri` varchar(191) COLLATE utf8mb4_unicode_ci NOT NULL DEFAULT '',
  `schema_location` varchar(191) COLLATE utf8mb4_unicode_ci DEFAULT NULL,
  PRIMARY KEY (`id`),
  KEY `reg_rdf_namespace_schema_id_index` (`schema_id`),
  CONSTRAINT `reg_rdf_namespace_ibfk_1` FOREIGN KEY (`schema_id`) REFERENCES `reg_schema` (`id`) ON DELETE CASCADE ON UPDATE NO ACTION
) ENGINE=InnoDB DEFAULT CHARSET=utf8mb4 COLLATE=utf8mb4_unicode_ci;


CREATE TABLE `reg_schema_property` (
  `id` int(11) NOT NULL AUTO_INCREMENT,
  `created_at` datetime DEFAULT NULL,
  `updated_at` timestamp NOT NULL DEFAULT CURRENT_TIMESTAMP,
  `deleted_at` datetime DEFAULT NULL,
  `created_user_id` int(11) DEFAULT NULL,
  `updated_user_id` int(11) DEFAULT NULL,
  `schema_id` int(11) NOT NULL,
  `name` varchar(191) COLLATE utf8mb4_unicode_ci NOT NULL DEFAULT '',
  `label` varchar(191) COLLATE utf8mb4_unicode_ci NOT NULL DEFAULT '',
  `definition` text COLLATE utf8mb4_unicode_ci,
  `comment` text COLLATE utf8mb4_unicode_ci,
  `type` varchar(15) COLLATE utf8mb4_unicode_ci NOT NULL DEFAULT 'property',
  `is_subproperty_of` int(11) DEFAULT NULL,
  `parent_uri` varchar(191) COLLATE utf8mb4_unicode_ci DEFAULT NULL,
  `uri` varchar(191) COLLATE utf8mb4_unicode_ci NOT NULL DEFAULT '',
  `status_id` int(11) NOT NULL DEFAULT '1',
  `language` varchar(6) COLLATE utf8mb4_unicode_ci NOT NULL DEFAULT '',
  `note` text COLLATE utf8mb4_unicode_ci,
  `domain` varchar(191) COLLATE utf8mb4_unicode_ci DEFAULT NULL,
  `orange` varchar(191) COLLATE utf8mb4_unicode_ci DEFAULT NULL,
  `is_deprecated` tinyint(1) DEFAULT NULL,
  `url` varchar(191) COLLATE utf8mb4_unicode_ci DEFAULT NULL,
  `lexical_alias` varchar(191) COLLATE utf8mb4_unicode_ci DEFAULT NULL,
  `hash_id` char(255) COLLATE utf8mb4_unicode_ci NOT NULL DEFAULT '',
  PRIMARY KEY (`id`),
  KEY `reg_schema_property_created_user_id_index` (`created_user_id`),
  KEY `reg_schema_property_updated_user_id_index` (`updated_user_id`),
  KEY `reg_schema_property_schema_id_index` (`schema_id`),
  KEY `subproperty_id` (`is_subproperty_of`),
  KEY `reg_schema_property_idx1` (`uri`),
  KEY `reg_schema_property_status_id_index` (`status_id`),
  KEY `hash_id` (`hash_id`),
  CONSTRAINT `reg_schema_property_ibfk_1` FOREIGN KEY (`created_user_id`) REFERENCES `reg_user` (`id`) ON DELETE SET NULL ON UPDATE NO ACTION,
  CONSTRAINT `reg_schema_property_ibfk_2` FOREIGN KEY (`updated_user_id`) REFERENCES `reg_user` (`id`) ON DELETE SET NULL ON UPDATE NO ACTION,
  CONSTRAINT `reg_schema_property_ibfk_3` FOREIGN KEY (`schema_id`) REFERENCES `reg_schema` (`id`) ON DELETE CASCADE ON UPDATE NO ACTION,
  CONSTRAINT `reg_schema_property_ibfk_4` FOREIGN KEY (`is_subproperty_of`) REFERENCES `reg_schema_property` (`id`) ON DELETE SET NULL ON UPDATE NO ACTION,
  CONSTRAINT `reg_schema_property_ibfk_5` FOREIGN KEY (`status_id`) REFERENCES `reg_status` (`id`) ON DELETE NO ACTION ON UPDATE NO ACTION
) ENGINE=InnoDB AUTO_INCREMENT=25155 DEFAULT CHARSET=utf8mb4 COLLATE=utf8mb4_unicode_ci;


CREATE TABLE `reg_schema_property_element` (
  `id` int(11) NOT NULL AUTO_INCREMENT,
  `created_at` datetime DEFAULT NULL,
  `updated_at` timestamp NOT NULL DEFAULT CURRENT_TIMESTAMP,
  `deleted_at` datetime DEFAULT NULL,
  `created_user_id` int(11) DEFAULT NULL,
  `updated_user_id` int(11) DEFAULT NULL,
  `deleted_user_id` int(11) DEFAULT NULL,
  `schema_property_id` int(11) NOT NULL,
  `profile_property_id` int(11) NOT NULL,
  `is_schema_property` tinyint(1) DEFAULT NULL,
  `object` text COLLATE utf8mb4_unicode_ci NOT NULL,
  `related_schema_property_id` int(11) DEFAULT NULL,
  `language` char(6) COLLATE utf8mb4_unicode_ci NOT NULL,
  `status_id` int(11) DEFAULT '1',
  `is_generated` tinyint(1) NOT NULL DEFAULT '0',
  PRIMARY KEY (`id`),
  KEY `reg_schema_property_element_idx2` (`updated_at`),
  KEY `reg_schema_property_element_created_user_id_index` (`created_user_id`),
  KEY `reg_schema_property_element_updated_user_id_index` (`updated_user_id`),
  KEY `reg_schema_property_element_schema_property_id_index` (`schema_property_id`),
  KEY `reg_schema_property_element_profile_property_id_index` (`profile_property_id`),
  KEY `reg_schema_property_element_related_schema_property_id_index` (`related_schema_property_id`),
  KEY `reg_schema_property_element_status_id_index` (`status_id`),
  KEY `reg_schema_property_element_idx1` (`object`(150)),
  KEY `reg_schema_property_element_deleted_user_id_index` (`deleted_user_id`),
  FULLTEXT KEY `fulltext` (`object`),
  CONSTRAINT `reg_schema_property_element_ibfk_1` FOREIGN KEY (`profile_property_id`) REFERENCES `profile_property` (`id`) ON DELETE NO ACTION ON UPDATE NO ACTION,
  CONSTRAINT `reg_schema_property_element_ibfk_2` FOREIGN KEY (`created_user_id`) REFERENCES `reg_user` (`id`) ON DELETE NO ACTION ON UPDATE NO ACTION,
  CONSTRAINT `reg_schema_property_element_ibfk_3` FOREIGN KEY (`updated_user_id`) REFERENCES `reg_user` (`id`) ON DELETE NO ACTION ON UPDATE NO ACTION,
  CONSTRAINT `reg_schema_property_element_ibfk_4` FOREIGN KEY (`schema_property_id`) REFERENCES `reg_schema_property` (`id`) ON DELETE CASCADE ON UPDATE NO ACTION,
  CONSTRAINT `reg_schema_property_element_ibfk_5` FOREIGN KEY (`related_schema_property_id`) REFERENCES `reg_schema_property` (`id`) ON DELETE SET NULL ON UPDATE NO ACTION,
  CONSTRAINT `reg_schema_property_element_ibfk_6` FOREIGN KEY (`status_id`) REFERENCES `reg_status` (`id`) ON DELETE NO ACTION ON UPDATE NO ACTION,
  CONSTRAINT `reg_schema_property_element_ibfk_7` FOREIGN KEY (`deleted_user_id`) REFERENCES `reg_user` (`id`) ON DELETE NO ACTION ON UPDATE NO ACTION
) ENGINE=InnoDB AUTO_INCREMENT=288391 DEFAULT CHARSET=utf8mb4 COLLATE=utf8mb4_unicode_ci;


CREATE TABLE `reg_schema_property_element_history` (
  `id` int(11) NOT NULL AUTO_INCREMENT,
  `created_at` timestamp NOT NULL DEFAULT CURRENT_TIMESTAMP,
  `created_user_id` int(11) DEFAULT NULL,
  `action` enum('updated','added','deleted','force_deleted','generated') COLLATE utf8mb4_unicode_ci DEFAULT NULL,
  `schema_property_element_id` int(11) DEFAULT NULL,
  `schema_property_id` int(11) DEFAULT NULL,
  `schema_id` int(11) DEFAULT NULL,
  `profile_property_id` int(11) DEFAULT NULL,
  `object` text COLLATE utf8mb4_unicode_ci,
  `related_schema_property_id` int(11) DEFAULT NULL,
  `language` char(6) COLLATE utf8mb4_unicode_ci NOT NULL,
  `status_id` int(11) DEFAULT '1',
  `change_note` text COLLATE utf8mb4_unicode_ci,
  `import_id` int(11) DEFAULT NULL,
  PRIMARY KEY (`id`),
  KEY `reg_schema_property_element_history_idx1` (`created_at`),
  KEY `reg_schema_property_element_history_created_user_id_index` (`created_user_id`),
  KEY `reg_schema_property_element_history_idx2` (`schema_property_element_id`),
  KEY `reg_schema_property_element_history_schema_property_id_index` (`schema_property_id`),
  KEY `reg_schema_property_element_history_schema_id_index` (`schema_id`),
  KEY `reg_schema_property_element_history_profile_property_id_index` (`profile_property_id`),
  KEY `related_schema_property_id` (`related_schema_property_id`),
  KEY `reg_schema_property_element_history_status_id_index` (`status_id`),
  KEY `reg_schema_property_element_history_fk7` (`import_id`),
  CONSTRAINT `reg_schema_property_element_history_ibfk_1` FOREIGN KEY (`created_user_id`) REFERENCES `reg_user` (`id`) ON DELETE NO ACTION ON UPDATE NO ACTION,
  CONSTRAINT `reg_schema_property_element_history_ibfk_2` FOREIGN KEY (`schema_property_element_id`) REFERENCES `reg_schema_property_element` (`id`) ON DELETE CASCADE ON UPDATE NO ACTION,
  CONSTRAINT `reg_schema_property_element_history_ibfk_3` FOREIGN KEY (`schema_property_id`) REFERENCES `reg_schema_property` (`id`) ON DELETE SET NULL ON UPDATE NO ACTION,
  CONSTRAINT `reg_schema_property_element_history_ibfk_4` FOREIGN KEY (`schema_id`) REFERENCES `reg_schema` (`id`) ON DELETE SET NULL ON UPDATE NO ACTION,
  CONSTRAINT `reg_schema_property_element_history_ibfk_5` FOREIGN KEY (`related_schema_property_id`) REFERENCES `reg_schema_property` (`id`) ON DELETE SET NULL ON UPDATE NO ACTION,
  CONSTRAINT `reg_schema_property_element_history_ibfk_6` FOREIGN KEY (`status_id`) REFERENCES `reg_status` (`id`) ON DELETE NO ACTION ON UPDATE NO ACTION,
  CONSTRAINT `reg_schema_property_element_history_ibfk_7` FOREIGN KEY (`profile_property_id`) REFERENCES `profile_property` (`id`) ON DELETE NO ACTION ON UPDATE NO ACTION,
  CONSTRAINT `reg_schema_property_element_history_ibfk_8` FOREIGN KEY (`import_id`) REFERENCES `reg_file_import_history` (`id`) ON DELETE NO ACTION ON UPDATE NO ACTION
) ENGINE=InnoDB DEFAULT CHARSET=utf8mb4 COLLATE=utf8mb4_unicode_ci;


CREATE TABLE `reg_skos_property` (
  `id` int(11) NOT NULL AUTO_INCREMENT,
  `parent_id` int(11) DEFAULT NULL,
  `inverse_id` int(11) DEFAULT NULL,
  `name` varchar(190) COLLATE utf8mb4_unicode_ci NOT NULL DEFAULT '',
  `uri` varchar(190) COLLATE utf8mb4_unicode_ci NOT NULL DEFAULT '',
  `object_type` enum('resource','literal') COLLATE utf8mb4_unicode_ci NOT NULL DEFAULT 'resource',
  `display_order` int(11) DEFAULT NULL,
  `picklist_order` int(11) DEFAULT NULL,
  `label` varchar(191) COLLATE utf8mb4_unicode_ci DEFAULT NULL,
  `definition` text COLLATE utf8mb4_unicode_ci,
  `comment` text COLLATE utf8mb4_unicode_ci,
  `examples` varchar(191) COLLATE utf8mb4_unicode_ci DEFAULT NULL,
  `is_required` tinyint(1) NOT NULL DEFAULT '0',
  `is_reciprocal` tinyint(1) NOT NULL DEFAULT '0',
  `is_singleton` tinyint(1) NOT NULL DEFAULT '0',
  `is_scheme` tinyint(1) NOT NULL DEFAULT '0',
  `is_in_picklist` tinyint(1) NOT NULL DEFAULT '1',
  PRIMARY KEY (`id`),
  UNIQUE KEY `name_2` (`name`),
  UNIQUE KEY `uri_2` (`uri`)
) ENGINE=InnoDB AUTO_INCREMENT=44 DEFAULT CHARSET=utf8mb4 COLLATE=utf8mb4_unicode_ci;


CREATE TABLE `reg_status` (
  `id` int(11) NOT NULL AUTO_INCREMENT,
  `display_order` int(11) DEFAULT NULL,
  `display_name` varchar(191) COLLATE utf8mb4_unicode_ci DEFAULT NULL,
  `uri` varchar(191) COLLATE utf8mb4_unicode_ci DEFAULT NULL,
  PRIMARY KEY (`id`),
  KEY `reg_status_display_order_index` (`display_order`)
) ENGINE=InnoDB AUTO_INCREMENT=10 DEFAULT CHARSET=utf8mb4 COLLATE=utf8mb4_unicode_ci;


CREATE TABLE `reg_user` (
  `id` int(11) NOT NULL AUTO_INCREMENT,
  `created_at` datetime DEFAULT NULL,
  `updated_at` datetime DEFAULT NULL,
  `deleted_at` datetime DEFAULT NULL,
  `last_updated` timestamp NOT NULL DEFAULT CURRENT_TIMESTAMP,
  `nickname` varchar(60) COLLATE utf8mb4_unicode_ci DEFAULT NULL,
  `salutation` varchar(5) COLLATE utf8mb4_unicode_ci DEFAULT NULL,
  `first_name` varchar(125) COLLATE utf8mb4_unicode_ci DEFAULT NULL,
  `last_name` varchar(125) COLLATE utf8mb4_unicode_ci DEFAULT NULL,
  `email` varchar(100) COLLATE utf8mb4_unicode_ci DEFAULT NULL,
  `sha1_password` varchar(40) COLLATE utf8mb4_unicode_ci DEFAULT NULL,
  `salt` varchar(32) COLLATE utf8mb4_unicode_ci DEFAULT NULL,
  `want_to_be_moderator` tinyint(1) DEFAULT '0',
  `is_moderator` tinyint(1) DEFAULT '0',
  `is_administrator` tinyint(1) DEFAULT '0',
  `deletions` int(11) DEFAULT '0',
  `password` varchar(191) COLLATE utf8mb4_unicode_ci DEFAULT NULL,
  `status` tinyint(3) unsigned NOT NULL DEFAULT '1',
  `culture` varchar(7) COLLATE utf8mb4_unicode_ci DEFAULT 'en_US',
  `confirmation_code` varchar(191) COLLATE utf8mb4_unicode_ci NOT NULL DEFAULT '',
  `name` varchar(191) COLLATE utf8mb4_unicode_ci NOT NULL DEFAULT '',
  `confirmed` tinyint(1) NOT NULL DEFAULT '0',
  `remember_token` varchar(100) COLLATE utf8mb4_unicode_ci DEFAULT NULL,
  PRIMARY KEY (`id`)
) ENGINE=InnoDB AUTO_INCREMENT=423 DEFAULT CHARSET=utf8mb4 COLLATE=utf8mb4_unicode_ci;


CREATE TABLE `reg_vocabulary` (
  `id` int(11) NOT NULL AUTO_INCREMENT,
  `agent_id` int(11) NOT NULL,
  `created_at` datetime DEFAULT NULL,
  `deleted_at` datetime DEFAULT NULL,
  `last_updated` timestamp NOT NULL DEFAULT CURRENT_TIMESTAMP,
  `created_user_id` int(11) DEFAULT NULL,
  `updated_user_id` int(11) DEFAULT NULL,
  `deleted_user_id` int(11) DEFAULT NULL,
  `child_updated_at` datetime DEFAULT NULL,
  `child_updated_user_id` int(11) DEFAULT NULL,
  `name` varchar(191) COLLATE utf8mb4_unicode_ci NOT NULL DEFAULT '',
  `note` text COLLATE utf8mb4_unicode_ci,
  `uri` varchar(191) COLLATE utf8mb4_unicode_ci NOT NULL DEFAULT '',
  `url` varchar(191) COLLATE utf8mb4_unicode_ci DEFAULT NULL,
  `base_domain` varchar(191) COLLATE utf8mb4_unicode_ci NOT NULL DEFAULT '',
  `token` varchar(45) COLLATE utf8mb4_unicode_ci NOT NULL DEFAULT '',
  `community` varchar(45) COLLATE utf8mb4_unicode_ci DEFAULT NULL,
  `last_uri_id` int(11) DEFAULT '1000',
  `status_id` int(11) NOT NULL DEFAULT '1',
  `language` char(6) COLLATE utf8mb4_unicode_ci NOT NULL DEFAULT 'en',
  `languages` text COLLATE utf8mb4_unicode_ci,
  `profile_id` int(11) DEFAULT NULL,
  `ns_type` enum('hash','slash') COLLATE utf8mb4_unicode_ci NOT NULL DEFAULT 'slash',
  `prefixes` text COLLATE utf8mb4_unicode_ci,
  `repo` varchar(256) COLLATE utf8mb4_unicode_ci DEFAULT NULL,
  `prefix` varchar(191) COLLATE utf8mb4_unicode_ci NOT NULL DEFAULT '',
  `updated_at` timestamp NULL DEFAULT NULL,
  PRIMARY KEY (`id`),
  KEY `reg_vocabulary_agent_id_index` (`agent_id`),
  KEY `reg_vocabulary_created_user_id_index` (`created_user_id`),
  KEY `reg_vocabulary_updated_user_id_index` (`updated_user_id`),
  KEY `reg_vocabulary_child_updated_user_id_index` (`child_updated_user_id`),
  KEY `reg_vocabulary_idx2` (`name`),
  KEY `reg_vocabulary_idx1` (`uri`),
  KEY `reg_vocabulary_status_id_index` (`status_id`),
  KEY `reg_vocabulary_profile_id_index` (`profile_id`),
  KEY `reg_vocabulary_deleted_user_id_index` (`deleted_user_id`),
  CONSTRAINT `reg_vocabulary_ibfk_1` FOREIGN KEY (`created_user_id`) REFERENCES `reg_user` (`id`) ON DELETE SET NULL ON UPDATE NO ACTION,
  CONSTRAINT `reg_vocabulary_ibfk_2` FOREIGN KEY (`updated_user_id`) REFERENCES `reg_user` (`id`) ON DELETE SET NULL ON UPDATE NO ACTION,
  CONSTRAINT `reg_vocabulary_ibfk_3` FOREIGN KEY (`child_updated_user_id`) REFERENCES `reg_user` (`id`) ON DELETE SET NULL ON UPDATE NO ACTION,
  CONSTRAINT `reg_vocabulary_ibfk_4` FOREIGN KEY (`profile_id`) REFERENCES `profile` (`id`) ON DELETE NO ACTION ON UPDATE NO ACTION,
  CONSTRAINT `reg_vocabulary_ibfk_5` FOREIGN KEY (`agent_id`) REFERENCES `reg_agent` (`id`) ON DELETE NO ACTION ON UPDATE NO ACTION,
  CONSTRAINT `reg_vocabulary_ibfk_6` FOREIGN KEY (`status_id`) REFERENCES `reg_status` (`id`) ON DELETE NO ACTION ON UPDATE NO ACTION,
  CONSTRAINT `reg_vocabulary_ibfk_7` FOREIGN KEY (`deleted_user_id`) REFERENCES `reg_user` (`id`) ON DELETE SET NULL ON UPDATE NO ACTION
) ENGINE=InnoDB AUTO_INCREMENT=59 DEFAULT CHARSET=utf8mb4 COLLATE=utf8mb4_unicode_ci;


CREATE TABLE `reg_vocabulary_has_user` (
  `id` int(11) NOT NULL AUTO_INCREMENT,
  `created_at` datetime DEFAULT NULL,
  `updated_at` timestamp NOT NULL DEFAULT CURRENT_TIMESTAMP,
  `deleted_at` datetime DEFAULT NULL,
  `vocabulary_id` int(11) NOT NULL DEFAULT '0',
  `user_id` int(11) NOT NULL DEFAULT '0',
  `is_maintainer_for` tinyint(1) DEFAULT '1',
  `is_registrar_for` tinyint(1) DEFAULT '1',
  `is_admin_for` tinyint(1) DEFAULT '1',
  `languages` text COLLATE utf8mb4_unicode_ci,
  `default_language` char(6) COLLATE utf8mb4_unicode_ci DEFAULT 'en',
  `current_language` char(6) COLLATE utf8mb4_unicode_ci DEFAULT 'en',
  PRIMARY KEY (`id`),
  UNIQUE KEY `resource_user_id` (`vocabulary_id`,`user_id`),
  UNIQUE KEY `user_resource_id` (`user_id`,`vocabulary_id`),
  CONSTRAINT `reg_vocabulary_has_user_ibfk_1` FOREIGN KEY (`user_id`) REFERENCES `reg_user` (`id`) ON DELETE CASCADE ON UPDATE NO ACTION,
  CONSTRAINT `reg_vocabulary_has_user_ibfk_2` FOREIGN KEY (`vocabulary_id`) REFERENCES `reg_vocabulary` (`id`) ON DELETE CASCADE ON UPDATE NO ACTION
) ENGINE=InnoDB AUTO_INCREMENT=388 DEFAULT CHARSET=utf8mb4 COLLATE=utf8mb4_unicode_ci;


CREATE TABLE `reg_vocabulary_has_version` (
  `id` int(11) NOT NULL AUTO_INCREMENT,
  `name` varchar(191) COLLATE utf8mb4_unicode_ci NOT NULL DEFAULT '',
  `created_at` datetime DEFAULT NULL,
  `deleted_at` datetime DEFAULT NULL,
  `updated_at` datetime DEFAULT NULL,
  `created_user_id` int(11) DEFAULT NULL,
  `vocabulary_id` int(11) DEFAULT NULL,
  `timeslice` datetime DEFAULT NULL,
  PRIMARY KEY (`id`),
  KEY `name` (`name`),
  KEY `reg_vocabulary_has_version_created_user_id_index` (`created_user_id`),
  KEY `reg_vocabulary_has_version_vocabulary_id_index` (`vocabulary_id`),
  CONSTRAINT `reg_vocabulary_has_version_ibfk_1` FOREIGN KEY (`created_user_id`) REFERENCES `reg_user` (`id`) ON DELETE SET NULL ON UPDATE NO ACTION,
  CONSTRAINT `reg_vocabulary_has_version_ibfk_2` FOREIGN KEY (`vocabulary_id`) REFERENCES `reg_vocabulary` (`id`) ON DELETE CASCADE ON UPDATE NO ACTION
) ENGINE=InnoDB DEFAULT CHARSET=utf8mb4 COLLATE=utf8mb4_unicode_ci;


CREATE TABLE `roles` (
  `id` int(10) unsigned NOT NULL AUTO_INCREMENT,
  `name` varchar(191) COLLATE utf8mb4_unicode_ci NOT NULL,
  `display_name` varchar(191) COLLATE utf8mb4_unicode_ci DEFAULT NULL,
  `all` tinyint(1) NOT NULL DEFAULT '0',
  `sort` smallint(5) unsigned NOT NULL DEFAULT '0',
  `created_at` timestamp NULL DEFAULT NULL,
  `updated_at` timestamp NULL DEFAULT NULL,
  PRIMARY KEY (`id`),
  UNIQUE KEY `roles_name_unique` (`name`)
) ENGINE=InnoDB AUTO_INCREMENT=11 DEFAULT CHARSET=utf8mb4 COLLATE=utf8mb4_unicode_ci;


CREATE TABLE `role_user` (
  `id` int(10) unsigned NOT NULL AUTO_INCREMENT,
  `user_id` int(11) NOT NULL,
  `role_id` int(10) unsigned NOT NULL,
  PRIMARY KEY (`id`),
  KEY `role_user_user_id_foreign` (`user_id`),
  KEY `role_user_role_id_foreign` (`role_id`),
  CONSTRAINT `role_user_role_id_foreign` FOREIGN KEY (`role_id`) REFERENCES `roles` (`id`) ON DELETE CASCADE,
  CONSTRAINT `role_user_user_id_foreign` FOREIGN KEY (`user_id`) REFERENCES `reg_user` (`id`) ON DELETE CASCADE
) ENGINE=InnoDB AUTO_INCREMENT=6 DEFAULT CHARSET=utf8mb4 COLLATE=utf8mb4_unicode_ci;


CREATE TABLE `schema_has_user` (
  `id` int(11) NOT NULL AUTO_INCREMENT,
  `created_at` datetime DEFAULT NULL,
  `updated_at` datetime DEFAULT NULL,
  `deleted_at` datetime DEFAULT NULL,
  `schema_id` int(11) NOT NULL DEFAULT '0',
  `user_id` int(11) NOT NULL DEFAULT '0',
  `is_maintainer_for` tinyint(1) DEFAULT '1',
  `is_registrar_for` tinyint(1) DEFAULT '1',
  `is_admin_for` tinyint(1) DEFAULT '1',
  `languages` text COLLATE utf8mb4_unicode_ci,
  `default_language` char(6) COLLATE utf8mb4_unicode_ci NOT NULL DEFAULT 'en',
  `current_language` char(6) COLLATE utf8mb4_unicode_ci DEFAULT NULL,
  PRIMARY KEY (`id`),
  UNIQUE KEY `schema_user` (`schema_id`,`user_id`),
  KEY `schema_has_user_schema_id_index` (`schema_id`),
  KEY `schema_has_user_user_id_index` (`user_id`),
  KEY `user_schema` (`user_id`,`schema_id`),
  CONSTRAINT `schema_has_user_ibfk_1` FOREIGN KEY (`schema_id`) REFERENCES `reg_schema` (`id`) ON DELETE CASCADE ON UPDATE NO ACTION,
  CONSTRAINT `schema_has_user_ibfk_2` FOREIGN KEY (`user_id`) REFERENCES `reg_user` (`id`) ON DELETE CASCADE ON UPDATE NO ACTION
) ENGINE=InnoDB DEFAULT CHARSET=utf8mb4 COLLATE=utf8mb4_unicode_ci;


CREATE TABLE `schema_has_version` (
  `id` int(11) NOT NULL AUTO_INCREMENT,
  `name` varchar(191) COLLATE utf8mb4_unicode_ci NOT NULL DEFAULT '',
  `created_at` datetime DEFAULT NULL,
  `deleted_at` datetime DEFAULT NULL,
  `updated_at` datetime DEFAULT NULL,
  `created_user_id` int(11) DEFAULT NULL,
  `schema_id` int(11) DEFAULT NULL,
  `timeslice` datetime DEFAULT NULL,
  PRIMARY KEY (`id`),
  KEY `schema_has_version_created_user_id_index` (`created_user_id`),
  KEY `schema_has_version_schema_id_index` (`schema_id`),
  CONSTRAINT `schema_has_version_ibfk_1` FOREIGN KEY (`created_user_id`) REFERENCES `reg_user` (`id`) ON DELETE NO ACTION ON UPDATE NO ACTION,
  CONSTRAINT `schema_has_version_ibfk_2` FOREIGN KEY (`schema_id`) REFERENCES `reg_schema` (`id`) ON DELETE CASCADE ON UPDATE NO ACTION
) ENGINE=InnoDB DEFAULT CHARSET=utf8mb4 COLLATE=utf8mb4_unicode_ci;


CREATE TABLE `sessions` (
  `id` varchar(191) COLLATE utf8mb4_unicode_ci NOT NULL,
  `user_id` int(10) unsigned DEFAULT NULL,
  `ip_address` varchar(45) COLLATE utf8mb4_unicode_ci DEFAULT NULL,
  `user_agent` text COLLATE utf8mb4_unicode_ci,
  `payload` text COLLATE utf8mb4_unicode_ci NOT NULL,
  `last_activity` int(11) NOT NULL,
  UNIQUE KEY `sessions_id_unique` (`id`)
) ENGINE=InnoDB DEFAULT CHARSET=utf8mb4 COLLATE=utf8mb4_unicode_ci;


CREATE TABLE `social_logins` (
  `id` int(10) unsigned NOT NULL AUTO_INCREMENT,
  `user_id` int(11) NOT NULL,
  `provider` varchar(32) COLLATE utf8mb4_unicode_ci NOT NULL,
  `provider_id` varchar(191) COLLATE utf8mb4_unicode_ci NOT NULL,
  `token` varchar(191) COLLATE utf8mb4_unicode_ci DEFAULT NULL,
  `avatar` varchar(191) COLLATE utf8mb4_unicode_ci DEFAULT NULL,
  `created_at` timestamp NULL DEFAULT NULL,
  `updated_at` timestamp NULL DEFAULT NULL,
  PRIMARY KEY (`id`),
  KEY `social_logins_user_id_foreign` (`user_id`),
  CONSTRAINT `social_logins_user_id_foreign` FOREIGN KEY (`user_id`) REFERENCES `reg_user` (`id`) ON DELETE CASCADE
) ENGINE=InnoDB DEFAULT CHARSET=utf8mb4 COLLATE=utf8mb4_unicode_ci;




SET FOREIGN_KEY_CHECKS = @PREVIOUS_FOREIGN_KEY_CHECKS;


SET @PREVIOUS_FOREIGN_KEY_CHECKS = @@FOREIGN_KEY_CHECKS;
SET FOREIGN_KEY_CHECKS = 0;














INSERT INTO `exports` (`id`, `created_at`, `updated_at`, `user_id`, `vocabulary_id`, `schema_id`, `exclude_deprecated`, `include_generated`, `include_deleted`, `include_not_accepted`, `selected_columns`, `selected_language`, `published_english_version`, `published_language_version`, `last_vocab_update`, `profile_id`, `file`, `map`) VALUES 
	(570,'2017-05-11 18:29:04','2017-05-11 18:29:04',NULL,NULL,83,0,0,NULL,0,'a:13:{i:0;s:1:"1";i:1;s:1:"2";i:2;s:2:"27";i:3;s:1:"3";i:4;s:1:"7";i:5;s:2:"32";i:6;s:2:"33";i:7;s:2:"13";i:8;s:1:"4";i:9;s:1:"9";i:10;s:2:"16";i:11;s:2:"14";i:12;s:2:"31";}','fr',NULL,NULL,NULL,1,'rdac_en-fr_20170511T182904_570_0.csv','a:14:{i:0;a:22:{i:0;a:3:{s:5:"label";s:6:"reg_id";s:2:"id";N;s:8:"language";s:0:"";}i:1;a:3:{s:5:"label";s:8:"*name_en";s:2:"id";s:1:"1";s:8:"language";s:2:"en";}i:2;a:3:{s:5:"label";s:8:"*name_fr";s:2:"id";s:1:"1";s:8:"language";s:2:"fr";}i:3;a:3:{s:5:"label";s:9:"*label_en";s:2:"id";s:1:"2";s:8:"language";s:2:"en";}i:4;a:3:{s:5:"label";s:9:"*label_fr";s:2:"id";s:1:"2";s:8:"language";s:2:"fr";}i:5;a:3:{s:5:"label";s:15:"lexicalAlias_en";s:2:"id";s:2:"27";s:8:"language";s:2:"en";}i:6;a:3:{s:5:"label";s:15:"lexicalAlias_fr";s:2:"id";s:2:"27";s:8:"language";s:2:"fr";}i:7;a:3:{s:5:"label";s:17:"description[0]_en";s:2:"id";s:1:"3";s:8:"language";s:2:"en";}i:8;a:3:{s:5:"label";s:17:"description[0]_fr";s:2:"id";s:1:"3";s:8:"language";s:2:"fr";}i:9;a:3:{s:5:"label";s:10:"note[0]_en";s:2:"id";s:1:"7";s:8:"language";s:2:"en";}i:10;a:3:{s:5:"label";s:10:"note[0]_fr";s:2:"id";s:1:"7";s:8:"language";s:2:"fr";}i:11;a:3:{s:5:"label";s:15:"ToolkitLabel_en";s:2:"id";s:2:"32";s:8:"language";s:2:"en";}i:12;a:3:{s:5:"label";s:15:"ToolkitLabel_fr";s:2:"id";s:2:"32";s:8:"language";s:2:"fr";}i:13;a:3:{s:5:"label";s:20:"ToolkitDefinition_en";s:2:"id";s:2:"33";s:8:"language";s:2:"en";}i:14;a:3:{s:5:"label";s:20:"ToolkitDefinition_fr";s:2:"id";s:2:"33";s:8:"language";s:2:"fr";}i:15;a:3:{s:5:"label";s:4:"*uri";s:2:"id";s:2:"13";s:8:"language";s:0:"";}i:16;a:3:{s:5:"label";s:5:"*type";s:2:"id";s:1:"4";s:8:"language";s:0:"";}i:17;a:3:{s:5:"label";s:13:"subClassOf[0]";s:2:"id";s:1:"9";s:8:"language";s:0:"";}i:18;a:3:{s:5:"label";s:13:"subClassOf[1]";s:2:"id";s:1:"9";s:8:"language";s:0:"";}i:19;a:3:{s:5:"label";s:9:"sameAs[0]";s:2:"id";s:2:"16";s:8:"language";s:0:"";}i:20;a:3:{s:5:"label";s:7:"*status";s:2:"id";s:2:"14";s:8:"language";s:0:"";}i:21;a:3:{s:5:"label";s:17:"instructionNumber";s:2:"id";s:2:"31";s:8:"language";s:0:"";}}i:14328;a:15:{i:1;i:213450;i:3;i:107698;i:4;i:180568;i:5;i:128168;i:7;i:107699;i:8;i:180569;i:11;i:139429;i:12;i:180570;i:13;i:139430;i:14;i:180571;i:15;i:107701;i:16;i:107700;i:17;i:213512;i:20;i:107702;i:21;i:190279;}i:14329;a:14:{i:1;i:107704;i:3;i:107705;i:4;i:180572;i:5;i:128169;i:7;i:107706;i:8;i:180573;i:11;i:139431;i:12;i:180574;i:13;i:139432;i:14;i:180575;i:15;i:107708;i:16;i:107707;i:17;i:213513;i:20;i:107709;}i:14330;a:15:{i:1;i:213452;i:3;i:107712;i:4;i:180576;i:5;i:128170;i:7;i:107713;i:8;i:180577;i:11;i:139433;i:12;i:180578;i:13;i:139434;i:14;i:180579;i:15;i:107715;i:16;i:107714;i:17;i:213451;i:20;i:107716;i:21;i:190280;}i:14331;a:15:{i:1;i:213453;i:3;i:107719;i:4;i:180580;i:5;i:128171;i:7;i:107720;i:8;i:180581;i:11;i:139435;i:12;i:180582;i:13;i:139436;i:14;i:180583;i:15;i:107722;i:16;i:107721;i:17;i:107724;i:20;i:107723;i:21;i:190281;}i:14332;a:15:{i:1;i:213454;i:3;i:107727;i:4;i:180584;i:5;i:128172;i:7;i:107728;i:8;i:180585;i:11;i:139437;i:12;i:180586;i:13;i:139438;i:14;i:180587;i:15;i:107730;i:16;i:107729;i:17;i:107732;i:20;i:107731;i:21;i:190282;}i:14333;a:15:{i:1;i:213456;i:3;i:107735;i:4;i:180588;i:5;i:128173;i:7;i:107736;i:8;i:180589;i:11;i:139439;i:12;i:180590;i:13;i:139440;i:14;i:180591;i:15;i:107738;i:16;i:107737;i:17;i:213455;i:20;i:107739;i:21;i:190283;}i:14334;a:15:{i:1;i:213458;i:3;i:107742;i:4;i:180592;i:5;i:128174;i:7;i:107743;i:8;i:180593;i:11;i:139441;i:12;i:180594;i:13;i:139442;i:14;i:180595;i:15;i:107745;i:16;i:107744;i:17;i:213457;i:20;i:107746;i:21;i:190284;}i:14335;a:15:{i:1;i:107748;i:3;i:107749;i:4;i:180596;i:5;i:128175;i:7;i:107750;i:8;i:180597;i:11;i:139443;i:12;i:180598;i:13;i:139444;i:14;i:180599;i:15;i:107752;i:16;i:107751;i:17;i:107754;i:20;i:107753;i:21;i:190285;}i:22989;a:10:{i:1;i:187496;i:3;i:187497;i:5;i:187498;i:7;i:187499;i:11;i:187501;i:13;i:187502;i:15;i:187494;i:16;i:187495;i:17;i:213459;i:20;i:187500;}i:25151;a:10:{i:1;i:213463;i:3;i:213464;i:5;i:213465;i:7;i:213466;i:11;i:213468;i:13;i:288390;i:15;i:213461;i:16;i:213462;i:17;i:213514;i:20;i:213515;}i:25152;a:12:{i:1;i:213472;i:3;i:213473;i:5;i:213474;i:7;i:213475;i:9;i:213476;i:11;i:213478;i:13;i:213479;i:15;i:213470;i:16;i:213471;i:17;i:213469;i:18;i:213510;i:20;i:213511;}i:25153;a:11:{i:1;i:213483;i:3;i:213484;i:5;i:213485;i:7;i:213486;i:9;i:213487;i:11;i:213489;i:13;i:213490;i:15;i:213481;i:16;i:213482;i:17;i:213516;i:20;i:213517;}i:25154;a:10:{i:1;i:213493;i:3;i:213494;i:5;i:213495;i:7;i:213496;i:9;i:213509;i:11;i:213499;i:13;i:213500;i:15;i:213491;i:16;i:213492;i:20;i:213508;}}');




INSERT INTO `history_types` (`id`, `name`, `created_at`, `updated_at`) VALUES 
	(1,'User','2017-05-13 15:30:16','2017-05-13 15:30:16'),
	(2,'Role','2017-05-13 15:30:16','2017-05-13 15:30:16');




INSERT INTO `migrations` (`id`, `migration`, `batch`) VALUES 
	(6543,'2014_10_12_100000_create_password_resets_table',1),
	(6544,'2014_10_26_173420_create_reg_user_table',1),
	(6545,'2015_10_26_173420_create_arc_g2t_table',1),
	(6546,'2015_10_26_173420_create_arc_id2val_table',1),
	(6547,'2015_10_26_173420_create_arc_o2val_table',1),
	(6548,'2015_10_26_173420_create_arc_s2val_table',1),
	(6549,'2015_10_26_173420_create_arc_setting_table',1),
	(6550,'2015_10_26_173420_create_arc_triple_table',1),
	(6551,'2015_10_26_173420_create_profile_property_table',1),
	(6552,'2015_10_26_173420_create_profile_table',1),
	(6553,'2015_10_26_173420_create_reg_agent_has_user_table',1),
	(6554,'2015_10_26_173420_create_reg_agent_table',1),
	(6555,'2015_10_26_173420_create_reg_batch_table',1),
	(6556,'2015_10_26_173420_create_reg_collection_table',1),
	(6557,'2015_10_26_173420_create_reg_concept_property_history_table',1),
	(6558,'2015_10_26_173420_create_reg_concept_property_table',1),
	(6559,'2015_10_26_173420_create_reg_concept_table',1),
	(6560,'2015_10_26_173420_create_reg_discuss_table',1),
	(6561,'2015_10_26_173420_create_reg_file_import_history_table',1),
	(6562,'2015_10_26_173420_create_reg_lookup_table',1),
	(6563,'2015_10_26_173420_create_reg_prefix_table',1),
	(6564,'2015_10_26_173420_create_reg_rdf_namespace_table',1),
	(6565,'2015_10_26_173420_create_reg_schema_property_element_history_table',1),
	(6566,'2015_10_26_173420_create_reg_schema_property_element_table',1),
	(6567,'2015_10_26_173420_create_reg_schema_property_table',1),
	(6568,'2015_10_26_173420_create_reg_schema_table',1),
	(6569,'2015_10_26_173420_create_reg_skos_property_table',1),
	(6570,'2015_10_26_173420_create_reg_status_table',1),
	(6571,'2015_10_26_173420_create_reg_vocabulary_has_user_table',1),
	(6572,'2015_10_26_173420_create_reg_vocabulary_has_version_table',1),
	(6573,'2015_10_26_173420_create_reg_vocabulary_table',1),
	(6574,'2015_10_26_173420_create_schema_has_user_table',1),
	(6575,'2015_10_26_173420_create_schema_has_version_table',1),
	(6576,'2015_10_26_173423_add_foreign_keys_to_profile_property_table',1),
	(6577,'2015_10_26_173423_add_foreign_keys_to_profile_table',1),
	(6578,'2015_10_26_173423_add_foreign_keys_to_reg_agent_has_user_table',1),
	(6579,'2015_10_26_173423_add_foreign_keys_to_reg_collection_table',1),
	(6580,'2015_10_26_173423_add_foreign_keys_to_reg_concept_property_history_table',1),
	(6581,'2015_10_26_173423_add_foreign_keys_to_reg_concept_property_table',1),
	(6582,'2015_10_26_173423_add_foreign_keys_to_reg_concept_table',1),
	(6583,'2015_10_26_173423_add_foreign_keys_to_reg_discuss_table',1),
	(6584,'2015_10_26_173423_add_foreign_keys_to_reg_file_import_history_table',1),
	(6585,'2015_10_26_173423_add_foreign_keys_to_reg_rdf_namespace_table',1),
	(6586,'2015_10_26_173423_add_foreign_keys_to_reg_schema_property_element_history_table',1),
	(6587,'2015_10_26_173423_add_foreign_keys_to_reg_schema_property_element_table',1),
	(6588,'2015_10_26_173423_add_foreign_keys_to_reg_schema_property_table',1),
	(6589,'2015_10_26_173423_add_foreign_keys_to_reg_schema_table',1),
	(6590,'2015_10_26_173423_add_foreign_keys_to_reg_vocabulary_has_user_table',1),
	(6591,'2015_10_26_173423_add_foreign_keys_to_reg_vocabulary_has_version_table',1),
	(6592,'2015_10_26_173423_add_foreign_keys_to_reg_vocabulary_table',1),
	(6593,'2015_10_26_173423_add_foreign_keys_to_schema_has_user_table',1),
	(6594,'2015_10_26_173423_add_foreign_keys_to_schema_has_version_table',1),
	(6595,'2015_11_20_220848_add_hash_id_to_elements',1),
	(6596,'2015_12_02_234138_add_profile_property_id_to_concept_property_table',1),
	(6597,'2015_12_09_221703_update_vocabulary_table_with_default_profile_id',1),
	(6598,'2015_12_11_172359_update_profile_properties_add_namespace',1),
	(6599,'2015_12_28_171741_create_social_logins_table',1),
	(6600,'2015_12_29_015055_setup_access_tables',1),
	(6601,'2016_02_29_220035_add_language_to_the_unique_preflabel_index',1),
	(6602,'2016_03_01_190632_add_update-at_to_user_table',1),
	(6603,'2016_03_01_202040_add_update-at_to_agent_table',1),
	(6604,'2016_03_03_224245_add_deleted-by_to_vocabulary_table',1),
	(6605,'2016_03_04_193452_add_deleted-by_to_Element-attribute_table',1),
	(6606,'2016_03_04_220800_add_deleted-by_to_ElementSet_table',1),
	(6607,'2016_06_28_214355_add_prefix_to_vocabulary',1),
	(6608,'2016_07_03_062439_create_history_tables',1),
	(6609,'2016_07_14_192211_create_export_history',1),
	(6610,'2016_07_14_200053_add_foreign_keys_to_reg_export_history_table',1),
	(6611,'2016_08_23_125048_add_compound_index_to_schemauser_table',1),
	(6612,'2016_10_08_131313_update_all_vocabulary_profile_id',1),
	(6613,'2016_10_08_131425_update_all_concept_property_profile_property_id_from_skos_id',1),
	(6614,'2016_10_08_131615_add_profile_property_id_to_concept_property_history_and_migrate_from_skos_id',1),
	(6615,'2016_10_13_170452_add_onlyaccepted_field_to_export',1),
	(6616,'2016_10_14_172605_rename_csv-type_to_profile_id_and_add_foreign_key_on_export-history',1),
	(6617,'2016_10_15_161857_add_file_and_map_to_export_history',1),
	(6618,'2016_10_15_175941_create_failed_jobs_table',1),
	(6619,'2016_10_16_172113_add_token_to_import_history',1),
	(6620,'2016_10_17_210115_add_private_and_repo_to_agents',1),
	(6621,'2016_10_25_153608_add_fulltext_indexes',1),
	(6622,'2016_10_26_133421_add_prefix_to_schema',1),
	(6623,'2016_10_31_155109_add_confirmation_to_users_table',1),
	(6624,'2016_10_31_204835_add_nickname_to_password_resets_table',1),
	(6625,'2017_02_27_165648_add_updated_at_to_voabulary_table',1),
	(6626,'2017_04_04_131153_create_sessions_table',1),
	(6627,'2017_05_09_172303_create_exports_table',1),
	(6628,'2017_05_09_172304_add_foreign_keys_to_exports_table',1);




INSERT INTO `permissions` (`id`, `name`, `display_name`, `sort`, `created_at`, `updated_at`) VALUES 
	(1,'view-backend','View Backend',1,'2017-05-13 15:30:16','2017-05-13 15:30:16'),
	(2,'manage-users','Manage Users',3,'2017-05-13 15:30:16','2017-05-13 15:30:16'),
	(3,'manage-roles','Manage Roles',4,'2017-05-13 15:30:16','2017-05-13 15:30:16'),
	(4,'create-project','Create a Project',5,'2017-05-13 15:30:16','2017-05-13 15:30:16'),
	(5,'edit-project','Edit a Project',6,'2017-05-13 15:30:16','2017-05-13 15:30:16'),
	(6,'edit-schema','Edit an Element Set',10,'2017-05-13 15:30:16','2017-05-13 15:30:16'),
	(7,'edit-vocab','Edit a Vocabulary',13,'2017-05-13 15:30:16','2017-05-13 15:30:16'),
	(8,'view-project','View a Private Project',8,'2017-05-13 15:30:16','2017-05-13 15:30:16'),
	(9,'create-schema','Create an Element Set',9,'2017-05-13 15:30:16','2017-05-13 15:30:16'),
	(10,'create-vocab','Create a Vocabulary',12,'2017-05-13 15:30:16','2017-05-13 15:30:16'),
	(11,'delete-project','Delete a Project',7,'2017-05-13 15:30:16','2017-05-13 15:30:16'),
	(12,'delete-schema','Delete an Element Set',11,'2017-05-13 15:30:16','2017-05-13 15:30:16'),
	(13,'delete-vocab','Delete a Vocabulary',14,'2017-05-13 15:30:16','2017-05-13 15:30:16'),
	(14,'edit-self','Edit Self',1,'2017-05-13 15:30:16','2017-05-13 15:30:16');


INSERT INTO `permission_role` (`id`, `permission_id`, `role_id`) VALUES 
	(1,1,2),
	(2,2,2),
	(3,4,3),
	(4,5,4),
	(5,6,4),
	(6,7,4),
	(7,9,4),
	(8,12,4),
	(9,13,4),
	(10,14,4),
	(11,9,5),
	(12,6,6),
	(13,7,6),
	(14,9,6),
	(15,10,6),
	(16,11,6),
	(17,12,6),
	(18,13,6),
	(19,14,6),
	(20,6,7),
	(21,9,7),
	(22,10,7),
	(23,13,7),
	(24,6,8),
	(25,9,8),
	(26,7,9),
	(27,9,9),
	(28,7,10),
	(29,9,10),
	(30,11,10),
	(31,14,10);


INSERT INTO `reg_agent` (`id`, `created_at`, `updated_at`, `last_updated`, `deleted_at`, `org_email`, `org_name`, `ind_affiliation`, `ind_role`, `address1`, `address2`, `city`, `state`, `postal_code`, `country`, `phone`, `web_address`, `type`, `repo`, `is_private`, `license`, `description`, `created_by`, `updated_by`, `deleted_by`) VALUES 
	(67,'2007-12-05 10:48:33',NULL,'2007-12-12 18:01:18',NULL,'diane.hillmann@cornell.edu','Metadata Management Associates','',NULL,'P.O. Box 282','','Jacksonville','NY','14854','US','(607) 216-4899','','Organization',NULL,0,NULL,NULL,NULL,NULL,NULL),
	(177,'2014-01-13 09:58:44','2017-03-18 15:04:17','2016-07-08 05:52:17',NULL,'rscchair@rdatoolkit.org','ALA Publishing','',NULL,'','','','','','US','','','Individual',NULL,0,NULL,NULL,NULL,NULL,NULL),
	(178,'2017-05-13 15:30:29','2017-05-13 15:30:29','2017-05-13 11:30:29',NULL,'doyle.angela@davis.com','Dibbert, O\'Keefe and Kilback','Conroy LLC','ab','1902 Halvorson Drive','43402 Amaya Mall','East Carlo','NC','14026-6218','Gre','1-430-718-6742','http://robel.biz/sapiente-ullam-commodi-temporibus-rerum-sunt-numquam-et','Individual',NULL,0,NULL,NULL,NULL,NULL,NULL),
	(179,'2017-05-13 15:30:29','2017-05-13 15:30:29','2017-05-13 11:30:29',NULL,'isaiah.macejkovic@little.com','Leuschke-Howe','Weber, Yundt and Raynor','enim','435 Ryan Prairie','502 Mante Plains','West Franz','MA','69081','Fin','+14824124779','http://www.senger.biz/distinctio-laborum-dignissimos-ut-id-est','Individual',NULL,0,NULL,NULL,NULL,NULL,NULL),
	(180,'2017-05-13 15:30:29','2017-05-13 15:30:29','2017-05-13 11:30:29',NULL,'prohaska.verlie@spinka.info','Marks Ltd','Mills PLC','nostrum','331 O\'Connell View','8852 Haag Port Apt. 552','Sipesshire','KS','50728','Mex','1-615-602-3315','http://www.dooley.biz/voluptatibus-et-delectus-et-vel-id-id-sint-quam','Individual',NULL,0,NULL,NULL,NULL,NULL,NULL),
	(181,'2017-05-13 15:30:29','2017-05-13 15:30:29','2017-05-13 11:30:29',NULL,'madison03@okuneva.com','Powlowski Group','Simonis, Nikolaus and Treutel','officia','5090 Kathryne Fall Apt. 973','89071 Gus Mountains Apt. 697','East Sheilaview','AL','38361-2037','Van','446-216-3182','https://vandervort.com/aperiam-saepe-vel-odit-possimus-dolorem-nemo.html','Organization',NULL,0,NULL,NULL,NULL,NULL,NULL);


INSERT INTO `profile` (`id`, `agent_id`, `created_at`, `updated_at`, `deleted_at`, `created_by`, `updated_by`, `deleted_by`, `child_updated_at`, `child_updated_by`, `name`, `note`, `uri`, `url`, `base_domain`, `token`, `community`, `last_uri_id`, `status_id`, `language`) VALUES 
	(1,58,'2008-04-20 11:52:00','2008-04-20 11:52:00',NULL,36,36,NULL,NULL,NULL,'NSDL Registry Schema',NULL,'http://registry/uri/profile/registryschema',NULL,'http://registry/uri/profile/registryschema','registryschema','100000',100000,1,'en'),
	(2,58,'2015-04-20 11:52:00','2015-04-20 11:52:00',NULL,36,36,NULL,NULL,NULL,'OMR Vocabulary Profile',NULL,'http://registry/uri/profile/vocabularyprofile',NULL,'http://registry/uri/profile/vocabularyprofile','registryschema','100000',100000,1,'en');


INSERT INTO `profile_property` (`id`, `skos_id`, `created_at`, `updated_at`, `deleted_at`, `created_by`, `updated_by`, `deleted_by`, `profile_id`, `skos_parent_id`, `name`, `label`, `definition`, `comment`, `type`, `uri`, `status_id`, `language`, `note`, `display_order`, `export_order`, `picklist_order`, `examples`, `is_required`, `is_reciprocal`, `is_singleton`, `is_in_picklist`, `is_in_export`, `inverse_profile_property_id`, `is_in_class_picklist`, `is_in_property_picklist`, `is_in_rdf`, `is_in_xsd`, `is_attribute`, `has_language`, `is_object_prop`, `is_in_form`, `namespce`) VALUES 
	(1,0,'2008-04-20 12:00:00','2015-12-23 01:00:17',NULL,36,36,NULL,1,NULL,'name','name',NULL,NULL,'property','reg:name',1,'en',NULL,1,3,1,NULL,1,0,1,0,1,NULL,0,0,1,1,1,1,0,1,'http://metadataregistry.org/uri/profile/regap/'),
	(2,0,'2008-04-20 12:00:00','2015-12-23 01:00:17',NULL,36,36,NULL,1,NULL,'label','label',NULL,NULL,'property','rdfs:label',1,'en',NULL,2,4,2,NULL,1,0,1,1,1,NULL,1,1,1,1,0,1,0,1,'http://www.w3.org/2000/01/rdf-schema#'),
	(3,0,'2008-04-20 12:01:00','2015-12-23 01:00:17',NULL,36,36,NULL,1,NULL,'definition','description',NULL,NULL,'property','skos:definition',1,'en',NULL,3,6,3,NULL,0,0,0,1,1,NULL,1,1,1,1,0,1,0,1,'http://www.w3.org/2004/02/skos/core#'),
	(4,0,'2008-04-20 12:02:00','2015-12-23 01:00:17',NULL,36,36,NULL,1,NULL,'type','type',NULL,NULL,'property','rdf:type',1,'en',NULL,5,2,5,NULL,1,0,1,0,1,NULL,0,0,1,1,1,0,1,1,'http://www.w3.org/1999/02/22-rdf-syntax-ns#'),
	(5,0,'2008-04-20 00:02:00','2015-12-23 01:00:17',NULL,36,36,NULL,1,NULL,'comment','comment',NULL,NULL,'property','rdfs:comment',1,'en',NULL,4,8,4,NULL,0,0,0,1,1,NULL,1,1,1,1,0,1,0,1,'http://www.w3.org/2000/01/rdf-schema#'),
	(6,0,'2008-04-20 00:03:00','2015-12-23 01:00:19',NULL,36,36,NULL,1,NULL,'isSubpropertyOf','subPropertyOf',NULL,NULL,'property','rdfs:subPropertyOf',1,'en',NULL,6,14,6,NULL,0,0,0,1,1,8,0,1,1,1,0,0,1,0,'http://www.w3.org/2000/01/rdf-schema#'),
	(7,0,'2008-04-20 00:04:00','2015-12-23 01:00:19',NULL,36,36,NULL,1,NULL,'note','note',NULL,NULL,'property','skos:scopeNote',1,'en',NULL,8,7,8,NULL,0,0,0,1,1,NULL,1,1,1,1,0,1,0,1,'http://www.w3.org/2004/02/skos/core#'),
	(8,0,'2008-04-20 12:05:00','2015-12-23 01:00:19',NULL,36,36,NULL,1,NULL,'hasSubproperty','hasSubproperty',NULL,NULL,'property','reg:hasSubproperty',1,'en',NULL,7,15,7,NULL,0,0,0,0,0,6,0,0,1,1,1,0,1,0,'http://metadataregistry.org/uri/profile/regap/'),
	(9,0,'2009-03-07 11:49:27','2015-12-23 01:00:19',NULL,36,36,NULL,1,NULL,'isSubclassOf','subClassOf','','','property','rdfs:subClassOf',1,'en','',9,12,9,'',0,0,0,0,1,10,1,0,1,1,0,0,1,0,'http://www.w3.org/2000/01/rdf-schema#'),
	(10,0,'2009-03-07 11:53:34','2015-12-23 01:00:19',NULL,36,36,NULL,1,NULL,'hasSubClass','hasSubClass',NULL,NULL,'property','reg:hasSubClass',1,'en',NULL,10,13,10,NULL,0,0,0,0,0,9,1,0,1,1,1,0,1,0,'http://metadataregistry.org/uri/profile/regap/'),
	(11,0,'2009-03-07 11:57:15','2015-12-23 01:00:19',NULL,36,36,NULL,1,NULL,'domain','domain',NULL,NULL,'property','rdfs:domain',1,'en',NULL,11,9,11,NULL,0,0,1,1,1,NULL,0,1,1,1,0,0,1,1,'http://www.w3.org/2000/01/rdf-schema#'),
	(12,0,'2009-03-07 12:01:38','2015-12-23 01:00:19',NULL,36,36,NULL,1,NULL,'orange','range',NULL,NULL,'property','rdfs:range',1,'en',NULL,12,10,12,NULL,0,0,1,1,1,NULL,0,1,1,1,0,0,1,1,'http://www.w3.org/2000/01/rdf-schema#'),
	(13,0,'2009-03-07 12:01:38','2015-12-23 01:00:19',NULL,36,36,NULL,1,NULL,'uri','uri',NULL,NULL,'property','reg:uri',1,'en',NULL,0,1,13,NULL,1,0,1,0,1,NULL,0,0,0,1,1,0,1,1,'http://metadataregistry.org/uri/profile/regap/'),
	(14,0,'2009-03-07 12:01:38','2015-12-23 01:00:19',NULL,36,36,NULL,1,NULL,'statusId','status',NULL,NULL,'property','reg:status',1,'en',NULL,110,100,110,NULL,1,0,1,0,1,NULL,0,0,0,1,1,0,1,1,'http://metadataregistry.org/uri/profile/regap/'),
	(15,0,'2011-09-29 14:12:00','2015-12-23 01:00:19',NULL,36,36,NULL,1,NULL,'isInverseOf','inverseOf','','The property that determines that two given properties are inverse.','property','owl:inverseOf',1,'en','',15,16,15,'',0,1,1,1,1,NULL,0,1,1,0,0,0,1,0,'http://www.w3.org/2002/07/owl#'),
	(16,0,'2011-09-29 14:23:24','2015-12-23 01:00:19',NULL,36,36,NULL,1,NULL,'isSameAs','sameAs','','The property that determines that two given individuals are equal.','property','owl:sameAs',1,'en','',16,17,16,'',0,1,0,1,1,NULL,1,1,1,0,0,0,1,0,'http://www.w3.org/2002/07/owl#'),
	(17,0,'2011-09-29 14:26:25','2015-12-23 01:00:19',NULL,36,36,NULL,1,NULL,'propertyIsDisjointWith','propertyDisjointWith','','Used to specify that two properties are mutually disjoint, and it is defined as a property itself. ','property','owl:propertyDisjointWith',1,'en','',17,18,17,'',0,1,0,1,1,NULL,0,1,1,1,0,0,1,0,'http://www.w3.org/2002/07/owl#'),
	(18,0,'2011-09-29 14:28:57','2015-12-23 01:00:19',NULL,36,36,NULL,1,NULL,'isEquivalentClass','equivalentClass','','The property that determines that two given classes are equivalent, and that is used to specify datatype definitions.','property','owl:equivalentClass',1,'en','',19,20,19,'',0,1,1,1,1,NULL,1,0,1,1,0,0,1,0,'http://www.w3.org/2002/07/owl#'),
	(19,0,'2011-09-29 14:30:00','2015-12-23 01:00:19',NULL,36,36,NULL,1,NULL,'isEquivalentProperty','equivalentProperty','','','property','owl:equivalentProperty',1,'en','',30,40,30,'',0,1,1,1,1,NULL,0,1,1,1,0,0,1,0,'http://www.w3.org/2002/07/owl#'),
	(20,0,'2012-02-02 23:21:08','2015-12-23 01:00:19',NULL,36,36,NULL,1,NULL,'isDisjointWith','disjointWith','','The property that determines that two given properties are disjoint.','property','owl:disjointWith',1,'en','',18,19,18,'',0,1,0,1,1,NULL,1,1,1,1,0,0,1,0,'http://www.w3.org/2002/07/owl#'),
	(21,0,'2012-06-02 23:21:08','2015-12-23 01:00:19',NULL,36,36,NULL,1,NULL,'altLabel','altLabel',NULL,NULL,'property','skos:altLabel',1,'en',NULL,50,60,50,NULL,0,0,0,1,1,NULL,1,1,1,1,0,1,0,0,'http://www.w3.org/2004/02/skos/core#'),
	(23,0,'2014-01-18 04:04:02','2015-12-23 01:00:19',NULL,36,36,NULL,1,NULL,'narrowMatch','narrowMatch',NULL,NULL,'property','skos:narrowMatch',1,'en',NULL,80,90,80,NULL,0,0,0,1,1,NULL,1,1,1,1,0,0,1,0,'http://www.w3.org/2004/02/skos/core#'),
	(24,0,'2014-01-18 04:04:01','2015-12-23 01:00:19',NULL,36,36,NULL,1,NULL,'closeMatch','closeMatch',NULL,NULL,'property','skos:closeMatch',1,'en',NULL,70,80,70,NULL,0,0,0,1,1,NULL,1,1,1,1,0,0,1,0,'http://www.w3.org/2004/02/skos/core#'),
	(25,0,'2014-01-18 04:04:00','2015-12-23 01:00:19',NULL,36,36,NULL,1,NULL,'broadMatch','broadMatch',NULL,NULL,'property','skos:broadMatch',1,'en',NULL,60,70,60,NULL,0,0,0,1,1,NULL,1,1,1,1,0,0,1,0,'http://www.w3.org/2004/02/skos/core#'),
	(26,0,'2011-09-29 14:23:24','2015-12-23 01:00:19',NULL,36,36,NULL,1,NULL,'hasUnconstrained','hasUnconstrained','','','property','reg:hasUnconstrained',1,'en','',100,11,100,'',0,0,1,1,1,8,1,1,1,0,0,0,1,0,'http://metadataregistry.org/uri/profile/regap/'),
	(27,0,'2011-09-29 14:23:24','2015-12-23 01:00:19',NULL,36,36,NULL,1,NULL,'lexicalAlias','lexicalAlias','','','property','reg:lexicalAlias',1,'en','',90,5,90,'',0,0,1,1,1,NULL,1,1,1,0,0,1,1,1,'http://metadataregistry.org/uri/profile/regap/'),
	(30,0,'2015-05-01 23:04:00','2015-12-23 01:00:19',NULL,36,36,NULL,1,NULL,'changeNote','changeNote',NULL,NULL,'property','skos:changeNote',1,'en',NULL,150,140,140,NULL,0,0,0,1,1,NULL,1,1,1,1,0,1,0,0,'http://www.w3.org/2004/02/skos/core#'),
	(31,0,'2014-04-17 23:04:00','2015-12-23 01:00:19',NULL,36,36,NULL,1,NULL,'instructionNumber','instructionNumber','RDA Toolkit instruction number reference','','property','rdakit:instructionNumber',1,'en','',120,110,120,'',0,0,1,1,1,NULL,0,1,1,0,0,0,0,0,'http://metadataregistry.org/uri/profile/rdakit/'),
	(32,0,'2014-04-17 23:04:00','2015-12-23 01:00:19',NULL,36,36,NULL,1,NULL,'ToolkitLabel','ToolkitLabel','Label for use in RDA Toolkit','','property','rdakit:toolkitLabel',1,'en','',130,120,130,'',0,0,1,1,1,NULL,0,0,1,0,0,1,0,0,'http://metadataregistry.org/uri/profile/rdakit/'),
	(33,0,'2014-04-17 23:04:00','2015-12-23 01:00:19',NULL,36,36,NULL,1,NULL,'ToolkitDefinition','ToolkitDefinition','Definition for use in RDA Toolkit','','property','rdakit:toolkitDefinition',1,'en','',140,130,140,'',0,0,1,1,1,NULL,0,0,1,0,0,1,0,0,'http://metadataregistry.org/uri/profile/rdakit/'),
	(34,1,'2015-09-20 23:04:00','2015-12-23 01:00:19',NULL,36,36,NULL,2,NULL,'altLabel','alternative label','An alternative lexical label for a resource.','Acronyms, abbreviations, spelling variants, and irregular plural/singular forms may be included among the alternative labels for a concept. Mis-spelled terms are normally included as hidden labels (see skos:hiddenLabel).','property','skos:altLabel',1,'en',NULL,1,110,110,'http://www.w3.org/2004/02/skos/core/examples/altLabel.rdf.xml',0,0,0,1,1,NULL,0,0,1,0,0,1,0,0,'http://www.w3.org/2004/02/skos/core#'),
	(35,3,'2015-09-20 23:04:00','2015-12-23 01:00:19',NULL,36,36,NULL,2,NULL,'broader','has broader','A concept that is more general in meaning.','Broader concepts are typically rendered as parents in a concept hierarchy (tree).','property','skos:broader',1,'en',NULL,3,400,400,'http://www.w3.org/2004/02/skos/core/examples/broader.rdf.xml',0,0,0,1,1,43,0,0,1,0,0,0,1,0,'http://www.w3.org/2004/02/skos/core#'),
	(36,4,'2015-09-20 23:04:00','2015-12-23 01:00:19',NULL,36,36,NULL,2,44,'changeNote','change note','A note about a modification to a concept.',NULL,'property','skos:changeNote',1,'en',NULL,4,320,320,'http://www.w3.org/2004/02/skos/core/examples/changeNote.rdf.xml',0,0,0,1,1,NULL,0,0,1,0,0,1,0,0,'http://www.w3.org/2004/02/skos/core#'),
	(37,5,'2015-09-20 23:04:00','2015-12-23 01:00:19',NULL,36,36,NULL,2,44,'definition','definition','A statement or formal explanation of the meaning of a concept.',NULL,'property','skos:definition',1,'en',NULL,NULL,205,205,'http://www.w3.org/2004/02/skos/core/examples/definition.rdf.xml',0,0,0,1,1,NULL,0,0,1,0,0,1,0,0,'http://www.w3.org/2004/02/skos/core#'),
	(38,6,NULL,'2015-12-23 01:00:19',NULL,36,36,NULL,2,44,'editorialNote','editorial note','A note for an editor, translator or maintainer of the vocabulary.',NULL,'property','skos:editorialNote',1,'en',NULL,NULL,310,310,'http://www.w3.org/2004/02/skos/core/examples/editorialNote.rdf.xml',0,0,0,1,1,NULL,0,0,1,0,0,1,0,0,'http://www.w3.org/2004/02/skos/core#'),
	(39,7,NULL,'2015-12-23 01:00:19',NULL,36,36,NULL,2,44,'example','example','An example of the use of a concept.',NULL,'property','skos:example',1,'en',NULL,NULL,210,210,'http://www.w3.org/2004/02/skos/core/examples/example.rdf.xml',0,0,0,1,1,NULL,0,0,1,0,0,1,0,0,'http://www.w3.org/2004/02/skos/core#'),
	(40,9,NULL,'2015-12-23 01:00:19',NULL,36,36,NULL,2,NULL,'hiddenLabel','hidden label','A lexical label for a resource that should be hidden when generating visual displays of the resource, but should still be accessible to free text search operations.',NULL,'property','skos:hiddenLabel',1,'en',NULL,NULL,120,120,'http://www.w3.org/2004/02/skos/core/examples/hiddenLabel.rdf.xml',0,0,0,1,1,NULL,0,0,1,0,0,1,0,0,'http://www.w3.org/2004/02/skos/core#'),
	(41,10,NULL,'2015-12-23 01:00:19',NULL,36,36,NULL,2,44,'historyNote','history note',NULL,'A note about the past state/use/meaning of a concept.','property','skos:historyNote',1,'en',NULL,NULL,330,330,'http://www.w3.org/2004/02/skos/core/examples/historyNote.rdf.xml',0,0,0,1,1,NULL,0,0,1,0,0,1,0,0,'http://www.w3.org/2004/02/skos/core#'),
	(42,11,NULL,'2015-12-23 01:00:19',NULL,36,36,NULL,2,NULL,'inScheme','in scheme','A concept scheme in which the concept is included.','A concept may be a member of more than one concept scheme.','property','skos:inScheme',1,'en',NULL,NULL,600,600,'http://www.w3.org/2004/02/skos/core/examples/inScheme.rdf.xml',1,0,0,0,0,NULL,0,0,1,0,0,0,1,0,'http://www.w3.org/2004/02/skos/core#'),
	(43,16,NULL,'2015-12-23 01:00:19',NULL,36,36,NULL,2,NULL,'narrower','has narrower','A concept that is more specific in meaning.','Narrower concepts are typically rendered as children in a concept hierarchy (tree).','property','skos:narrower',1,'en',NULL,NULL,410,410,'http://www.w3.org/2004/02/skos/core/examples/narrower.rdf.xml',0,0,0,1,1,35,0,0,1,0,0,0,1,0,'http://www.w3.org/2004/02/skos/core#'),
	(44,17,NULL,'2015-12-23 01:00:19',NULL,36,36,NULL,2,NULL,'note','note','A general note, for any purpose.','This property may be used directly, or as a super-property for more specific note types.','property','skos:note',1,'en',NULL,NULL,200,200,'http://www.w3.org/2004/02/skos/core/examples/note.rdf.xml',0,0,0,1,1,NULL,0,0,1,0,0,1,0,0,'http://www.w3.org/2004/02/skos/core#'),
	(45,19,NULL,'2015-12-23 01:00:19',NULL,36,36,NULL,2,NULL,'prefLabel','preferred label','The preferred lexical label for a resource, in a given language.','No two concepts in the same concept scheme may have the same value for skos:prefLabel in a given language.','property','skos:prefLabel',1,'en',NULL,NULL,100,100,'http://www.w3.org/2004/02/skos/core/examples/prefLabel.rdf.xml',1,0,0,1,1,NULL,0,0,1,0,0,1,0,0,'http://www.w3.org/2004/02/skos/core#'),
	(46,21,NULL,'2015-12-23 01:00:19',NULL,36,36,NULL,2,NULL,'related','related to','A concept with which there is an associative semantic relationship.',NULL,'property','skos:related',1,'en',NULL,NULL,420,420,'http://www.w3.org/2004/02/skos/core/examples/related.rdf.xml',0,1,0,1,1,46,0,0,1,0,0,0,1,0,'http://www.w3.org/2004/02/skos/core#'),
	(47,22,NULL,'2015-12-23 01:00:19',NULL,36,36,NULL,2,44,'scopeNote','scope note','A note that helps to clarify the meaning of a concept.',NULL,'property','skos:scopeNote',1,'en',NULL,NULL,300,300,'http://www.w3.org/2004/02/skos/core/examples/scopeNote.rdf.xml',0,0,0,1,1,NULL,0,0,1,0,0,1,0,0,'http://www.w3.org/2004/02/skos/core#'),
	(48,27,NULL,'2015-12-23 01:00:19',NULL,36,36,NULL,2,NULL,'label','label','A human-readable name for the subject.',NULL,'property','rdfs:label',1,'en',NULL,NULL,10,90,NULL,0,0,0,0,0,NULL,0,0,1,0,0,1,0,0,'http://www.w3.org/2000/01/rdf-schema#'),
	(49,28,NULL,'2015-12-23 01:00:19',NULL,36,36,NULL,2,NULL,'hasTopConcept','has top concept','Relates, by convention, a concept scheme to a concept which is topmost in the broader/narrower concept hierarchies for that scheme, providing an entry point to these hierarchies.',NULL,'property','skos:hasTopConcept',1,'en',NULL,NULL,700,NULL,NULL,0,0,0,0,0,50,0,0,1,0,0,0,1,0,'http://www.w3.org/2004/02/skos/core#'),
	(50,29,NULL,'2015-12-23 01:00:19',NULL,36,36,NULL,2,44,'topConceptOf','top concept of','Relates a concept to the concept scheme that it is a top level concept of.',NULL,'property','skos:topConceptOf',1,'en',NULL,NULL,610,610,NULL,0,0,0,0,1,49,0,0,1,0,0,0,1,0,'http://www.w3.org/2004/02/skos/core#'),
	(51,30,NULL,'2015-12-23 01:00:19',NULL,36,36,NULL,2,NULL,'notation','notation',NULL,NULL,'property','skos:notation',1,'en',NULL,NULL,140,140,NULL,0,0,0,1,1,NULL,0,0,1,0,0,1,0,0,'http://www.w3.org/2004/02/skos/core#'),
	(52,31,NULL,'2015-12-23 01:00:19',NULL,36,36,NULL,2,NULL,'ConceptScheme','Concept Scheme','A set of concepts, optionally including statements about semantic relationships between those concepts.','A concept scheme may be defined to include concepts from different sources.','class','skos:ConceptScheme',1,'en',NULL,NULL,710,NULL,NULL,0,0,0,0,0,NULL,0,0,1,0,0,0,1,0,'http://www.w3.org/2004/02/skos/core#'),
	(53,32,NULL,'2015-12-23 01:00:19',NULL,36,36,NULL,2,58,'broadMatch','has broader match','skos:broadMatch is used to state a hierarchical mapping link between two conceptual resources in different concept schemes.',NULL,'property','skos:broadMatch',1,'en',NULL,NULL,500,500,NULL,0,0,0,1,1,54,0,0,1,0,0,0,1,0,'http://www.w3.org/2004/02/skos/core#'),
	(54,33,NULL,'2015-12-23 01:00:19',NULL,36,36,NULL,2,58,'narrowMatch','has narrower match','skos:narrowMatch is used to state a hierarchical mapping link between two conceptual resources in different concept schemes.',NULL,'property','skos:narrowMatch',1,'en',NULL,NULL,510,510,NULL,0,0,0,1,1,53,0,0,1,0,0,0,1,0,'http://www.w3.org/2004/02/skos/core#'),
	(55,34,NULL,'2015-12-23 01:00:19',NULL,36,36,NULL,2,58,'relatedMatch','has related match','skos:relatedMatch is used to state an associative mapping link between two conceptual resources in different concept schemes.',NULL,'property','skos:relatedMatch',1,'en',NULL,NULL,520,520,NULL,0,1,0,1,1,55,0,0,1,0,0,0,1,0,'http://www.w3.org/2004/02/skos/core#'),
	(56,35,NULL,'2015-12-23 01:00:19',NULL,36,36,NULL,2,58,'exactMatch','has exact match','skos:exactMatch is used to link two concepts, indicating a high degree of confidence that the concepts can be used interchangeably across a wide range of information retrieval applications. skos:exactMatch is a transitive property, and is a sub-property of skos:closeMatch.','skos:exactMatch is disjoint with each of the properties skos:broadMatch and skos:relatedMatch.','property','skos:exactMatch',1,'en',NULL,NULL,540,540,NULL,0,1,0,1,1,56,0,0,1,0,0,0,1,0,'http://www.w3.org/2004/02/skos/core#'),
	(57,36,NULL,'2015-12-23 01:00:19',NULL,36,36,NULL,2,58,'closeMatch','has close match','skos:closeMatch is used to link two concepts that are sufficiently similar that they can be used interchangeably in some information retrieval applications. In order to avoid the possibility of "compound errors" when combining mappings across more than two concept schemes, skos:closeMatch is not declared to be a transitive property.',NULL,'property','skos:closeMatch',1,'en',NULL,NULL,530,530,NULL,0,1,0,1,1,57,0,0,1,0,0,0,1,0,'http://www.w3.org/2004/02/skos/core#'),
	(58,37,NULL,'2015-12-23 01:00:19',NULL,36,36,NULL,2,NULL,'mappingRelation','is in mapping relation with','Relates two concepts coming, by convention, from different schemes, and that have comparable meanings','These concept mapping relations mirror semantic relations, and the data model defined below is similar (with the exception of skos:exactMatch) to the data model defined for semantic relations. A distinct vocabulary is provided for concept mapping relations, to provide a convenient way to differentiate links within a concept scheme from links between concept schemes. However, this pattern of usage is not a formal requirement of the SKOS data model, and relies on informal definitions of best practice.','property','skos:mappingRelation',1,'en',NULL,NULL,490,490,NULL,0,0,0,1,1,NULL,0,0,1,0,0,0,1,0,'http://www.w3.org/2004/02/skos/core#'),
	(59,40,'2009-03-07 12:01:38','2015-12-23 01:00:19',NULL,36,36,NULL,2,NULL,'statusId','status',NULL,NULL,'property','reg:status',1,'en',NULL,27,2,27,NULL,1,0,1,0,1,NULL,0,0,0,1,1,0,1,1,'http://metadataregistry.org/uri/profile/regap/'),
	(60,42,'2014-04-17 23:04:00','2015-12-23 01:00:19',NULL,36,36,NULL,2,NULL,'ToolkitDefinition','ToolkitDefinition','Definition for use in RDA Toolkit','','property','rdakit:toolkitDefinition',1,'en','',29,207,29,'',0,0,1,0,1,NULL,0,0,1,0,0,1,0,0,'http://metadataregistry.org/uri/profile/rdakit/'),
	(61,43,'2014-04-17 23:04:00','2015-12-23 01:00:19',NULL,36,36,NULL,2,NULL,'ToolkitLabel','ToolkitLabel','Label for use in RDA Toolkit','','property','rdakit:toolkitLabel',1,'en','',28,150,28,'',0,0,1,0,1,NULL,0,0,1,0,0,1,0,0,'http://metadataregistry.org/uri/profile/rdakit/'),
	(62,41,'2009-03-07 12:01:38','2015-12-23 01:00:19',NULL,36,36,NULL,2,NULL,'uri','uri',NULL,NULL,'property','reg:uri',1,'en',NULL,0,1,13,NULL,1,0,1,0,1,NULL,0,0,0,1,1,0,1,1,'http://metadataregistry.org/uri/profile/regap/'),
	(63,2,NULL,'2015-12-23 01:00:19',NULL,36,36,NULL,2,26,'altSymbol','alternative symbolic label','An alternative symbolic label for a resource.',NULL,'property','skos:altSymbol',1,'en',NULL,2,820,820,'http://www.w3.org/2004/02/skos/core/examples/altSymbol.rdf.xml',0,0,0,1,1,NULL,0,0,1,0,0,0,1,0,'http://www.w3.org/2004/02/skos/core#'),
	(64,12,NULL,'2015-12-23 01:00:19',NULL,36,36,NULL,2,NULL,'isSubjectOf','is subject of','A resource for which the concept is a subject.',NULL,'property','skos:isSubjectOf',1,'en',NULL,NULL,710,710,'http://www.w3.org/2004/02/skos/core/examples/isSubjectOf.rdf.xml',0,0,0,1,1,68,0,0,1,0,0,0,1,0,'http://www.w3.org/2004/02/skos/core#'),
	(65,13,NULL,'2015-12-23 01:00:19',NULL,36,36,NULL,2,12,'isPrimarySubjectOf','is primary subject of','A resource for which the concept is the primary subject.',NULL,'property','skos:isPrimarySubjectOf',1,'en',NULL,NULL,720,720,NULL,0,0,0,1,1,67,0,0,1,0,0,0,1,0,'http://www.w3.org/2004/02/skos/core#'),
	(66,18,NULL,'2015-12-23 01:00:19',NULL,36,36,NULL,2,26,'prefSymbol','preferred symbolic label','The preferred symbolic label for a resource.','No two concepts in the same concept scheme may have the same value for skos:prefSymbol.','property','skos:prefSymbol',1,'en',NULL,NULL,810,810,'http://www.w3.org/2004/02/skos/core/examples/prefSymbol.rdf.xml',0,0,0,1,1,NULL,0,0,1,0,0,0,1,0,'http://www.w3.org/2004/02/skos/core#'),
	(67,20,NULL,'2015-12-23 01:00:19',NULL,36,36,NULL,2,24,'primarySubject','has primary subject','A concept that is the primary subject of the resource.','A resource may have only one primary subject per concept scheme.','property','skos:primarySubject',1,'en',NULL,NULL,730,730,'http://www.w3.org/2004/02/skos/core/examples/primarySubject.rdf.xml',0,0,0,1,1,NULL,0,0,1,0,0,0,1,0,'http://www.w3.org/2004/02/skos/core#'),
	(68,24,NULL,'2015-12-23 01:00:19',NULL,36,36,NULL,2,NULL,'subject','has subject','A concept that is a subject of the resource.','The following rule may be applied for this property: [(?d skos:subject ?x)(?x skos:broader ?y) implies (?d skos:subject ?y)]','property','skos:subject',1,'en',NULL,NULL,700,700,'http://www.w3.org/2004/02/skos/core/examples/subject.rdf.xml',0,0,0,1,1,64,0,0,1,0,0,0,1,0,'http://www.w3.org/2004/02/skos/core#'),
	(69,25,NULL,'2015-12-23 01:00:19',NULL,36,36,NULL,2,NULL,'subjectIndicator','subject indicator','A subject indicator for a concept. [The notion of \'subject indicator\' is defined here with reference to the latest definition endorsed by the OASIS Published Subjects Technical Committee.]','This property allows subject indicators to be used for concept identification in place of or in addition to directly assigned URIs.','property','skos:subjectIndicator',1,'en',NULL,NULL,740,740,'http://www.w3.org/2004/02/skos/core/examples/subjectIndicator.rdf.xml',0,0,0,1,1,NULL,0,0,1,0,0,0,1,0,'http://www.w3.org/2004/02/skos/core#'),
	(70,26,NULL,'2015-12-23 01:00:19',NULL,36,36,NULL,2,NULL,'symbol','symbolic label','An image that is a symbolic label for the resource.','This property is roughly analagous to rdfs:label, but for labelling resources with images that have retrievable representations, rather than RDF literals.','property','skos:symbol',1,'en',NULL,NULL,800,800,'http://www.w3.org/2004/02/skos/core/examples/symbol.rdf.xml',0,0,0,1,1,NULL,0,0,1,0,0,0,1,0,'http://www.w3.org/2004/02/skos/core#'),
	(71,0,'2016-08-17 00:00:00','2016-08-17 04:00:00',NULL,36,36,NULL,1,NULL,'SeeAlso','See Also','\'See Also\' for use in RDA Toolkit','','property','rdakit:seeAlso',1,'en','',160,150,160,'',0,0,0,1,1,NULL,0,0,1,0,0,0,1,0,'http://metadataregistry.org/uri/profile/rdakit/'),
	(72,0,'2016-09-17 14:02:03','2016-09-17 18:02:03',NULL,36,36,NULL,1,NULL,'isObjectProperty','objectProperty','','','property','owl:objectProperty',1,'en','',40,50,40,'',0,0,1,1,1,NULL,0,1,1,1,0,0,1,0,'http://www.w3.org/2002/07/owl#'),
	(73,0,'2016-09-17 14:04:33','2016-09-17 18:04:33',NULL,36,36,NULL,1,NULL,'isDatatypeProperty','datatypeProperty','','','property','owl:DatatypeProperty',1,'en','',20,30,20,'',0,0,1,1,1,NULL,0,1,1,1,0,0,1,0,'http://www.w3.org/2002/07/owl#');


INSERT INTO `reg_agent_has_user` (`id`, `created_at`, `updated_at`, `deleted_at`, `user_id`, `agent_id`, `is_registrar_for`, `is_admin_for`) VALUES 
	(4,'2006-06-05 15:58:02','2006-03-25 01:29:24',NULL,36,58,1,1),
	(5,'2006-06-05 15:58:02','2006-04-21 00:23:19',NULL,39,58,0,1),
	(10,'2017-05-13 15:30:28','2017-05-13 15:30:28',NULL,3,76,1,1),
	(26,'2008-07-23 10:44:24','2008-07-23 13:44:24',NULL,36,67,0,1);






INSERT INTO `reg_concept` (`id`, `created_at`, `updated_at`, `deleted_at`, `last_updated`, `created_user_id`, `updated_user_id`, `uri`, `pref_label`, `vocabulary_id`, `is_top_concept`, `pref_label_id`, `status_id`, `language`) VALUES 
	(412,'2008-05-07 14:48:13','2008-05-07 17:48:13',NULL,NULL,73,73,'http://metadataregistry.org/uri/RegStatus/1001','Published',31,0,1218,1,'en'),
	(414,'2008-05-07 14:49:43','2008-05-07 17:49:45',NULL,NULL,73,73,'http://metadataregistry.org/uri/RegStatus/1003','Change-Proposed',31,0,1220,1,'en'),
	(415,'2008-05-07 14:50:06','2008-05-07 17:50:06',NULL,NULL,73,73,'http://metadataregistry.org/uri/RegStatus/1004','Deprecate-Proposed',31,0,1221,1,'en'),
	(416,'2008-05-07 14:50:41','2008-05-07 17:50:41',NULL,NULL,73,73,'http://metadataregistry.org/uri/RegStatus/1005','New-Under Review',31,0,1222,1,'en'),
	(417,'2008-05-07 14:51:04','2008-05-07 17:51:06',NULL,NULL,73,73,'http://metadataregistry.org/uri/RegStatus/1006','Change-Under Review',31,0,1223,1,'en'),
	(418,'2008-05-07 14:51:51','2008-05-07 17:51:51',NULL,NULL,73,73,'http://metadataregistry.org/uri/RegStatus/1007','Deprecate-Under Review',31,0,1224,1,'en'),
	(419,'2008-05-07 14:52:07','2008-05-07 17:52:07',NULL,NULL,73,73,'http://metadataregistry.org/uri/RegStatus/1008','Deprecated',31,0,1225,1,'en'),
	(420,'2008-05-07 14:52:24','2008-05-07 17:52:24',NULL,NULL,73,73,'http://metadataregistry.org/uri/RegStatus/1009','Not Approved',31,0,1226,1,'en'),
	(475,'2008-05-25 06:36:40','2016-12-16 08:57:49',NULL,NULL,36,36,'http://rdaregistry.info/termList/RDAMediaType/1001','audio',37,0,1281,1,'en'),
	(476,'2008-05-25 06:37:34','2016-12-16 08:57:49',NULL,NULL,36,36,'http://rdaregistry.info/termList/RDAMediaType/1002','microform',37,0,1282,1,'en'),
	(477,'2008-05-25 06:37:51','2016-12-16 08:57:49',NULL,NULL,36,36,'http://rdaregistry.info/termList/RDAMediaType/1003','computer',37,0,1283,1,'en'),
	(478,'2008-05-25 06:38:08','2016-12-16 08:57:49',NULL,NULL,36,36,'http://rdaregistry.info/termList/RDAMediaType/1004','microscopic',37,0,1284,1,'en'),
	(479,'2008-05-25 06:38:24','2016-12-16 08:57:49',NULL,NULL,36,36,'http://rdaregistry.info/termList/RDAMediaType/1005','projected',37,0,1285,1,'en'),
	(480,'2008-05-25 06:38:38','2016-12-16 08:57:50',NULL,NULL,36,36,'http://rdaregistry.info/termList/RDAMediaType/1006','stereographic',37,0,1286,1,'en'),
	(481,'2008-05-25 06:38:58','2016-12-16 08:57:50',NULL,NULL,36,36,'http://rdaregistry.info/termList/RDAMediaType/1007','unmediated',37,0,1287,1,'en'),
	(482,'2008-05-25 06:39:06','2016-12-16 08:57:50',NULL,NULL,36,36,'http://rdaregistry.info/termList/RDAMediaType/1008','video',37,0,1288,1,'en'),
	(727,'2009-03-31 11:58:04','2017-09-29 08:43:27',NULL,NULL,73,422,'http://rdaregistry.info/termList/AspectRatio/1001','full screen',58,0,2111,1,'en'),
	(728,'2009-03-31 11:58:14','2017-09-29 08:43:28',NULL,NULL,73,422,'http://rdaregistry.info/termList/AspectRatio/1002','wide screen',58,0,2112,1,'en'),
	(729,'2009-03-31 11:58:28','2017-09-29 08:43:28',NULL,NULL,73,422,'http://rdaregistry.info/termList/AspectRatio/1003','mixed aspect ratio',58,0,2113,1,'en'),
	(8028,'2016-05-18 18:31:08','2016-05-18 18:31:08',NULL,NULL,36,36,'http://metadataregistry.org/uri/RegStatus/1002','New-Proposed',31,0,31890,1,'en');


INSERT INTO `reg_concept_property` (`id`, `created_at`, `updated_at`, `deleted_at`, `last_updated`, `created_user_id`, `updated_user_id`, `concept_id`, `primary_pref_label`, `skos_property_id`, `object`, `scheme_id`, `related_concept_id`, `language`, `status_id`, `is_concept_property`, `is_generated`, `profile_property_id`) VALUES 
	(1218,'2008-05-07 14:48:13','2008-05-07 17:48:13',NULL,NULL,73,73,412,1,19,'Published',NULL,NULL,'en',1,0,0,NULL),
	(1220,'2008-05-07 14:49:44','2008-05-07 17:49:43',NULL,NULL,73,73,414,1,19,'Change-Proposed',NULL,NULL,'en',1,0,0,NULL),
	(1221,'2008-05-07 14:50:06','2008-05-07 17:50:06',NULL,NULL,73,73,415,1,19,'Deprecate-Proposed',NULL,NULL,'en',1,0,0,NULL),
	(1222,'2008-05-07 14:50:41','2008-05-07 17:50:41',NULL,NULL,73,73,416,1,19,'New-Under Review',NULL,NULL,'en',1,0,0,NULL),
	(1223,'2008-05-07 14:51:05','2008-05-07 17:51:04',NULL,NULL,73,73,417,1,19,'Change-Under Review',NULL,NULL,'en',1,0,0,NULL),
	(1224,'2008-05-07 14:51:51','2008-05-07 17:51:51',NULL,NULL,73,73,418,1,19,'Deprecate-Under Review',NULL,NULL,'en',1,0,0,NULL),
	(1225,'2008-05-07 14:52:07','2008-05-07 17:52:07',NULL,NULL,73,73,419,1,19,'Deprecated',NULL,NULL,'en',1,0,0,NULL),
	(1226,'2008-05-07 14:52:24','2008-05-07 17:52:24',NULL,NULL,73,73,420,1,19,'Not Approved',NULL,NULL,'en',1,0,0,NULL),
	(1281,'2008-05-25 06:36:41','2012-01-09 10:44:06',NULL,NULL,73,224,475,1,19,'audio',NULL,NULL,'en',1,0,0,45),
	(1282,'2008-05-25 06:37:34','2012-01-09 10:47:25',NULL,NULL,73,224,476,1,19,'microform',NULL,NULL,'en',1,0,0,45),
	(1283,'2008-05-25 06:37:51','2012-01-09 10:45:38',NULL,NULL,73,224,477,1,19,'computer',NULL,NULL,'en',1,0,0,45),
	(1284,'2008-05-25 06:38:08','2012-01-09 10:48:04',NULL,NULL,73,224,478,1,19,'microscopic',NULL,NULL,'en',1,0,0,45),
	(1285,'2008-05-25 06:38:24','2012-01-09 10:49:28',NULL,NULL,73,224,479,1,19,'projected',NULL,NULL,'en',1,0,0,45),
	(1286,'2008-05-25 06:38:38','2012-01-09 10:50:21',NULL,NULL,73,224,480,1,19,'stereographic',NULL,NULL,'en',1,0,0,45),
	(1287,'2008-05-25 06:38:58','2012-01-09 10:51:30',NULL,NULL,73,224,481,1,19,'unmediated',NULL,NULL,'en',1,0,0,45),
	(1288,'2008-05-25 06:39:06','2012-01-09 10:52:15',NULL,NULL,73,224,482,1,19,'video',NULL,NULL,'en',1,0,0,45),
	(1289,'2008-05-25 06:39:57','2016-07-11 19:31:22',NULL,NULL,NULL,422,475,NULL,5,'A media type used to store recorded sound, designed for use with a playback device such as a turntable, audiocassette player, CD player, or MP3 player.',37,NULL,'en',1,0,0,37),
	(1290,'2008-05-25 06:40:56','2016-07-11 19:31:22',NULL,NULL,NULL,422,477,NULL,5,'A media type used to store electronic files, designed for use with a computer.',37,NULL,'en',1,0,0,37),
	(1291,'2008-05-25 06:41:49','2016-07-11 19:31:22',NULL,NULL,NULL,422,476,NULL,5,'A media type used to store reduced-size images not readable to the human eye, designed for use with a device such as a microfilm or microfiche reader.',37,NULL,'en',1,0,0,37),
	(1292,'2008-05-25 06:42:26','2016-07-11 19:31:23',NULL,NULL,NULL,422,478,NULL,5,'A media type used to store minute objects, designed for use with a device such as a microscope to reveal details invisible to the naked eye.',37,NULL,'en',1,0,0,37),
	(1293,'2008-05-25 06:43:09','2016-07-11 19:31:23',NULL,NULL,NULL,422,479,NULL,5,'A media type used to store moving or still images, designed for use with a projection device such as a motion picture film projector, slide projector, or overhead projector.',37,NULL,'en',1,0,0,37),
	(1294,'2008-05-25 06:44:57','2016-07-11 19:31:23',NULL,NULL,NULL,422,480,NULL,5,'A media type used to store pairs of still images, designed for use with a device such as a stereoscope or stereograph viewer to give the effect of three dimensions.',37,NULL,'en',1,0,0,37),
	(1295,'2008-05-25 06:45:50','2016-07-11 19:31:23',NULL,NULL,NULL,422,481,NULL,5,'A media type used to store content designed to be perceived directly through one or more of the human senses without the aid of an intermediating device.',37,NULL,'en',1,0,0,37),
	(1296,'2008-05-25 06:46:33','2016-07-11 19:31:23',NULL,NULL,NULL,422,482,NULL,5,'A media type used to store moving or still images, designed for use with a playback device such as a videocassette player or DVD player.',37,NULL,'en',1,0,0,37),
	(1421,'2008-12-31 10:29:57','2016-07-11 19:31:22',NULL,NULL,NULL,422,475,NULL,22,'Media used to store digitally encoded as well as analog sound are included.',37,NULL,'en',1,0,0,47),
	(1422,'2008-12-31 10:31:08','2016-07-11 19:31:22',NULL,NULL,NULL,422,477,NULL,22,'Media that are accessed remotely through file servers as well as direct-access media such as computer tapes and discs are included.',37,NULL,'en',1,0,0,47),
	(1423,'2008-12-31 10:32:52','2016-07-11 19:31:22',NULL,NULL,NULL,422,476,NULL,22,'Both transparent and opaque micrographic media are included.',37,NULL,'en',1,0,0,47),
	(1424,'2008-12-31 10:33:57','2016-07-11 19:31:23',NULL,NULL,NULL,422,479,NULL,22,'Media designed to project both two-dimensional and three-dimensional images are included.',37,NULL,'en',1,0,0,47),
	(1425,'2008-12-31 10:36:14','2016-07-11 19:31:23',NULL,NULL,NULL,422,481,NULL,22,'Media containing visual and/or tactile content produced using processes such as printing, engraving, lithography, etc., embossing, texturing, etc., or by means of handwriting, drawing, painting, etc., are included. Media used to convey three-dimensional forms such as sculptures, models, etc., are also included.',37,NULL,'en',1,0,0,47),
	(1426,'2008-12-31 10:36:28','2015-02-20 15:36:26',NULL,NULL,NULL,422,481,NULL,22,'Also includes media used to convey three-dimensional forms such as sculptures, models, etc.',37,NULL,'en',8,0,0,47),
	(1427,'2008-12-31 10:37:19','2016-07-11 19:31:23',NULL,NULL,NULL,422,482,NULL,22,'Media used to store digitally encoded as well as analog images are included.',37,NULL,'en',1,0,0,47),
	(2111,'2009-03-31 11:58:04','2009-03-31 11:58:04',NULL,NULL,73,422,727,1,19,'full screen',NULL,NULL,'en',1,0,0,NULL),
	(2112,'2009-03-31 11:58:14','2009-03-31 11:58:14',NULL,NULL,73,224,728,1,19,'wide screen',NULL,NULL,'en',1,0,0,NULL),
	(2113,'2009-03-31 11:58:28','2009-03-31 11:58:28',NULL,NULL,422,422,729,1,19,'mixed aspect ratio',NULL,NULL,'en',1,0,0,NULL),
	(2114,'2009-03-31 11:59:31','2009-03-31 11:59:31','2011-07-20 11:42:55',NULL,NULL,422,727,NULL,22,'Use for standard format, i.e., 1.33:1 or 4:3.',58,NULL,'en',2,0,0,NULL),
	(2115,'2009-03-31 12:00:27','2009-03-31 12:00:27','2011-07-20 11:44:34',NULL,NULL,224,728,NULL,22,'Use for any ratio greater than 1.33:1.',58,NULL,'en',2,0,0,NULL),
	(2116,'2009-03-31 12:01:30','2009-03-31 12:01:30','2011-07-20 11:46:45',NULL,NULL,422,729,NULL,22,'Use for resources that include multiple aspect ratios within the same work.',58,NULL,'en',2,0,0,NULL),
	(6661,'2011-07-20 11:43:38','2011-07-20 11:43:38',NULL,NULL,NULL,422,727,NULL,5,'An aspect ratio designation for a moving image resource of less than 1.5:1.',58,NULL,'en',1,0,0,NULL),
	(6662,'2011-07-20 11:45:10','2011-07-20 11:45:10',NULL,NULL,NULL,422,728,NULL,5,'An aspect ratio designation for a moving image resource of 1.5:1 or greater.',58,NULL,'en',1,0,0,NULL),
	(6663,'2011-07-20 11:46:55','2011-07-20 11:46:55',NULL,NULL,NULL,422,729,NULL,5,'An aspect ratio designation for a moving image resource that includes multiple aspect ratios within the same resource.',58,NULL,'en',1,0,0,NULL),
	(13717,'2012-11-15 17:04:22','2012-11-15 12:04:22',NULL,NULL,NULL,73,414,NULL,5,'The status for published classes, properties and concepts that have been determined to need maintenance, and are expected to follow a review path to republication.',31,NULL,'en',1,0,0,NULL),
	(13718,'2012-11-15 17:05:46','2012-11-15 12:05:46',NULL,NULL,NULL,73,417,NULL,5,'The status for published classes, properties and concepts that have been determined to need maintenance, and have progressed to an active review stage.',31,NULL,'en',1,0,0,NULL),
	(13719,'2012-11-15 17:07:39','2012-11-15 12:07:39',NULL,NULL,NULL,73,415,NULL,5,'The status for published classes, properties and concepts that may no longer be useful, and are expected to follow a path to deprecation.',31,NULL,'en',1,0,0,NULL),
	(13720,'2012-11-15 17:08:21','2012-11-15 12:08:21',NULL,NULL,NULL,73,418,NULL,5,'The status for published classes, properties and concepts that have been determined to be no longer useful, and have progressed to an active review stage.',31,NULL,'en',1,0,0,NULL),
	(13721,'2012-11-15 17:09:16','2012-11-15 12:09:16',NULL,NULL,NULL,73,419,NULL,5,'The status for published classes, properties and concepts that have been been determined to be no longer useful, and are maintained within the vocabulary for reference and historical purposes. These classes, properties and concepts may still exist in data, but should not continue to be added to new metadata.',31,NULL,'en',1,0,0,NULL),
	(13723,'2012-11-15 17:10:41','2012-11-15 12:10:41',NULL,NULL,NULL,73,416,NULL,5,'The status for new classes, properties and concepts that have progressed to an active review stage.',31,NULL,'en',1,0,0,NULL),
	(13724,'2012-11-15 17:11:22','2012-11-15 12:11:22',NULL,NULL,NULL,73,420,NULL,5,'The status for proposed classes, properties and concepts that have been reviewed but not approved.',31,NULL,'en',1,0,0,NULL),
	(13725,'2012-11-15 17:12:20','2012-11-15 12:12:20',NULL,NULL,NULL,73,412,NULL,5,'The status for classes, properties and concepts that are determined to be in a final state. This status does not imply that there has been a review process.',31,NULL,'en',1,0,0,NULL),
	(21436,'2015-02-20 15:05:04','2015-02-20 15:05:04',NULL,NULL,NULL,422,475,NULL,19,'audio',37,NULL,'fr',1,0,0,45),
	(21437,'2015-02-20 15:05:31','2015-02-20 15:05:31',NULL,NULL,NULL,422,475,NULL,5,'Mdia servant  emmagasiner du son enregistr et conu pour une utilisation au moyen dun dispositif de lecture tel quune platine, un lecteur de cassette audio, un lecteur de CD ou un lecteur MP3.',37,NULL,'fr',1,0,0,37),
	(21438,'2015-02-20 15:06:12','2015-02-20 15:06:12',NULL,NULL,NULL,422,475,NULL,22,'Comprend tout mdia servant  emmagasiner du son encod numriquement aussi bien que du son analogique.',37,NULL,'fr',1,0,0,47),
	(21439,'2015-02-20 15:10:14','2015-02-20 15:10:14',NULL,NULL,NULL,422,482,NULL,19,'vido',37,NULL,'fr',1,0,0,45),
	(21440,'2015-02-20 15:10:56','2015-02-20 15:10:56',NULL,NULL,NULL,422,482,NULL,5,'Mdia servant  emmagasiner des images animes ou fixes et conu pour une utilisation au moyen dun dispositif de lecture tel quun lecteur de cassette vido ou de DVD.',37,NULL,'fr',1,0,0,37),
	(21441,'2015-02-20 15:11:26','2015-02-20 15:11:26',NULL,NULL,NULL,422,482,NULL,22,'Comprend tout mdia servant  emmagasiner des images encodes numriquement aussi bien que des images analogiques.',37,NULL,'fr',1,0,0,47),
	(21442,'2015-02-20 15:19:24','2015-02-20 15:19:24',NULL,NULL,NULL,422,477,NULL,19,'informatique',37,NULL,'fr',1,0,0,45),
	(21443,'2015-02-20 15:19:57','2015-02-20 15:19:57',NULL,NULL,NULL,422,477,NULL,5,'Mdia servant  emmagasiner des fichiers lectroniques et conu pour une utilisation au moyen dun ordinateur.',37,NULL,'fr',1,0,0,37),
	(21444,'2015-02-20 15:20:27','2015-02-20 15:20:27',NULL,NULL,NULL,422,477,NULL,22,'Comprend tout mdia accessible  distance par serveur aussi bien que tout mdia en accs direct tel que des bandes et des disques informatiques.',37,NULL,'fr',1,0,0,47),
	(21445,'2015-02-20 15:21:07','2015-02-20 15:21:07',NULL,NULL,NULL,422,476,NULL,19,'microforme',37,NULL,'fr',1,0,0,45),
	(21446,'2015-02-20 15:21:37','2015-02-20 15:21:37',NULL,NULL,NULL,422,476,NULL,5,'Mdia servant  emmagasiner des images de taille rduite non lisibles  lil nu, et conu pour une utilisation au moyen dun dispositif tel que : lecteur de microfilm ou de microfiche.',37,NULL,'fr',1,0,0,37),
	(21447,'2015-02-20 15:22:06','2015-02-20 15:22:06',NULL,NULL,NULL,422,476,NULL,22,'Comprend les deux mdias microphotographiques, transparent et opaque.',37,NULL,'fr',1,0,0,47),
	(21448,'2015-02-20 15:25:35','2015-02-20 15:25:35',NULL,NULL,NULL,422,478,NULL,19,'microscopique',37,NULL,'fr',1,0,0,45),
	(21449,'2015-02-20 15:26:10','2015-02-20 15:26:10',NULL,NULL,NULL,422,478,NULL,5,'Mdia servant  emmagasiner des objets minuscules et conu pour une utilisation au moyen dun dispositif tel quun microscope, pour faire apparatre des dtails invisibles  lil nu.',37,NULL,'fr',1,0,0,37),
	(21450,'2015-02-20 15:28:01','2015-02-20 15:28:01',NULL,NULL,NULL,422,479,NULL,19,'projet',37,NULL,'fr',1,0,0,45),
	(21451,'2015-02-20 15:28:26','2015-02-20 15:28:26',NULL,NULL,NULL,422,479,NULL,5,'Mdia servant  emmagasiner des images, animes ou fixes, et conu pour une utilisation au moyen dun dispositif de projection tel que : projecteur de film cinmatographique, projecteur de diapositives ou rtroprojecteur.',37,NULL,'fr',1,0,0,37),
	(21452,'2015-02-20 15:28:43','2015-02-20 15:28:43',NULL,NULL,NULL,422,479,NULL,22,'Comprend tout mdia conu pour projeter des images bidimensionnelles et tridimensionnelles.',37,NULL,'fr',1,0,0,47),
	(21453,'2015-02-20 15:32:32','2015-02-20 15:32:32',NULL,NULL,NULL,422,480,NULL,19,'stroscopique',37,NULL,'fr',1,0,0,45),
	(21454,'2015-02-20 15:32:56','2015-02-20 15:32:56',NULL,NULL,NULL,422,480,NULL,5,'Mdia servant  emmagasiner des paires dimages fixes et conu pour une utilisation au moyen dun dispositif tel quun stroscope ou une visionneuse stroscopique pour donner limpression des trois dimensions.',37,NULL,'fr',1,0,0,37),
	(21455,'2015-02-20 15:34:19','2015-02-20 15:34:19',NULL,NULL,NULL,422,481,NULL,19,'sans mdiation',37,NULL,'fr',1,0,0,45),
	(21456,'2015-02-20 15:34:53','2015-02-20 15:34:53',NULL,NULL,NULL,422,481,NULL,5,'Mdia servant  emmagasiner un contenu conu pour tre peru directement par un ou plusieurs sens humains sans laide dun dispositif de mdiation.',37,NULL,'fr',1,0,0,37),
	(21457,'2015-02-20 15:35:55','2015-02-20 15:35:55',NULL,NULL,NULL,422,481,NULL,22,'Comprend tout mdia  contenu visuel et/ou tactile produit selon des procds tels que : impression, gravure, lithographie, etc. ; embossage, texturation, etc. ; ou bien encore au moyen de lcriture  la main, du dessin, de la peinture, etc. Comprend galement tout mdia servant  communiquer des formes tridimensionnelles telles que : sculptures, maquettes, etc.',37,NULL,'fr',1,0,0,47),
	(21625,'2015-02-21 15:35:46','2015-02-21 15:35:46',NULL,NULL,NULL,422,728,NULL,19,'Breitbild',58,NULL,'de',1,0,0,NULL),
	(21626,'2015-02-21 15:36:10','2015-02-21 15:36:10',NULL,NULL,NULL,422,727,NULL,19,'Vollbild',58,NULL,'de',1,0,0,NULL),
	(21627,'2015-02-21 15:36:34','2015-02-21 15:36:34',NULL,NULL,NULL,422,729,NULL,19,'gemischt',58,NULL,'de',1,0,0,NULL),
	(21628,'2015-02-21 15:37:12','2015-02-21 15:37:12',NULL,NULL,NULL,422,727,NULL,19,'plein cran',58,NULL,'fr',1,0,0,NULL),
	(21629,'2015-02-21 15:37:33','2017-09-29 08:43:28',NULL,NULL,NULL,422,729,NULL,19,'format dimage mixte',58,NULL,'fr',1,0,0,NULL),
	(21630,'2015-02-21 15:37:58','2015-02-21 15:37:58',NULL,NULL,NULL,422,728,NULL,19,'cran large',58,NULL,'fr',1,0,0,NULL),
	(21631,'2015-02-21 15:39:23','2015-02-21 15:39:23',NULL,NULL,NULL,422,727,NULL,5,'Ein Bildformat einer Bewegtbildressource von weniger als 1,5:1.',58,NULL,'de',1,0,0,NULL),
	(21632,'2015-02-21 15:39:59','2015-02-21 15:39:59',NULL,NULL,NULL,422,729,NULL,5,'Ein Bildformat einer Bewegtbildressource, die mehrere Bildformate innerhalb derselben Ressource enthlt.',58,NULL,'de',1,0,0,NULL),
	(21633,'2015-02-21 15:40:42','2015-02-21 15:40:42',NULL,NULL,NULL,422,728,NULL,5,'Ein Bildformat einer Bewegtbildressource von 1,5:1 oder hher.',58,NULL,'de',1,0,0,NULL),
	(21634,'2015-02-21 15:41:47','2015-02-21 15:41:47',NULL,NULL,NULL,422,729,NULL,5,'Dsignation de format dimage pour une ressource dimages animes comprenant divers formats dimage  lintrieur de la mme ressource.',58,NULL,'fr',1,0,0,NULL),
	(21635,'2015-02-21 15:42:26','2015-02-21 15:42:26',NULL,NULL,NULL,422,727,NULL,5,'Dsignation de format dimage pour une ressource dimages animes dont le format dimage est infrieur  1,5:1.',58,NULL,'fr',1,0,0,NULL),
	(22375,'2015-03-13 10:54:26','2015-03-13 10:54:26',NULL,NULL,NULL,422,727,NULL,19,'pantalla completa',58,NULL,'es',1,0,0,NULL),
	(22376,'2015-03-13 10:55:12','2015-03-13 11:04:26',NULL,NULL,NULL,422,728,NULL,19,'pantalla ancha',58,NULL,'es',1,0,0,NULL),
	(22377,'2015-03-13 10:55:37','2015-03-13 10:55:37',NULL,NULL,NULL,422,729,NULL,19,'mixta',58,NULL,'es',1,0,0,NULL),
	(22378,'2015-03-13 10:57:56','2015-03-13 10:57:56',NULL,NULL,NULL,422,727,NULL,5,'Proporcin dimensional de un recurso de imagen en movimiento menor que 1.5:1.',58,NULL,'es',1,0,0,NULL),
	(22451,'2015-03-20 17:17:55','2015-03-20 17:17:55',NULL,NULL,NULL,422,728,NULL,5,'Dsignation de format dimage dune ressource dimages animes dont le format dimage est gal ou suprieur  1,5:1.',58,NULL,'fr',1,0,0,NULL),
	(24397,'2015-10-17 14:18:11','2015-10-17 14:18:11',NULL,NULL,422,422,475,NULL,43,'audio',NULL,NULL,'en',1,0,0,61),
	(24398,'2015-10-17 14:18:11','2015-10-17 14:18:11',NULL,NULL,422,422,475,NULL,43,'audio',NULL,NULL,'fr',1,0,0,61),
	(24399,'2015-10-17 14:18:11','2015-10-17 14:18:11',NULL,NULL,422,422,476,NULL,43,'microform',NULL,NULL,'en',1,0,0,61),
	(24400,'2015-10-17 14:18:11','2015-10-17 14:18:11',NULL,NULL,422,422,476,NULL,43,'microforme',NULL,NULL,'fr',1,0,0,61),
	(24401,'2015-10-17 14:18:11','2015-10-17 14:18:11',NULL,NULL,422,422,477,NULL,43,'computer',NULL,NULL,'en',1,0,0,61),
	(24402,'2015-10-17 14:18:11','2015-10-17 14:18:11',NULL,NULL,422,422,477,NULL,43,'informatique',NULL,NULL,'fr',1,0,0,61),
	(24403,'2015-10-17 14:18:12','2015-10-17 14:18:12',NULL,NULL,422,422,478,NULL,43,'microscopic',NULL,NULL,'en',1,0,0,61),
	(24404,'2015-10-17 14:18:12','2015-10-17 14:18:12',NULL,NULL,422,422,478,NULL,43,'microscopique',NULL,NULL,'fr',1,0,0,61),
	(24405,'2015-10-17 14:18:12','2015-10-17 14:18:12',NULL,NULL,422,422,479,NULL,43,'projected',NULL,NULL,'en',1,0,0,61),
	(24406,'2015-10-17 14:18:12','2015-10-17 14:18:12',NULL,NULL,422,422,479,NULL,43,'projet',NULL,NULL,'fr',1,0,0,61),
	(24407,'2015-10-17 14:18:12','2015-10-17 14:18:12',NULL,NULL,422,422,480,NULL,43,'stereographic',NULL,NULL,'en',1,0,0,61),
	(24408,'2015-10-17 14:18:12','2015-10-17 14:18:12',NULL,NULL,422,422,480,NULL,43,'stroscopique',NULL,NULL,'fr',1,0,0,61),
	(24409,'2015-10-17 14:18:12','2015-10-17 14:18:12',NULL,NULL,422,422,481,NULL,43,'unmediated',NULL,NULL,'en',1,0,0,61),
	(24410,'2015-10-17 14:18:12','2015-10-17 14:18:12',NULL,NULL,422,422,481,NULL,43,'sans mdiation',NULL,NULL,'fr',1,0,0,61),
	(24411,'2015-10-17 14:18:12','2015-10-17 14:18:12',NULL,NULL,422,422,482,NULL,43,'video',NULL,NULL,'en',1,0,0,61),
	(24412,'2015-10-17 14:18:12','2015-10-17 14:18:12',NULL,NULL,422,422,482,NULL,43,'vido',NULL,NULL,'fr',1,0,0,61),
	(24429,'2015-10-18 11:20:09','2015-10-18 11:20:09',NULL,NULL,422,422,727,NULL,43,'full screen',NULL,NULL,'en',1,0,0,NULL),
	(24430,'2015-10-18 11:20:09','2015-10-18 11:20:09',NULL,NULL,422,422,727,NULL,43,'plein cran',NULL,NULL,'fr',1,0,0,NULL),
	(24431,'2015-10-18 11:20:09','2015-10-18 11:20:09',NULL,NULL,422,422,727,NULL,42,'An aspect ratio designation for a moving image resource of less than 1.5:1.',NULL,NULL,'en',1,0,0,NULL),
	(24432,'2015-10-18 11:20:09','2015-10-18 11:20:09',NULL,NULL,422,422,727,NULL,42,'Dsignation de format dimage pour une ressource dimages animes dont le format dimage est infrieur  1,5:1.',NULL,NULL,'fr',1,0,0,NULL),
	(24433,'2015-10-18 11:20:10','2015-10-18 11:20:10',NULL,NULL,422,422,728,NULL,43,'wide screen',NULL,NULL,'en',1,0,0,NULL),
	(24434,'2015-10-18 11:20:10','2015-10-18 11:20:10',NULL,NULL,422,422,728,NULL,43,'cran large',NULL,NULL,'fr',1,0,0,NULL),
	(24435,'2015-10-18 11:20:10','2015-10-18 11:20:10',NULL,NULL,422,422,728,NULL,42,'An aspect ratio designation for a moving image resource of 1.5:1 or greater.',NULL,NULL,'en',1,0,0,NULL),
	(24436,'2015-10-18 11:20:10','2015-10-18 11:20:10',NULL,NULL,422,422,728,NULL,42,'Dsignation de format dimage dune ressource dimages animes dont le format dimage est gal ou suprieur  1,5:1.',NULL,NULL,'fr',1,0,0,NULL),
	(24437,'2015-10-18 11:20:10','2015-10-18 11:20:10',NULL,NULL,422,422,729,NULL,43,'mixed aspect ratio',NULL,NULL,'en',1,0,0,NULL),
	(24438,'2015-10-18 11:20:10','2017-09-29 08:43:28',NULL,NULL,422,422,729,NULL,43,'format dimage mixte',NULL,NULL,'fr',1,0,0,NULL),
	(24439,'2015-10-18 11:20:10','2015-10-18 11:20:10',NULL,NULL,422,422,729,NULL,42,'An aspect ratio designation for a moving image resource that includes multiple aspect ratios within the same resource.',NULL,NULL,'en',1,0,0,NULL),
	(24440,'2015-10-18 11:20:10','2015-10-18 11:20:10',NULL,NULL,422,422,729,NULL,42,'Dsignation de format dimage pour une ressource dimages animes comprenant divers formats dimage  lintrieur de la mme ressource.',NULL,NULL,'fr',1,0,0,NULL),
	(24441,'2015-10-18 11:24:31','2015-10-18 11:24:31',NULL,NULL,422,422,727,NULL,43,'Vollbild',NULL,NULL,'de',1,0,0,NULL),
	(24442,'2015-10-18 11:24:31','2015-10-18 11:24:31',NULL,NULL,422,422,727,NULL,42,'Ein Bildformat einer Bewegtbildressource von weniger als 1,5:1.',NULL,NULL,'de',1,0,0,NULL),
	(24443,'2015-10-18 11:24:31','2015-10-18 11:24:31',NULL,NULL,422,422,728,NULL,43,'Breitbild',NULL,NULL,'de',1,0,0,NULL),
	(24444,'2015-10-18 11:24:31','2015-10-18 11:24:31',NULL,NULL,422,422,728,NULL,42,'Ein Bildformat einer Bewegtbildressource von 1,5:1 oder hher.',NULL,NULL,'de',1,0,0,NULL),
	(24445,'2015-10-18 11:24:31','2015-10-18 11:24:31',NULL,NULL,422,422,729,NULL,43,'gemischt',NULL,NULL,'de',1,0,0,NULL),
	(24446,'2015-10-18 11:24:31','2015-10-18 11:24:31',NULL,NULL,422,422,729,NULL,42,'Ein Bildformat einer Bewegtbildressource, die mehrere Bildformate innerhalb derselben Ressource enthlt.',NULL,NULL,'de',1,0,0,NULL),
	(24447,'2015-10-18 11:27:47','2015-10-18 11:27:47',NULL,NULL,422,422,727,NULL,43,'pantalla completa',NULL,NULL,'es',1,0,0,NULL),
	(24448,'2015-10-18 11:27:47','2015-10-18 11:27:47',NULL,NULL,422,422,727,NULL,42,'Proporcin dimensional de un recurso de imagen en movimiento menor que 1.5:1.',NULL,NULL,'es',1,0,0,NULL),
	(24449,'2015-10-18 11:27:47','2015-10-18 11:27:47',NULL,NULL,422,422,728,NULL,43,'pantalla ancha',NULL,NULL,'es',1,0,0,NULL),
	(24450,'2015-10-18 11:27:47','2015-10-18 11:27:47',NULL,NULL,422,422,729,NULL,43,'mixta',NULL,NULL,'es',1,0,0,NULL),
	(25254,'2015-10-29 11:09:16','2016-07-11 19:31:22',NULL,NULL,422,422,475,NULL,42,'A media type used to store recorded sound, designed for use with a playback device such as a turntable, audiocassette player, CD player, or MP3 player.',NULL,NULL,'en',1,0,0,60),
	(25260,'2015-10-29 11:09:16','2016-07-11 19:31:22',NULL,NULL,422,422,476,NULL,42,'A media type used to store reduced-size images not readable to the human eye, designed for use with a device such as a microfilm or microfiche reader.',NULL,NULL,'en',1,0,0,60),
	(25266,'2015-10-29 11:09:16','2016-07-11 19:31:22',NULL,NULL,422,422,477,NULL,42,'A media type used to store electronic files, designed for use with a computer.',NULL,NULL,'en',1,0,0,60),
	(25272,'2015-10-29 11:09:16','2016-07-11 19:31:23',NULL,NULL,422,422,478,NULL,42,'A media type used to store minute objects, designed for use with a device such as a microscope to reveal details invisible to the naked eye.',NULL,NULL,'en',1,0,0,60),
	(25277,'2015-10-29 11:09:17','2016-07-11 19:31:23',NULL,NULL,422,422,479,NULL,42,'A media type used to store moving or still images, designed for use with a projection device such as a motion picture film projector, slide projector, or overhead projector.',NULL,NULL,'en',1,0,0,60),
	(25283,'2015-10-29 11:09:17','2016-07-11 19:31:23',NULL,NULL,422,422,480,NULL,42,'A media type used to store pairs of still images, designed for use with a device such as a stereoscope or stereograph viewer to give the effect of three dimensions.',NULL,NULL,'en',1,0,0,60),
	(25288,'2015-10-29 11:09:17','2016-07-11 19:31:23',NULL,NULL,422,422,481,NULL,42,'A media type used to store content designed to be perceived directly through one or more of the human senses without the aid of an intermediating device.',NULL,NULL,'en',1,0,0,60),
	(25294,'2015-10-29 11:09:17','2016-07-11 19:31:23',NULL,NULL,422,422,482,NULL,42,'A media type used to store moving or still images, designed for use with a playback device such as a videocassette player or DVD player.',NULL,NULL,'en',1,0,0,60),
	(25301,'2015-11-17 14:44:29','2015-11-17 14:50:35','2015-11-17 14:50:35',NULL,422,422,727,NULL,1,'full-screen',NULL,NULL,'en',1,0,0,NULL),
	(25302,'2015-11-17 14:44:29','2015-11-17 14:50:35','2015-11-17 14:50:35',NULL,422,422,728,NULL,1,'wide-screen',NULL,NULL,'en',1,0,0,NULL),
	(25303,'2015-11-17 14:54:27','2015-11-17 14:54:27','2016-01-04 17:28:54',NULL,422,422,727,NULL,1,'full-screen',NULL,NULL,'en',1,0,0,NULL),
	(25304,'2015-11-17 14:54:27','2015-11-17 14:54:27','2016-01-04 17:28:54',NULL,422,422,728,NULL,1,'wide-screen',NULL,NULL,'en',1,0,0,NULL),
	(28801,'2015-12-06 12:14:10','2015-12-06 12:14:10','2016-01-04 17:28:54',NULL,NULL,422,727,NULL,1,'fullscreen',58,NULL,'en',1,0,0,NULL),
	(28802,'2015-12-06 12:14:43','2015-12-06 12:14:43','2016-01-04 17:28:54',NULL,NULL,422,728,NULL,1,'widescreen',58,NULL,'en',1,0,0,NULL),
	(29890,'2016-01-04 17:28:54','2016-01-04 17:28:54',NULL,NULL,422,422,727,NULL,19,'',NULL,NULL,'zh',1,0,0,NULL),
	(29891,'2016-01-04 17:28:54','2016-01-04 17:28:54',NULL,NULL,422,422,727,NULL,43,'',NULL,NULL,'zh',1,0,0,NULL),
	(29892,'2016-01-04 17:28:54','2016-01-04 17:28:54',NULL,NULL,422,422,727,NULL,5,'1.51',NULL,NULL,'zh',1,0,0,NULL),
	(29893,'2016-01-04 17:28:54','2016-01-04 17:28:54',NULL,NULL,422,422,727,NULL,42,'1.51',NULL,NULL,'zh',1,0,0,NULL),
	(29894,'2016-01-04 17:28:54','2016-01-04 17:28:54',NULL,NULL,422,422,728,NULL,19,'',NULL,NULL,'zh',1,0,0,NULL),
	(29895,'2016-01-04 17:28:54','2016-01-04 17:28:54',NULL,NULL,422,422,728,NULL,43,'',NULL,NULL,'zh',1,0,0,NULL),
	(29896,'2016-01-04 17:28:54','2016-01-04 17:28:54',NULL,NULL,422,422,728,NULL,5,'1.5:1',NULL,NULL,'zh',1,0,0,NULL),
	(29897,'2016-01-04 17:28:54','2016-01-04 17:28:54',NULL,NULL,422,422,728,NULL,42,'1.5:1',NULL,NULL,'zh',1,0,0,NULL),
	(29898,'2016-01-04 17:28:54','2016-01-04 17:28:54',NULL,NULL,422,422,729,NULL,19,'',NULL,NULL,'zh',1,0,0,NULL),
	(29899,'2016-01-04 17:28:54','2016-01-04 17:28:54',NULL,NULL,422,422,729,NULL,43,'',NULL,NULL,'zh',1,0,0,NULL),
	(29900,'2016-01-04 17:28:54','2016-01-04 17:28:54',NULL,NULL,422,422,729,NULL,5,'',NULL,NULL,'zh',1,0,0,NULL),
	(29901,'2016-01-04 17:28:54','2016-01-04 17:28:54',NULL,NULL,422,422,729,NULL,42,'',NULL,NULL,'zh',1,0,0,NULL),
	(31074,'2016-02-13 19:18:14','2016-02-13 19:18:14',NULL,NULL,422,422,727,NULL,1,'full-screen',NULL,NULL,'en',1,0,0,NULL),
	(31075,'2016-02-13 19:18:14','2016-02-13 19:18:14',NULL,NULL,422,422,728,NULL,1,'wide-screen',NULL,NULL,'en',1,0,0,NULL),
	(31247,'2016-03-28 21:10:57','2016-03-28 21:10:57',NULL,NULL,422,422,728,NULL,5,'Proporcin dimensional de un recurso de imagen en movimiento de 1.5:1 o mayor.',NULL,NULL,'es',1,0,0,NULL),
	(31248,'2016-03-28 21:10:57','2016-03-28 21:10:57',NULL,NULL,422,422,728,NULL,42,'Proporcin dimensional de un recurso de imagen en movimiento de 1.5:1 o mayor.',NULL,NULL,'es',1,0,0,NULL),
	(31249,'2016-03-28 21:10:58','2016-03-28 21:10:58',NULL,NULL,422,422,729,NULL,5,'Proporcin dimensional de un recurso que incluye mltiples proporciones dimensionales dentro del mismo recurso.',NULL,NULL,'es',1,0,0,NULL),
	(31250,'2016-03-28 21:10:58','2016-03-28 21:10:58',NULL,NULL,422,422,729,NULL,42,'Proporcin dimensional de un recurso que incluye mltiples proporciones dimensionales dentro del mismo recurso.',NULL,NULL,'es',1,0,0,NULL),
	(31890,'2016-05-18 18:31:08','2016-05-18 18:31:08',NULL,NULL,36,36,8028,1,19,'New-Proposed',NULL,NULL,'en',1,0,0,NULL),
	(34601,'2016-08-20 19:15:31','2016-08-20 19:15:31',NULL,NULL,422,422,727,NULL,19,'full screen',NULL,NULL,'nl',1,0,0,NULL),
	(34602,'2016-08-20 19:15:31','2016-08-20 19:15:31',NULL,NULL,422,422,727,NULL,43,'full screen',NULL,NULL,'nl',1,0,0,NULL),
	(34603,'2016-08-20 19:15:31','2016-08-20 19:15:31',NULL,NULL,422,422,727,NULL,5,'Aspectratio voor een resource met bewegend beeld minder dan 1.5:1',NULL,NULL,'nl',1,0,0,NULL),
	(34604,'2016-08-20 19:15:31','2016-08-20 19:15:31',NULL,NULL,422,422,727,NULL,42,'Aspectratio voor een resource met bewegend beeld minder dan 1.5:1',NULL,NULL,'nl',1,0,0,NULL),
	(34605,'2016-08-20 19:15:31','2016-08-20 19:15:31',NULL,NULL,422,422,728,NULL,19,'widescreen',NULL,NULL,'nl',1,0,0,NULL),
	(34606,'2016-08-20 19:15:31','2016-08-20 19:15:31',NULL,NULL,422,422,728,NULL,43,'widescreen',NULL,NULL,'nl',1,0,0,NULL),
	(34607,'2016-08-20 19:15:31','2016-08-20 19:15:31',NULL,NULL,422,422,728,NULL,5,'Aspectratio voor een resource met bewegend beeld van 1.5:1 of meer',NULL,NULL,'nl',1,0,0,NULL),
	(34608,'2016-08-20 19:15:31','2016-08-20 19:15:31',NULL,NULL,422,422,728,NULL,42,'Aspectratio voor een resource met bewegend beeld van 1.5:1 of meer',NULL,NULL,'nl',1,0,0,NULL),
	(34609,'2016-08-20 19:15:31','2016-08-20 19:15:31',NULL,NULL,422,422,729,NULL,19,'gemengd',NULL,NULL,'nl',1,0,0,NULL),
	(34610,'2016-08-20 19:15:31','2016-08-20 19:15:31',NULL,NULL,422,422,729,NULL,43,'gemengd',NULL,NULL,'nl',1,0,0,NULL),
	(34611,'2016-08-20 19:15:31','2016-08-20 19:15:31',NULL,NULL,422,422,729,NULL,5,'Aspectratio voor een resource met bewegend beeld dat meerdere aspectratio\'s bevat binnen dezelfde resource',NULL,NULL,'nl',1,0,0,NULL),
	(34612,'2016-08-20 19:15:31','2016-08-20 19:15:31',NULL,NULL,422,422,729,NULL,42,'Aspectratio voor een resource met bewegend beeld dat meerdere aspectratio\'s bevat binnen dezelfde resource',NULL,NULL,'nl',1,0,0,NULL),
	(36680,'2016-08-24 18:22:34','2016-08-24 18:22:34',NULL,NULL,422,422,727,NULL,19,'a tutto schermo',NULL,NULL,'it',1,0,0,NULL),
	(36681,'2016-08-24 18:22:34','2016-08-24 18:22:34',NULL,NULL,422,422,727,NULL,43,'a tutto schermo',NULL,NULL,'it',1,0,0,NULL),
	(36682,'2016-08-24 18:22:34','2016-08-24 18:22:34',NULL,NULL,422,422,728,NULL,19,'a schermo panoramico',NULL,NULL,'it',1,0,0,NULL),
	(36683,'2016-08-24 18:22:34','2016-08-24 18:22:34',NULL,NULL,422,422,728,NULL,43,'a schermo panoramico',NULL,NULL,'it',1,0,0,NULL),
	(36684,'2016-08-24 18:22:34','2016-08-24 18:22:34',NULL,NULL,422,422,729,NULL,19,'misto',NULL,NULL,'it',1,0,0,NULL),
	(36685,'2016-08-24 18:22:34','2016-08-24 18:22:34',NULL,NULL,422,422,729,NULL,43,'misto',NULL,NULL,'it',1,0,0,NULL),
	(36686,'2016-08-24 18:25:56','2016-08-24 18:25:56',NULL,NULL,422,422,727,NULL,19,'full screen',NULL,NULL,'fi',1,0,0,NULL),
	(36687,'2016-08-24 18:25:56','2016-08-24 18:25:56',NULL,NULL,422,422,727,NULL,43,'full screen',NULL,NULL,'fi',1,0,0,NULL),
	(36688,'2016-08-24 18:25:56','2016-08-24 18:25:56',NULL,NULL,422,422,728,NULL,19,'wide screen',NULL,NULL,'fi',1,0,0,NULL),
	(36689,'2016-08-24 18:25:56','2016-08-24 18:25:56',NULL,NULL,422,422,728,NULL,43,'wide screen',NULL,NULL,'fi',1,0,0,NULL),
	(36690,'2016-08-24 18:25:56','2016-08-24 18:25:56',NULL,NULL,422,422,729,NULL,19,'yhdistelm (kuvasuhde)',NULL,NULL,'fi',1,0,0,NULL),
	(36691,'2016-08-24 18:25:56','2016-08-24 18:25:56',NULL,NULL,422,422,729,NULL,43,'yhdistelm (kuvasuhde)',NULL,NULL,'fi',1,0,0,NULL),
	(42090,'2016-12-16 00:03:04','2016-12-16 00:03:04',NULL,NULL,422,422,727,NULL,19,'normalbild',NULL,NULL,'sv',1,0,0,NULL),
	(42091,'2016-12-16 00:03:04','2016-12-16 00:03:04',NULL,NULL,422,422,727,NULL,43,'normalbild',NULL,NULL,'sv',1,0,0,NULL),
	(42092,'2016-12-16 00:03:05','2016-12-16 00:03:05',NULL,NULL,422,422,728,NULL,19,'bredbild',NULL,NULL,'sv',1,0,0,NULL),
	(42093,'2016-12-16 00:03:05','2016-12-16 00:03:05',NULL,NULL,422,422,728,NULL,43,'bredbild',NULL,NULL,'sv',1,0,0,NULL),
	(42094,'2016-12-16 00:03:05','2016-12-16 00:03:05',NULL,NULL,422,422,729,NULL,19,'blandade bildfrhllanden',NULL,NULL,'sv',1,0,0,NULL),
	(42095,'2016-12-16 00:03:05','2016-12-16 00:03:05',NULL,NULL,422,422,729,NULL,43,'blandade bildfrhllanden',NULL,NULL,'sv',1,0,0,NULL),
	(42609,'2017-03-30 08:10:21','2017-03-30 08:10:21',NULL,NULL,422,422,727,NULL,19,'ton mn hnh',NULL,NULL,'vi',1,0,0,NULL),
	(42610,'2017-03-30 08:10:21','2017-03-30 08:10:21',NULL,NULL,422,422,727,NULL,1,'ton-mn-hnh',NULL,NULL,'vi',1,0,0,NULL),
	(42611,'2017-03-30 08:10:21','2017-03-30 08:10:21',NULL,NULL,422,422,727,NULL,43,'ton mn hnh',NULL,NULL,'vi',1,0,0,NULL),
	(42612,'2017-03-30 08:10:21','2017-03-30 08:10:21',NULL,NULL,422,422,727,NULL,5,'nh danh t l b ngoi cho ti nguyn hnh nh ng nh hn 1,5:1.',NULL,NULL,'vi',1,0,0,NULL),
	(42613,'2017-03-30 08:10:21','2017-03-30 08:10:21',NULL,NULL,422,422,727,NULL,42,'nh danh t l v ngoi cho ti nguyn hnh nh ng nh hn 1,5:1.',NULL,NULL,'vi',1,0,0,NULL),
	(42614,'2017-03-30 08:10:21','2017-03-30 08:10:21',NULL,NULL,422,422,728,NULL,19,'mn hnh rng',NULL,NULL,'vi',1,0,0,NULL),
	(42615,'2017-03-30 08:10:21','2017-03-30 08:10:21',NULL,NULL,422,422,728,NULL,1,'mn-hnh-rng',NULL,NULL,'vi',1,0,0,NULL),
	(42616,'2017-03-30 08:10:21','2017-03-30 08:10:21',NULL,NULL,422,422,728,NULL,43,'mn hnh rng',NULL,NULL,'vi',1,0,0,NULL),
	(42617,'2017-03-30 08:10:21','2017-03-30 08:10:21',NULL,NULL,422,422,728,NULL,5,'nh danh t l b ngoi cho ti nguyn hnh nh ng bng 1,5:1 hoc ln hn.',NULL,NULL,'vi',1,0,0,NULL),
	(42618,'2017-03-30 08:10:21','2017-03-30 08:10:21',NULL,NULL,422,422,728,NULL,42,'nh danh t l v ngoi cho ti nguyn hnh nh ng l 1,5:1 hoc ln hn.',NULL,NULL,'vi',1,0,0,NULL),
	(42619,'2017-03-30 08:10:22','2017-03-30 08:10:22',NULL,NULL,422,422,729,NULL,19,'t l b ngoi hn hp',NULL,NULL,'vi',1,0,0,NULL),
	(42620,'2017-03-30 08:10:22','2017-03-30 08:10:22','2017-05-22 12:23:45',NULL,422,422,729,NULL,1,'hn-hp',NULL,NULL,'vi',1,0,0,NULL),
	(42621,'2017-03-30 08:10:22','2017-03-30 08:10:22',NULL,NULL,422,422,729,NULL,43,'t l b ngoi hn hp',NULL,NULL,'vi',1,0,0,NULL),
	(42622,'2017-03-30 08:10:22','2017-03-30 08:10:22',NULL,NULL,422,422,729,NULL,5,'nh danh t l b ngoi cho ti nguyn hnh nh ng bao gm nhiu t l b ngoi bn trong cng ti nguyn.',NULL,NULL,'vi',1,0,0,NULL),
	(42623,'2017-03-30 08:10:22','2017-03-30 08:10:22',NULL,NULL,422,422,729,NULL,42,'nh danh t l v ngoi cho ti nguyn hnh nh ng bao gm cc t l b ngoi khc nhau bn trong cng ti nguyn.',NULL,NULL,'vi',1,0,0,NULL),
	(42625,'2017-04-29 13:00:21','2017-04-29 13:00:21',NULL,NULL,422,422,727,NULL,19,'pantalla completa',NULL,NULL,'ca',1,0,0,NULL),
	(42626,'2017-04-29 13:00:21','2017-04-29 13:00:21',NULL,NULL,422,422,727,NULL,43,'pantalla completa',NULL,NULL,'ca',1,0,0,NULL),
	(42627,'2017-04-29 13:00:21','2017-04-29 13:00:21',NULL,NULL,422,422,727,NULL,5,'Relaci daspecte dun recurs dimatge en moviment de menys d1,5:1.',NULL,NULL,'ca',1,0,0,NULL),
	(42628,'2017-04-29 13:00:21','2017-04-29 13:00:21',NULL,NULL,422,422,727,NULL,42,'Relaci daspecte dun recurs dimatge en moviment de menys d1,5:1.',NULL,NULL,'ca',1,0,0,NULL),
	(42629,'2017-04-29 13:00:22','2017-04-29 13:00:22',NULL,NULL,422,422,728,NULL,19,'pantalla panormica',NULL,NULL,'ca',1,0,0,NULL),
	(42630,'2017-04-29 13:00:22','2017-04-29 13:00:22',NULL,NULL,422,422,728,NULL,43,'pantalla panormica',NULL,NULL,'ca',1,0,0,NULL),
	(42631,'2017-04-29 13:00:22','2017-04-29 13:00:22',NULL,NULL,422,422,728,NULL,5,'Relaci daspecte dun recurs dimatges en moviment igual o superior 1,5:1.',NULL,NULL,'ca',1,0,0,NULL),
	(42632,'2017-04-29 13:00:22','2017-04-29 13:00:22',NULL,NULL,422,422,728,NULL,42,'Relaci daspecte dun recurs dimatges en moviment igual o superior 1,5:1.',NULL,NULL,'ca',1,0,0,NULL),
	(42633,'2017-04-29 13:00:22','2017-04-29 13:00:22',NULL,NULL,422,422,729,NULL,19,'relaci daspecte mixta',NULL,NULL,'ca',1,0,0,NULL),
	(42634,'2017-04-29 13:00:22','2017-04-29 13:00:22',NULL,NULL,422,422,729,NULL,43,'relaci daspecte mixta',NULL,NULL,'ca',1,0,0,NULL),
	(42635,'2017-04-29 13:00:22','2017-04-29 13:00:22',NULL,NULL,422,422,729,NULL,5,'Relaci daspecte dun recurs dimatges en moviment que inclou diverses relacions daspecte dins del mateix recurs.',NULL,NULL,'ca',1,0,0,NULL),
	(42636,'2017-04-29 13:00:22','2017-04-29 13:00:22',NULL,NULL,422,422,729,NULL,42,'Relaci daspecte dun recurs dimatges en moviment que inclou diverses relacions daspecte dins del mateix recurs.',NULL,NULL,'ca',1,0,0,NULL),
	(43875,'2017-05-24 09:51:51','2017-05-24 09:51:51',NULL,NULL,422,422,727,NULL,19,'fullskjerm',NULL,NULL,'no',1,0,0,NULL),
	(43876,'2017-05-24 09:51:51','2017-05-24 09:51:51',NULL,NULL,422,422,727,NULL,43,'fullskjerm',NULL,NULL,'no',1,0,0,NULL),
	(43877,'2017-05-24 09:51:51','2017-05-24 09:51:51',NULL,NULL,422,422,727,NULL,5,'En betegnelse for bildesideforhold p under 1,5:1 for en levende bilde-ressurs.',NULL,NULL,'no',1,0,0,NULL),
	(43878,'2017-05-24 09:51:51','2017-05-24 09:51:51',NULL,NULL,422,422,727,NULL,42,'En betegnelse for bildesideforhold p under 1,5:1 for en levende bilde-ressurs.',NULL,NULL,'no',1,0,0,NULL),
	(43879,'2017-05-24 09:51:51','2017-05-24 09:51:51',NULL,NULL,422,422,728,NULL,19,'widescreen',NULL,NULL,'no',1,0,0,NULL),
	(43880,'2017-05-24 09:51:51','2017-05-24 09:51:51',NULL,NULL,422,422,728,NULL,43,'widescreen',NULL,NULL,'no',1,0,0,NULL),
	(43881,'2017-05-24 09:51:51','2017-05-24 09:51:51',NULL,NULL,422,422,728,NULL,5,'En betegnelse for bildesideforhold p 1,5:1 eller mer for en levende bilde-ressurs.',NULL,NULL,'no',1,0,0,NULL),
	(43882,'2017-05-24 09:51:51','2017-05-24 09:51:51',NULL,NULL,422,422,728,NULL,42,'En betegnelse for bildesideforhold p 1,5:1 eller mer for en levende bilde-ressurs.',NULL,NULL,'no',1,0,0,NULL),
	(43883,'2017-05-24 09:51:51','2017-05-24 09:51:51',NULL,NULL,422,422,729,NULL,19,'blandet bildesideforhold',NULL,NULL,'no',1,0,0,NULL),
	(43884,'2017-05-24 09:51:51','2017-05-24 09:51:51',NULL,NULL,422,422,729,NULL,43,'blandet bildesideforhold',NULL,NULL,'no',1,0,0,NULL),
	(43885,'2017-05-24 09:51:51','2017-05-24 09:51:51',NULL,NULL,422,422,729,NULL,5,'En betegnelse for bildesideforhold for en levende bilde-ressurs som har flere ulike bildesideforhold innenfor samme ressurs.',NULL,NULL,'no',1,0,0,NULL),
	(43886,'2017-05-24 09:51:51','2017-05-24 09:51:51',NULL,NULL,422,422,729,NULL,42,'En betegnelse for bildesideforhold for en levende bilde-ressurs som har flere ulike bildesideforhold innenfor samme ressurs.',NULL,NULL,'no',1,0,0,NULL),
	(45682,'2017-06-15 15:25:47','2017-06-15 15:25:47',NULL,NULL,422,422,727,NULL,19,'fuldskrm',NULL,NULL,'da',1,0,0,NULL),
	(45683,'2017-06-15 15:25:47','2017-06-15 15:25:47',NULL,NULL,422,422,727,NULL,43,'fuldskrm',NULL,NULL,'da',1,0,0,NULL),
	(45684,'2017-06-15 15:25:47','2017-06-15 15:25:47',NULL,NULL,422,422,727,NULL,5,'Billedformat for en levende billedressource p mindre end 1,5:1.',NULL,NULL,'da',1,0,0,NULL),
	(45685,'2017-06-15 15:25:47','2017-06-15 15:25:47',NULL,NULL,422,422,727,NULL,42,'Billedformat for en levende billedressource p mindre end 1,5:1.',NULL,NULL,'da',1,0,0,NULL),
	(45686,'2017-06-15 15:25:47','2017-06-15 15:25:47',NULL,NULL,422,422,728,NULL,19,'wide screen',NULL,NULL,'da',1,0,0,NULL),
	(45687,'2017-06-15 15:25:47','2017-06-15 15:25:47',NULL,NULL,422,422,728,NULL,43,'wide screen',NULL,NULL,'da',1,0,0,NULL),
	(45688,'2017-06-15 15:25:47','2017-06-15 15:25:47',NULL,NULL,422,422,728,NULL,5,'Billedformat for en levende billedressource p 1,5:1 eller strre.',NULL,NULL,'da',1,0,0,NULL),
	(45689,'2017-06-15 15:25:47','2017-06-15 15:25:47',NULL,NULL,422,422,728,NULL,42,'Billedformat for en levende billedressource p 1,5:1 eller strre.',NULL,NULL,'da',1,0,0,NULL),
	(45690,'2017-06-15 15:25:47','2017-06-15 15:25:47',NULL,NULL,422,422,729,NULL,19,'blandet billedformat',NULL,NULL,'da',1,0,0,NULL),
	(45691,'2017-06-15 15:25:47','2017-06-15 15:25:47',NULL,NULL,422,422,729,NULL,43,'blandet billedformat',NULL,NULL,'da',1,0,0,NULL),
	(45692,'2017-06-15 15:25:47','2017-06-15 15:25:47',NULL,NULL,422,422,729,NULL,5,'Billedformat for en levende billedressource, der omfatter flere billedformater inden for samme ressource',NULL,NULL,'da',1,0,0,NULL),
	(45693,'2017-06-15 15:25:47','2017-06-15 15:25:47',NULL,NULL,422,422,729,NULL,42,'Billedformat for en levende billedressource, der omfatter flere billedformater inden for samme ressource',NULL,NULL,'da',1,0,0,NULL),
	(46510,'2017-06-29 08:47:12','2017-06-29 08:47:12',NULL,NULL,422,422,727,NULL,5,'Liikkuvan kuvan kuvasuhde, joka on pienempi kuin 1.5:1.',NULL,NULL,'fi',1,0,0,NULL),
	(46511,'2017-06-29 08:47:12','2017-06-29 08:47:12',NULL,NULL,422,422,727,NULL,42,'Liikkuvan kuvan kuvasuhde, joka on pienempi kuin 1.5:1.',NULL,NULL,'fi',1,0,0,NULL),
	(46512,'2017-06-29 08:47:12','2017-06-29 08:47:12',NULL,NULL,422,422,728,NULL,5,'Liikkuvan kuvan kuvasuhde, joka on 1.5:1 tai suurempi.',NULL,NULL,'fi',1,0,0,NULL),
	(46513,'2017-06-29 08:47:12','2017-06-29 08:47:12',NULL,NULL,422,422,728,NULL,42,'Liikkuvan kuvan kuvasuhde, joka on 1.5:1 tai suurempi.',NULL,NULL,'fi',1,0,0,NULL),
	(46514,'2017-06-29 08:47:12','2017-06-29 08:47:12',NULL,NULL,422,422,729,NULL,5,'Kuvasuhde liikkuvaa kuvaa sisltvlle aineistolle, joka ksitt useita eri kuvasuhteita.',NULL,NULL,'fi',1,0,0,NULL),
	(46515,'2017-06-29 08:47:12','2017-06-29 08:47:12',NULL,NULL,422,422,729,NULL,42,'Kuvasuhde liikkuvaa kuvaa sisltvlle aineistolle, joka ksitt useita eri kuvasuhteita.',NULL,NULL,'fi',1,0,0,NULL);


INSERT INTO `reg_concept_property_history` (`id`, `created_at`, `action`, `concept_property_id`, `concept_id`, `vocabulary_id`, `skos_property_id`, `object`, `scheme_id`, `related_concept_id`, `language`, `status_id`, `created_user_id`, `change_note`, `import_id`, `profile_property_id`) VALUES 
	(1146,'2008-05-07 17:48:13','added',1218,412,31,19,'Published',NULL,NULL,'en',1,73,NULL,NULL,NULL),
	(1148,'2008-05-07 17:49:43','added',1220,414,31,19,'Change-Proposed',NULL,NULL,'en',1,73,NULL,NULL,NULL),
	(1149,'2008-05-07 17:50:06','added',1221,415,31,19,'Deprecate-Proposed',NULL,NULL,'en',1,73,NULL,NULL,NULL),
	(1150,'2008-05-07 17:50:41','added',1222,416,31,19,'New-Under Review',NULL,NULL,'en',1,73,NULL,NULL,NULL),
	(1151,'2008-05-07 17:51:04','added',1223,417,31,19,'Change-Under Review',NULL,NULL,'en',1,73,NULL,NULL,NULL),
	(1152,'2008-05-07 17:51:51','added',1224,418,31,19,'Deprecate-Under Review',NULL,NULL,'en',1,73,NULL,NULL,NULL),
	(1153,'2008-05-07 17:52:07','added',1225,419,31,19,'Deprecated',NULL,NULL,'en',1,73,NULL,NULL,NULL),
	(1154,'2008-05-07 17:52:24','added',1226,420,31,19,'Not Approved',NULL,NULL,'en',1,73,NULL,NULL,NULL),
	(2196,'2009-03-31 14:58:04','added',2111,727,58,19,'Full screen',NULL,NULL,'en',2,73,NULL,NULL,NULL),
	(2197,'2009-03-31 14:58:14','added',2112,728,58,19,'Wide screen',NULL,NULL,'en',2,73,NULL,NULL,NULL),
	(2198,'2009-03-31 14:58:28','added',2113,729,58,19,'Mixed',NULL,NULL,'en',2,73,NULL,NULL,NULL),
	(2199,'2009-03-31 14:59:31','added',2114,727,58,22,'Use for standard format, i.e., 1.33:1 or 4:3.',58,NULL,'en',2,73,NULL,NULL,NULL),
	(2200,'2009-03-31 15:00:27','added',2115,728,58,22,'Use for any ratio greater than 1.33:1.',58,NULL,'en',2,73,NULL,NULL,NULL),
	(2201,'2009-03-31 15:01:30','added',2116,729,58,22,'Use for resources that include multiple aspect ratios within the same work.',58,NULL,'en',2,73,NULL,NULL,NULL),
	(7432,'2011-07-20 14:42:41','updated',2111,727,58,19,'full screen',NULL,NULL,'en',2,224,NULL,NULL,NULL),
	(7433,'2011-07-20 14:42:55','deleted',2114,727,58,22,'Use for standard format, i.e., 1.33:1 or 4:3.',58,NULL,'en',2,224,NULL,NULL,NULL),
	(7434,'2011-07-20 14:43:38','added',6661,727,58,5,'An aspect ratio of less than 1.5:1.',58,NULL,'en',2,224,NULL,NULL,NULL),
	(7435,'2011-07-20 14:43:59','updated',2111,727,58,19,'full screen',NULL,NULL,'en',1,224,NULL,NULL,NULL),
	(7436,'2011-07-20 14:44:34','deleted',2115,728,58,22,'Use for any ratio greater than 1.33:1.',58,NULL,'en',2,224,NULL,NULL,NULL),
	(7437,'2011-07-20 14:45:10','added',6662,728,58,5,'An aspect ratio of 1.5:1 or greater.',58,NULL,'en',2,224,NULL,NULL,NULL),
	(7438,'2011-07-20 14:45:32','updated',2112,728,58,19,'wide screen',NULL,NULL,'en',1,224,NULL,NULL,NULL),
	(7439,'2011-07-20 14:46:45','deleted',2116,729,58,22,'Use for resources that include multiple aspect ratios within the same work.',58,NULL,'en',2,224,NULL,NULL,NULL),
	(7440,'2011-07-20 14:46:55','added',6663,729,58,5,'Aspect ratio for resources that include multiple aspect ratios within the same work.',58,NULL,'en',2,224,NULL,NULL,NULL),
	(7441,'2011-07-20 14:47:14','updated',2113,729,58,19,'mixed',NULL,NULL,'en',1,224,NULL,NULL,NULL),
	(14464,'2012-07-31 04:52:37','updated',2111,727,58,19,'full screen',NULL,NULL,'en',1,224,NULL,NULL,NULL),
	(14989,'2012-08-27 07:51:17','updated',6661,727,58,5,'Aspect ratio for a moving image resource of less than 1.5:1.',58,NULL,'en',1,224,NULL,NULL,NULL),
	(14990,'2012-08-27 07:54:03','updated',6662,728,58,5,'Aspect ratio for a moving image resource of 1.5:1 or greater.',58,NULL,'en',1,224,NULL,NULL,NULL),
	(14991,'2012-08-27 07:55:02','updated',6663,729,58,5,'Aspect ratio for a moving image resource that includes multiple aspect ratios within the\r\nsame resource.',58,NULL,'en',1,224,NULL,NULL,NULL),
	(15351,'2012-11-15 12:04:22','added',13717,414,31,5,'The status for published classes, properties and concepts that have been determined to need maintenance, and are expected to follow a review path to republication.',31,NULL,'en',1,73,NULL,NULL,NULL),
	(15352,'2012-11-15 12:05:46','added',13718,417,31,5,'The status for published classes, properties and concepts that have been determined to need maintenance, and have progressed to an active review stage.',31,NULL,'en',1,73,NULL,NULL,NULL),
	(15353,'2012-11-15 12:07:39','added',13719,415,31,5,'The status for published classes, properties and concepts that may no longer be useful, and are expected to follow a path to deprecation.',31,NULL,'en',1,73,NULL,NULL,NULL),
	(15354,'2012-11-15 12:08:21','added',13720,418,31,5,'The status for published classes, properties and concepts that have been determined to be no longer useful, and have progressed to an active review stage.',31,NULL,'en',1,73,NULL,NULL,NULL),
	(15355,'2012-11-15 12:09:16','added',13721,419,31,5,'The status for published classes, properties and concepts that have been been determined to be no longer useful, and are maintained within the vocabulary for reference and historical purposes. These classes, properties and concepts may still exist in data, but should not continue to be added to new metadata.',31,NULL,'en',1,73,NULL,NULL,NULL),
	(15357,'2012-11-15 12:10:41','added',13723,416,31,5,'The status for new classes, properties and concepts that have progressed to an active review stage.',31,NULL,'en',1,73,NULL,NULL,NULL),
	(15358,'2012-11-15 12:11:22','added',13724,420,31,5,'The status for proposed classes, properties and concepts that have been reviewed but not approved.',31,NULL,'en',1,73,NULL,NULL,NULL),
	(15359,'2012-11-15 12:12:20','added',13725,412,31,5,'The status for classes, properties and concepts that are determined to be in a final state. This status does not imply that there has been a review process.',31,NULL,'en',1,73,NULL,NULL,NULL),
	(24604,'2015-02-21 15:35:46','added',21625,728,58,19,'Breitbild',58,NULL,'de',1,422,NULL,NULL,NULL),
	(24605,'2015-02-21 15:36:10','added',21626,727,58,19,'Vollbild',58,NULL,'de',1,422,NULL,NULL,NULL),
	(24606,'2015-02-21 15:36:34','added',21627,729,58,19,'gemischt',58,NULL,'de',1,422,NULL,NULL,NULL),
	(24607,'2015-02-21 15:37:12','added',21628,727,58,19,'plein cran',58,NULL,'fr',1,422,NULL,NULL,NULL),
	(24608,'2015-02-21 15:37:33','added',21629,729,58,19,'mixte',58,NULL,'fr',1,422,NULL,NULL,NULL),
	(24609,'2015-02-21 15:37:58','added',21630,728,58,19,'cran large',58,NULL,'fr',1,422,NULL,NULL,NULL),
	(24610,'2015-02-21 15:39:23','added',21631,727,58,5,'Bildformat einer Bewegtbildressource von weniger als 1.5:1.',58,NULL,'de',1,422,NULL,NULL,NULL),
	(24611,'2015-02-21 15:39:59','added',21632,729,58,5,'Bildformat einer Bewegtbildressource, die mehrere Bildformate innerhalb derselben Ressource enthlt.',58,NULL,'de',1,422,NULL,NULL,NULL),
	(24612,'2015-02-21 15:40:42','added',21633,728,58,5,'Bildformat einer Bewegtbildressource von 1.5:1 oder hher.',58,NULL,'de',1,422,NULL,NULL,NULL),
	(24613,'2015-02-21 15:41:47','added',21634,729,58,5,'Format de limage dune ressource dimages animes comprenant divers formats de limage  lintrieur de la mme ressource.',58,NULL,'fr',1,422,NULL,NULL,NULL),
	(24614,'2015-02-21 15:42:26','added',21635,727,58,5,'Format de limage dune ressource dimages animes infrieur  1,5:1.',58,NULL,'fr',1,422,NULL,NULL,NULL),
	(25657,'2015-03-13 10:54:26','added',22375,727,58,19,'pantalla completa',58,NULL,'es',1,422,NULL,NULL,NULL),
	(25658,'2015-03-13 10:55:12','added',22376,728,58,19,'pantalla ancha',58,NULL,'es',1,422,NULL,NULL,NULL),
	(25659,'2015-03-13 10:55:37','added',22377,729,58,19,'mixta',58,NULL,'es',1,422,NULL,NULL,NULL),
	(25660,'2015-03-13 10:57:56','added',22378,727,58,5,'Proporcin dimensional de un recurso de imagen en movimiento menor que 1.5:1.',58,NULL,'es',1,422,NULL,NULL,NULL),
	(25661,'2015-03-13 11:04:26','updated',22376,728,58,19,'pantalla ancha',58,NULL,'es',1,422,NULL,NULL,NULL),
	(25747,'2015-03-20 17:17:55','added',22451,728,58,5,'Format de limage dune ressource dimages animes gal ou suprieur  1,5:1.',58,NULL,'fr',1,422,NULL,NULL,NULL),
	(28932,'2012-07-31 04:52:37','added',2111,727,58,19,'full screen',NULL,NULL,'en',1,224,NULL,NULL,NULL),
	(28933,'2012-08-27 07:51:17','added',6661,727,58,5,'Aspect ratio for a moving image resource of less than 1.5:1.',58,NULL,'en',1,224,NULL,NULL,NULL),
	(28934,'2015-02-21 15:36:10','added',21626,727,58,19,'Vollbild',58,NULL,'de',1,422,NULL,NULL,NULL),
	(28935,'2015-02-21 15:37:12','added',21628,727,58,19,'plein cran',58,NULL,'fr',1,422,NULL,NULL,NULL),
	(28936,'2015-02-21 15:39:23','added',21631,727,58,5,'Bildformat einer Bewegtbildressource von weniger als 1.5:1.',58,NULL,'de',1,422,NULL,NULL,NULL),
	(28937,'2015-02-21 15:42:26','added',21635,727,58,5,'Format de limage dune ressource dimages animes infrieur  1,5:1.',58,NULL,'fr',1,422,NULL,NULL,NULL),
	(28938,'2015-03-13 10:54:26','added',22375,727,58,19,'pantalla completa',58,NULL,'es',1,422,NULL,NULL,NULL),
	(28939,'2015-03-13 10:57:56','added',22378,727,58,5,'Proporcin dimensional de un recurso de imagen en movimiento menor que 1.5:1.',58,NULL,'es',1,422,NULL,NULL,NULL),
	(28940,'2015-10-18 11:20:09','added',24429,727,58,43,'full screen',NULL,NULL,'en',1,422,NULL,31,NULL),
	(28941,'2015-10-18 11:20:09','added',24430,727,58,43,'plein cran',NULL,NULL,'fr',1,422,NULL,31,NULL),
	(28942,'2015-10-18 11:20:09','added',24431,727,58,42,'Aspect ratio for a moving image resource of less than 1.5:1.',NULL,NULL,'en',1,422,NULL,31,NULL),
	(28943,'2015-10-18 11:20:09','added',24432,727,58,42,'Format de limage dune ressource dimages animes infrieur  1,5:1.',NULL,NULL,'fr',1,422,NULL,31,NULL),
	(28944,'2011-07-20 14:45:32','added',2112,728,58,19,'wide screen',NULL,NULL,'en',1,224,NULL,NULL,NULL),
	(28945,'2012-08-27 07:54:03','added',6662,728,58,5,'Aspect ratio for a moving image resource of 1.5:1 or greater.',58,NULL,'en',1,224,NULL,NULL,NULL),
	(28946,'2015-02-21 15:35:46','added',21625,728,58,19,'Breitbild',58,NULL,'de',1,422,NULL,NULL,NULL),
	(28947,'2015-02-21 15:37:58','added',21630,728,58,19,'cran large',58,NULL,'fr',1,422,NULL,NULL,NULL),
	(28948,'2015-02-21 15:40:42','added',21633,728,58,5,'Bildformat einer Bewegtbildressource von 1.5:1 oder hher.',58,NULL,'de',1,422,NULL,NULL,NULL),
	(28949,'2015-03-13 11:04:26','added',22376,728,58,19,'pantalla ancha',58,NULL,'es',1,422,NULL,NULL,NULL),
	(28950,'2015-03-20 17:17:55','added',22451,728,58,5,'Format de limage dune ressource dimages animes gal ou suprieur  1,5:1.',58,NULL,'fr',1,422,NULL,NULL,NULL),
	(28951,'2015-10-18 11:20:10','added',24433,728,58,43,'wide screen',NULL,NULL,'en',1,422,NULL,31,NULL),
	(28952,'2015-10-18 11:20:10','added',24434,728,58,43,'cran large',NULL,NULL,'fr',1,422,NULL,31,NULL),
	(28953,'2015-10-18 11:20:10','added',24435,728,58,42,'Aspect ratio for a moving image resource of 1.5:1 or greater.',NULL,NULL,'en',1,422,NULL,31,NULL),
	(28954,'2015-10-18 11:20:10','added',24436,728,58,42,'Format de limage dune ressource dimages animes gal ou suprieur  1,5:1.',NULL,NULL,'fr',1,422,NULL,31,NULL),
	(28955,'2011-07-20 14:47:14','added',2113,729,58,19,'mixed',NULL,NULL,'en',1,224,NULL,NULL,NULL),
	(28956,'2015-10-18 11:20:10','updated',6663,729,58,5,'Aspect ratio for a moving image resource that includes multiple aspect ratios within thesame resource.',58,NULL,'en',1,422,NULL,31,NULL),
	(28957,'2015-02-21 15:36:34','added',21627,729,58,19,'gemischt',58,NULL,'de',1,422,NULL,NULL,NULL),
	(28958,'2015-02-21 15:37:33','added',21629,729,58,19,'mixte',58,NULL,'fr',1,422,NULL,NULL,NULL),
	(28959,'2015-02-21 15:39:59','added',21632,729,58,5,'Bildformat einer Bewegtbildressource, die mehrere Bildformate innerhalb derselben Ressource enthlt.',58,NULL,'de',1,422,NULL,NULL,NULL),
	(28960,'2015-02-21 15:41:47','added',21634,729,58,5,'Format de limage dune ressource dimages animes comprenant divers formats de limage  lintrieur de la mme ressource.',58,NULL,'fr',1,422,NULL,NULL,NULL),
	(28961,'2015-03-13 10:55:37','added',22377,729,58,19,'mixta',58,NULL,'es',1,422,NULL,NULL,NULL),
	(28962,'2015-10-18 11:20:10','added',24437,729,58,43,'mixed',NULL,NULL,'en',1,422,NULL,31,NULL),
	(28963,'2015-10-18 11:20:10','added',24438,729,58,43,'mixte',NULL,NULL,'fr',1,422,NULL,31,NULL),
	(28964,'2015-10-18 11:20:10','added',24439,729,58,42,'Aspect ratio for a moving image resource that includes multiple aspect ratios within the\nsame resource.',NULL,NULL,'en',1,422,NULL,31,NULL),
	(28965,'2015-10-18 11:20:10','added',24440,729,58,42,'Format de limage dune ressource dimages animes comprenant divers formats de limage  lintrieur de la mme ressource.',NULL,NULL,'fr',1,422,NULL,31,NULL),
	(28966,'2012-07-31 04:52:37','added',2111,727,58,19,'full screen',NULL,NULL,'en',1,224,NULL,NULL,NULL),
	(28967,'2012-08-27 07:51:17','added',6661,727,58,5,'Aspect ratio for a moving image resource of less than 1.5:1.',58,NULL,'en',1,224,NULL,NULL,NULL),
	(28968,'2015-02-21 15:36:10','added',21626,727,58,19,'Vollbild',58,NULL,'de',1,422,NULL,NULL,NULL),
	(28969,'2015-02-21 15:37:12','added',21628,727,58,19,'plein cran',58,NULL,'fr',1,422,NULL,NULL,NULL),
	(28970,'2015-02-21 15:39:23','added',21631,727,58,5,'Bildformat einer Bewegtbildressource von weniger als 1.5:1.',58,NULL,'de',1,422,NULL,NULL,NULL),
	(28971,'2015-02-21 15:42:26','added',21635,727,58,5,'Format de limage dune ressource dimages animes infrieur  1,5:1.',58,NULL,'fr',1,422,NULL,NULL,NULL),
	(28972,'2015-03-13 10:54:26','added',22375,727,58,19,'pantalla completa',58,NULL,'es',1,422,NULL,NULL,NULL),
	(28973,'2015-03-13 10:57:56','added',22378,727,58,5,'Proporcin dimensional de un recurso de imagen en movimiento menor que 1.5:1.',58,NULL,'es',1,422,NULL,NULL,NULL),
	(28974,'2015-10-18 11:20:09','added',24429,727,58,43,'full screen',NULL,NULL,'en',1,422,NULL,NULL,NULL),
	(28975,'2015-10-18 11:20:09','added',24430,727,58,43,'plein cran',NULL,NULL,'fr',1,422,NULL,NULL,NULL),
	(28976,'2015-10-18 11:20:09','added',24431,727,58,42,'Aspect ratio for a moving image resource of less than 1.5:1.',NULL,NULL,'en',1,422,NULL,NULL,NULL),
	(28977,'2015-10-18 11:20:09','added',24432,727,58,42,'Format de limage dune ressource dimages animes infrieur  1,5:1.',NULL,NULL,'fr',1,422,NULL,NULL,NULL),
	(28978,'2015-10-18 11:24:31','added',24441,727,58,43,'Vollbild',NULL,NULL,'de',1,422,NULL,32,NULL),
	(28979,'2015-10-18 11:24:31','added',24442,727,58,42,'Bildformat einer Bewegtbildressource von weniger als 1.5:1.',NULL,NULL,'de',1,422,NULL,32,NULL),
	(28980,'2011-07-20 14:45:32','added',2112,728,58,19,'wide screen',NULL,NULL,'en',1,224,NULL,NULL,NULL),
	(28981,'2012-08-27 07:54:03','added',6662,728,58,5,'Aspect ratio for a moving image resource of 1.5:1 or greater.',58,NULL,'en',1,224,NULL,NULL,NULL),
	(28982,'2015-02-21 15:35:46','added',21625,728,58,19,'Breitbild',58,NULL,'de',1,422,NULL,NULL,NULL),
	(28983,'2015-02-21 15:37:58','added',21630,728,58,19,'cran large',58,NULL,'fr',1,422,NULL,NULL,NULL),
	(28984,'2015-02-21 15:40:42','added',21633,728,58,5,'Bildformat einer Bewegtbildressource von 1.5:1 oder hher.',58,NULL,'de',1,422,NULL,NULL,NULL),
	(28985,'2015-03-13 11:04:26','added',22376,728,58,19,'pantalla ancha',58,NULL,'es',1,422,NULL,NULL,NULL),
	(28986,'2015-03-20 17:17:55','added',22451,728,58,5,'Format de limage dune ressource dimages animes gal ou suprieur  1,5:1.',58,NULL,'fr',1,422,NULL,NULL,NULL),
	(28987,'2015-10-18 11:20:10','added',24433,728,58,43,'wide screen',NULL,NULL,'en',1,422,NULL,NULL,NULL),
	(28988,'2015-10-18 11:20:10','added',24434,728,58,43,'cran large',NULL,NULL,'fr',1,422,NULL,NULL,NULL),
	(28989,'2015-10-18 11:20:10','added',24435,728,58,42,'Aspect ratio for a moving image resource of 1.5:1 or greater.',NULL,NULL,'en',1,422,NULL,NULL,NULL),
	(28990,'2015-10-18 11:20:10','added',24436,728,58,42,'Format de limage dune ressource dimages animes gal ou suprieur  1,5:1.',NULL,NULL,'fr',1,422,NULL,NULL,NULL),
	(28991,'2015-10-18 11:24:31','added',24443,728,58,43,'Breitbild',NULL,NULL,'de',1,422,NULL,32,NULL),
	(28992,'2015-10-18 11:24:31','added',24444,728,58,42,'Bildformat einer Bewegtbildressource von 1.5:1 oder hher.',NULL,NULL,'de',1,422,NULL,32,NULL),
	(28993,'2011-07-20 14:47:14','added',2113,729,58,19,'mixed',NULL,NULL,'en',1,224,NULL,NULL,NULL),
	(28994,'2015-10-18 11:20:10','added',6663,729,58,5,'Aspect ratio for a moving image resource that includes multiple aspect ratios within thesame resource.',58,NULL,'en',1,422,NULL,NULL,NULL),
	(28995,'2015-02-21 15:36:34','added',21627,729,58,19,'gemischt',58,NULL,'de',1,422,NULL,NULL,NULL),
	(28996,'2015-02-21 15:37:33','added',21629,729,58,19,'mixte',58,NULL,'fr',1,422,NULL,NULL,NULL),
	(28997,'2015-02-21 15:39:59','added',21632,729,58,5,'Bildformat einer Bewegtbildressource, die mehrere Bildformate innerhalb derselben Ressource enthlt.',58,NULL,'de',1,422,NULL,NULL,NULL),
	(28998,'2015-02-21 15:41:47','added',21634,729,58,5,'Format de limage dune ressource dimages animes comprenant divers formats de limage  lintrieur de la mme ressource.',58,NULL,'fr',1,422,NULL,NULL,NULL),
	(28999,'2015-03-13 10:55:37','added',22377,729,58,19,'mixta',58,NULL,'es',1,422,NULL,NULL,NULL),
	(29000,'2015-10-18 11:20:10','added',24437,729,58,43,'mixed',NULL,NULL,'en',1,422,NULL,NULL,NULL),
	(29001,'2015-10-18 11:20:10','added',24438,729,58,43,'mixte',NULL,NULL,'fr',1,422,NULL,NULL,NULL),
	(29002,'2015-10-18 11:24:31','updated',24439,729,58,42,'Aspect ratio for a moving image resource that includes multiple aspect ratios within thesame resource.',NULL,NULL,'en',1,422,NULL,32,NULL),
	(29003,'2015-10-18 11:20:10','added',24440,729,58,42,'Format de limage dune ressource dimages animes comprenant divers formats de limage  lintrieur de la mme ressource.',NULL,NULL,'fr',1,422,NULL,NULL,NULL),
	(29004,'2015-10-18 11:24:31','added',24445,729,58,43,'gemischt',NULL,NULL,'de',1,422,NULL,32,NULL),
	(29005,'2015-10-18 11:24:31','added',24446,729,58,42,'Bildformat einer Bewegtbildressource, die mehrere Bildformate innerhalb derselben Ressource enthlt.',NULL,NULL,'de',1,422,NULL,32,NULL),
	(29006,'2012-07-31 04:52:37','added',2111,727,58,19,'full screen',NULL,NULL,'en',1,224,NULL,NULL,NULL),
	(29007,'2012-08-27 07:51:17','added',6661,727,58,5,'Aspect ratio for a moving image resource of less than 1.5:1.',58,NULL,'en',1,224,NULL,NULL,NULL),
	(29008,'2015-02-21 15:36:10','added',21626,727,58,19,'Vollbild',58,NULL,'de',1,422,NULL,NULL,NULL),
	(29009,'2015-02-21 15:37:12','added',21628,727,58,19,'plein cran',58,NULL,'fr',1,422,NULL,NULL,NULL),
	(29010,'2015-02-21 15:39:23','added',21631,727,58,5,'Bildformat einer Bewegtbildressource von weniger als 1.5:1.',58,NULL,'de',1,422,NULL,NULL,NULL),
	(29011,'2015-02-21 15:42:26','added',21635,727,58,5,'Format de limage dune ressource dimages animes infrieur  1,5:1.',58,NULL,'fr',1,422,NULL,NULL,NULL),
	(29012,'2015-03-13 10:54:26','added',22375,727,58,19,'pantalla completa',58,NULL,'es',1,422,NULL,NULL,NULL),
	(29013,'2015-03-13 10:57:56','added',22378,727,58,5,'Proporcin dimensional de un recurso de imagen en movimiento menor que 1.5:1.',58,NULL,'es',1,422,NULL,NULL,NULL),
	(29014,'2015-10-18 11:20:09','added',24429,727,58,43,'full screen',NULL,NULL,'en',1,422,NULL,NULL,NULL),
	(29015,'2015-10-18 11:20:09','added',24430,727,58,43,'plein cran',NULL,NULL,'fr',1,422,NULL,NULL,NULL),
	(29016,'2015-10-18 11:20:09','added',24431,727,58,42,'Aspect ratio for a moving image resource of less than 1.5:1.',NULL,NULL,'en',1,422,NULL,NULL,NULL),
	(29017,'2015-10-18 11:20:09','added',24432,727,58,42,'Format de limage dune ressource dimages animes infrieur  1,5:1.',NULL,NULL,'fr',1,422,NULL,NULL,NULL),
	(29018,'2015-10-18 11:24:31','added',24441,727,58,43,'Vollbild',NULL,NULL,'de',1,422,NULL,NULL,NULL),
	(29019,'2015-10-18 11:24:31','added',24442,727,58,42,'Bildformat einer Bewegtbildressource von weniger als 1.5:1.',NULL,NULL,'de',1,422,NULL,NULL,NULL),
	(29020,'2015-10-18 11:27:47','added',24447,727,58,43,'pantalla completa',NULL,NULL,'es',1,422,NULL,33,NULL),
	(29021,'2015-10-18 11:27:47','added',24448,727,58,42,'Proporcin dimensional de un recurso de imagen en movimiento menor que 1.5:1.',NULL,NULL,'es',1,422,NULL,33,NULL),
	(29022,'2011-07-20 14:45:32','added',2112,728,58,19,'wide screen',NULL,NULL,'en',1,224,NULL,NULL,NULL),
	(29023,'2012-08-27 07:54:03','added',6662,728,58,5,'Aspect ratio for a moving image resource of 1.5:1 or greater.',58,NULL,'en',1,224,NULL,NULL,NULL),
	(29024,'2015-02-21 15:35:46','added',21625,728,58,19,'Breitbild',58,NULL,'de',1,422,NULL,NULL,NULL),
	(29025,'2015-02-21 15:37:58','added',21630,728,58,19,'cran large',58,NULL,'fr',1,422,NULL,NULL,NULL),
	(29026,'2015-02-21 15:40:42','added',21633,728,58,5,'Bildformat einer Bewegtbildressource von 1.5:1 oder hher.',58,NULL,'de',1,422,NULL,NULL,NULL),
	(29027,'2015-03-13 11:04:26','added',22376,728,58,19,'pantalla ancha',58,NULL,'es',1,422,NULL,NULL,NULL),
	(29028,'2015-03-20 17:17:55','added',22451,728,58,5,'Format de limage dune ressource dimages animes gal ou suprieur  1,5:1.',58,NULL,'fr',1,422,NULL,NULL,NULL),
	(29029,'2015-10-18 11:20:10','added',24433,728,58,43,'wide screen',NULL,NULL,'en',1,422,NULL,NULL,NULL),
	(29030,'2015-10-18 11:20:10','added',24434,728,58,43,'cran large',NULL,NULL,'fr',1,422,NULL,NULL,NULL),
	(29031,'2015-10-18 11:20:10','added',24435,728,58,42,'Aspect ratio for a moving image resource of 1.5:1 or greater.',NULL,NULL,'en',1,422,NULL,NULL,NULL),
	(29032,'2015-10-18 11:20:10','added',24436,728,58,42,'Format de limage dune ressource dimages animes gal ou suprieur  1,5:1.',NULL,NULL,'fr',1,422,NULL,NULL,NULL),
	(29033,'2015-10-18 11:24:31','added',24443,728,58,43,'Breitbild',NULL,NULL,'de',1,422,NULL,NULL,NULL),
	(29034,'2015-10-18 11:24:31','added',24444,728,58,42,'Bildformat einer Bewegtbildressource von 1.5:1 oder hher.',NULL,NULL,'de',1,422,NULL,NULL,NULL),
	(29035,'2015-10-18 11:27:47','added',24449,728,58,43,'pantalla ancha',NULL,NULL,'es',1,422,NULL,33,NULL),
	(29036,'2011-07-20 14:47:14','added',2113,729,58,19,'mixed',NULL,NULL,'en',1,224,NULL,NULL,NULL),
	(29037,'2015-10-18 11:20:10','added',6663,729,58,5,'Aspect ratio for a moving image resource that includes multiple aspect ratios within thesame resource.',58,NULL,'en',1,422,NULL,NULL,NULL),
	(29038,'2015-02-21 15:36:34','added',21627,729,58,19,'gemischt',58,NULL,'de',1,422,NULL,NULL,NULL),
	(29039,'2015-02-21 15:37:33','added',21629,729,58,19,'mixte',58,NULL,'fr',1,422,NULL,NULL,NULL),
	(29040,'2015-02-21 15:39:59','added',21632,729,58,5,'Bildformat einer Bewegtbildressource, die mehrere Bildformate innerhalb derselben Ressource enthlt.',58,NULL,'de',1,422,NULL,NULL,NULL),
	(29041,'2015-02-21 15:41:47','added',21634,729,58,5,'Format de limage dune ressource dimages animes comprenant divers formats de limage  lintrieur de la mme ressource.',58,NULL,'fr',1,422,NULL,NULL,NULL),
	(29042,'2015-03-13 10:55:37','added',22377,729,58,19,'mixta',58,NULL,'es',1,422,NULL,NULL,NULL),
	(29043,'2015-10-18 11:20:10','added',24437,729,58,43,'mixed',NULL,NULL,'en',1,422,NULL,NULL,NULL),
	(29044,'2015-10-18 11:20:10','added',24438,729,58,43,'mixte',NULL,NULL,'fr',1,422,NULL,NULL,NULL),
	(29045,'2015-10-18 11:24:31','added',24439,729,58,42,'Aspect ratio for a moving image resource that includes multiple aspect ratios within thesame resource.',NULL,NULL,'en',1,422,NULL,NULL,NULL),
	(29046,'2015-10-18 11:20:10','added',24440,729,58,42,'Format de limage dune ressource dimages animes comprenant divers formats de limage  lintrieur de la mme ressource.',NULL,NULL,'fr',1,422,NULL,NULL,NULL),
	(29047,'2015-10-18 11:24:31','added',24445,729,58,43,'gemischt',NULL,NULL,'de',1,422,NULL,NULL,NULL),
	(29048,'2015-10-18 11:24:31','added',24446,729,58,42,'Bildformat einer Bewegtbildressource, die mehrere Bildformate innerhalb derselben Ressource enthlt.',NULL,NULL,'de',1,422,NULL,NULL,NULL),
	(29049,'2015-10-18 11:27:47','added',24450,729,58,43,'mixta',NULL,NULL,'es',1,422,NULL,33,NULL),
	(34546,'2012-07-31 04:52:37','added',2111,727,58,19,'full screen',NULL,NULL,'en',1,224,NULL,NULL,NULL),
	(34547,'2012-08-27 07:51:17','added',6661,727,58,5,'Aspect ratio for a moving image resource of less than 1.5:1.',58,NULL,'en',1,224,NULL,NULL,NULL),
	(34548,'2015-02-21 15:36:10','added',21626,727,58,19,'Vollbild',58,NULL,'de',1,422,NULL,NULL,NULL),
	(34549,'2015-02-21 15:37:12','added',21628,727,58,19,'plein cran',58,NULL,'fr',1,422,NULL,NULL,NULL),
	(34550,'2015-02-21 15:39:23','added',21631,727,58,5,'Bildformat einer Bewegtbildressource von weniger als 1.5:1.',58,NULL,'de',1,422,NULL,NULL,NULL),
	(34551,'2015-02-21 15:42:26','added',21635,727,58,5,'Format de limage dune ressource dimages animes infrieur  1,5:1.',58,NULL,'fr',1,422,NULL,NULL,NULL),
	(34552,'2015-03-13 10:54:26','added',22375,727,58,19,'pantalla completa',58,NULL,'es',1,422,NULL,NULL,NULL),
	(34553,'2015-03-13 10:57:56','added',22378,727,58,5,'Proporcin dimensional de un recurso de imagen en movimiento menor que 1.5:1.',58,NULL,'es',1,422,NULL,NULL,NULL),
	(34554,'2015-10-18 11:20:09','added',24429,727,58,43,'full screen',NULL,NULL,'en',1,422,NULL,NULL,NULL),
	(34555,'2015-10-18 11:20:09','added',24430,727,58,43,'plein cran',NULL,NULL,'fr',1,422,NULL,NULL,NULL),
	(34556,'2015-10-18 11:20:09','added',24431,727,58,42,'Aspect ratio for a moving image resource of less than 1.5:1.',NULL,NULL,'en',1,422,NULL,NULL,NULL),
	(34557,'2015-10-18 11:20:09','added',24432,727,58,42,'Format de limage dune ressource dimages animes infrieur  1,5:1.',NULL,NULL,'fr',1,422,NULL,NULL,NULL),
	(34558,'2015-10-18 11:24:31','added',24441,727,58,43,'Vollbild',NULL,NULL,'de',1,422,NULL,NULL,NULL),
	(34559,'2015-10-18 11:24:31','added',24442,727,58,42,'Bildformat einer Bewegtbildressource von weniger als 1.5:1.',NULL,NULL,'de',1,422,NULL,NULL,NULL),
	(34560,'2015-10-18 11:27:47','added',24447,727,58,43,'pantalla completa',NULL,NULL,'es',1,422,NULL,NULL,NULL),
	(34561,'2015-10-18 11:27:47','added',24448,727,58,42,'Proporcin dimensional de un recurso de imagen en movimiento menor que 1.5:1.',NULL,NULL,'es',1,422,NULL,NULL,NULL),
	(34562,'2015-11-17 14:44:29','added',25301,727,58,1,'full-screen',NULL,NULL,'en',1,422,NULL,53,NULL),
	(34563,'2011-07-20 14:45:32','added',2112,728,58,19,'wide screen',NULL,NULL,'en',1,224,NULL,NULL,NULL),
	(34564,'2012-08-27 07:54:03','added',6662,728,58,5,'Aspect ratio for a moving image resource of 1.5:1 or greater.',58,NULL,'en',1,224,NULL,NULL,NULL),
	(34565,'2015-02-21 15:35:46','added',21625,728,58,19,'Breitbild',58,NULL,'de',1,422,NULL,NULL,NULL),
	(34566,'2015-02-21 15:37:58','added',21630,728,58,19,'cran large',58,NULL,'fr',1,422,NULL,NULL,NULL),
	(34567,'2015-02-21 15:40:42','added',21633,728,58,5,'Bildformat einer Bewegtbildressource von 1.5:1 oder hher.',58,NULL,'de',1,422,NULL,NULL,NULL),
	(34568,'2015-03-13 11:04:26','added',22376,728,58,19,'pantalla ancha',58,NULL,'es',1,422,NULL,NULL,NULL),
	(34569,'2015-03-20 17:17:55','added',22451,728,58,5,'Format de limage dune ressource dimages animes gal ou suprieur  1,5:1.',58,NULL,'fr',1,422,NULL,NULL,NULL),
	(34570,'2015-10-18 11:20:10','added',24433,728,58,43,'wide screen',NULL,NULL,'en',1,422,NULL,NULL,NULL),
	(34571,'2015-10-18 11:20:10','added',24434,728,58,43,'cran large',NULL,NULL,'fr',1,422,NULL,NULL,NULL),
	(34572,'2015-10-18 11:20:10','added',24435,728,58,42,'Aspect ratio for a moving image resource of 1.5:1 or greater.',NULL,NULL,'en',1,422,NULL,NULL,NULL),
	(34573,'2015-10-18 11:20:10','added',24436,728,58,42,'Format de limage dune ressource dimages animes gal ou suprieur  1,5:1.',NULL,NULL,'fr',1,422,NULL,NULL,NULL),
	(34574,'2015-10-18 11:24:31','added',24443,728,58,43,'Breitbild',NULL,NULL,'de',1,422,NULL,NULL,NULL),
	(34575,'2015-10-18 11:24:31','added',24444,728,58,42,'Bildformat einer Bewegtbildressource von 1.5:1 oder hher.',NULL,NULL,'de',1,422,NULL,NULL,NULL),
	(34576,'2015-10-18 11:27:47','added',24449,728,58,43,'pantalla ancha',NULL,NULL,'es',1,422,NULL,NULL,NULL),
	(34577,'2015-11-17 14:44:29','added',25302,728,58,1,'wide-screen',NULL,NULL,'en',1,422,NULL,53,NULL),
	(34578,'2011-07-20 14:47:14','added',2113,729,58,19,'mixed',NULL,NULL,'en',1,224,NULL,NULL,NULL),
	(34579,'2015-10-18 11:20:10','added',6663,729,58,5,'Aspect ratio for a moving image resource that includes multiple aspect ratios within thesame resource.',58,NULL,'en',1,422,NULL,NULL,NULL),
	(34580,'2015-02-21 15:36:34','added',21627,729,58,19,'gemischt',58,NULL,'de',1,422,NULL,NULL,NULL),
	(34581,'2015-02-21 15:37:33','added',21629,729,58,19,'mixte',58,NULL,'fr',1,422,NULL,NULL,NULL),
	(34582,'2015-02-21 15:39:59','added',21632,729,58,5,'Bildformat einer Bewegtbildressource, die mehrere Bildformate innerhalb derselben Ressource enthlt.',58,NULL,'de',1,422,NULL,NULL,NULL),
	(34583,'2015-02-21 15:41:47','added',21634,729,58,5,'Format de limage dune ressource dimages animes comprenant divers formats de limage  lintrieur de la mme ressource.',58,NULL,'fr',1,422,NULL,NULL,NULL),
	(34584,'2015-03-13 10:55:37','added',22377,729,58,19,'mixta',58,NULL,'es',1,422,NULL,NULL,NULL),
	(34585,'2015-10-18 11:20:10','added',24437,729,58,43,'mixed',NULL,NULL,'en',1,422,NULL,NULL,NULL),
	(34586,'2015-10-18 11:20:10','added',24438,729,58,43,'mixte',NULL,NULL,'fr',1,422,NULL,NULL,NULL),
	(34587,'2015-10-18 11:24:31','added',24439,729,58,42,'Aspect ratio for a moving image resource that includes multiple aspect ratios within thesame resource.',NULL,NULL,'en',1,422,NULL,NULL,NULL),
	(34588,'2015-10-18 11:20:10','added',24440,729,58,42,'Format de limage dune ressource dimages animes comprenant divers formats de limage  lintrieur de la mme ressource.',NULL,NULL,'fr',1,422,NULL,NULL,NULL),
	(34589,'2015-10-18 11:24:31','added',24445,729,58,43,'gemischt',NULL,NULL,'de',1,422,NULL,NULL,NULL),
	(34590,'2015-10-18 11:24:31','added',24446,729,58,42,'Bildformat einer Bewegtbildressource, die mehrere Bildformate innerhalb derselben Ressource enthlt.',NULL,NULL,'de',1,422,NULL,NULL,NULL),
	(34591,'2015-10-18 11:27:47','added',24450,729,58,43,'mixta',NULL,NULL,'es',1,422,NULL,NULL,NULL),
	(34592,'2015-11-17 14:50:35','deleted',25301,727,58,1,'full-screen',NULL,NULL,'en',1,422,NULL,NULL,NULL),
	(34593,'2012-07-31 04:52:37','added',2111,727,58,19,'full screen',NULL,NULL,'en',1,224,NULL,NULL,NULL),
	(34594,'2012-08-27 07:51:17','added',6661,727,58,5,'Aspect ratio for a moving image resource of less than 1.5:1.',58,NULL,'en',1,224,NULL,NULL,NULL),
	(34595,'2015-02-21 15:36:10','added',21626,727,58,19,'Vollbild',58,NULL,'de',1,422,NULL,NULL,NULL),
	(34596,'2015-02-21 15:37:12','added',21628,727,58,19,'plein cran',58,NULL,'fr',1,422,NULL,NULL,NULL),
	(34597,'2015-02-21 15:39:23','added',21631,727,58,5,'Bildformat einer Bewegtbildressource von weniger als 1.5:1.',58,NULL,'de',1,422,NULL,NULL,NULL),
	(34598,'2015-02-21 15:42:26','added',21635,727,58,5,'Format de limage dune ressource dimages animes infrieur  1,5:1.',58,NULL,'fr',1,422,NULL,NULL,NULL),
	(34599,'2015-03-13 10:54:26','added',22375,727,58,19,'pantalla completa',58,NULL,'es',1,422,NULL,NULL,NULL),
	(34600,'2015-03-13 10:57:56','added',22378,727,58,5,'Proporcin dimensional de un recurso de imagen en movimiento menor que 1.5:1.',58,NULL,'es',1,422,NULL,NULL,NULL),
	(34601,'2015-10-18 11:20:09','added',24429,727,58,43,'full screen',NULL,NULL,'en',1,422,NULL,NULL,NULL),
	(34602,'2015-10-18 11:20:09','added',24430,727,58,43,'plein cran',NULL,NULL,'fr',1,422,NULL,NULL,NULL),
	(34603,'2015-10-18 11:20:09','added',24431,727,58,42,'Aspect ratio for a moving image resource of less than 1.5:1.',NULL,NULL,'en',1,422,NULL,NULL,NULL),
	(34604,'2015-10-18 11:20:09','added',24432,727,58,42,'Format de limage dune ressource dimages animes infrieur  1,5:1.',NULL,NULL,'fr',1,422,NULL,NULL,NULL),
	(34605,'2015-10-18 11:24:31','added',24441,727,58,43,'Vollbild',NULL,NULL,'de',1,422,NULL,NULL,NULL),
	(34606,'2015-10-18 11:24:31','added',24442,727,58,42,'Bildformat einer Bewegtbildressource von weniger als 1.5:1.',NULL,NULL,'de',1,422,NULL,NULL,NULL),
	(34607,'2015-10-18 11:27:47','added',24447,727,58,43,'pantalla completa',NULL,NULL,'es',1,422,NULL,NULL,NULL),
	(34608,'2015-10-18 11:27:47','added',24448,727,58,42,'Proporcin dimensional de un recurso de imagen en movimiento menor que 1.5:1.',NULL,NULL,'es',1,422,NULL,NULL,NULL),
	(34609,'2015-11-17 14:50:35','added',25301,727,58,1,'full-screen',NULL,NULL,'en',1,422,NULL,NULL,NULL),
	(34610,'2015-11-17 14:50:35','deleted',25302,728,58,1,'wide-screen',NULL,NULL,'en',1,422,NULL,NULL,NULL),
	(34611,'2011-07-20 14:45:32','added',2112,728,58,19,'wide screen',NULL,NULL,'en',1,224,NULL,NULL,NULL),
	(34612,'2012-08-27 07:54:03','added',6662,728,58,5,'Aspect ratio for a moving image resource of 1.5:1 or greater.',58,NULL,'en',1,224,NULL,NULL,NULL),
	(34613,'2015-02-21 15:35:46','added',21625,728,58,19,'Breitbild',58,NULL,'de',1,422,NULL,NULL,NULL),
	(34614,'2015-02-21 15:37:58','added',21630,728,58,19,'cran large',58,NULL,'fr',1,422,NULL,NULL,NULL),
	(34615,'2015-02-21 15:40:42','added',21633,728,58,5,'Bildformat einer Bewegtbildressource von 1.5:1 oder hher.',58,NULL,'de',1,422,NULL,NULL,NULL),
	(34616,'2015-03-13 11:04:26','added',22376,728,58,19,'pantalla ancha',58,NULL,'es',1,422,NULL,NULL,NULL),
	(34617,'2015-03-20 17:17:55','added',22451,728,58,5,'Format de limage dune ressource dimages animes gal ou suprieur  1,5:1.',58,NULL,'fr',1,422,NULL,NULL,NULL),
	(34618,'2015-10-18 11:20:10','added',24433,728,58,43,'wide screen',NULL,NULL,'en',1,422,NULL,NULL,NULL),
	(34619,'2015-10-18 11:20:10','added',24434,728,58,43,'cran large',NULL,NULL,'fr',1,422,NULL,NULL,NULL),
	(34620,'2015-10-18 11:20:10','added',24435,728,58,42,'Aspect ratio for a moving image resource of 1.5:1 or greater.',NULL,NULL,'en',1,422,NULL,NULL,NULL),
	(34621,'2015-10-18 11:20:10','added',24436,728,58,42,'Format de limage dune ressource dimages animes gal ou suprieur  1,5:1.',NULL,NULL,'fr',1,422,NULL,NULL,NULL),
	(34622,'2015-10-18 11:24:31','added',24443,728,58,43,'Breitbild',NULL,NULL,'de',1,422,NULL,NULL,NULL),
	(34623,'2015-10-18 11:24:31','added',24444,728,58,42,'Bildformat einer Bewegtbildressource von 1.5:1 oder hher.',NULL,NULL,'de',1,422,NULL,NULL,NULL),
	(34624,'2015-10-18 11:27:47','added',24449,728,58,43,'pantalla ancha',NULL,NULL,'es',1,422,NULL,NULL,NULL),
	(34625,'2015-11-17 14:50:35','added',25302,728,58,1,'wide-screen',NULL,NULL,'en',1,422,NULL,NULL,NULL),
	(34626,'2011-07-20 14:47:14','added',2113,729,58,19,'mixed',NULL,NULL,'en',1,224,NULL,NULL,NULL),
	(34627,'2015-10-18 11:20:10','added',6663,729,58,5,'Aspect ratio for a moving image resource that includes multiple aspect ratios within thesame resource.',58,NULL,'en',1,422,NULL,NULL,NULL),
	(34628,'2015-02-21 15:36:34','added',21627,729,58,19,'gemischt',58,NULL,'de',1,422,NULL,NULL,NULL),
	(34629,'2015-02-21 15:37:33','added',21629,729,58,19,'mixte',58,NULL,'fr',1,422,NULL,NULL,NULL),
	(34630,'2015-02-21 15:39:59','added',21632,729,58,5,'Bildformat einer Bewegtbildressource, die mehrere Bildformate innerhalb derselben Ressource enthlt.',58,NULL,'de',1,422,NULL,NULL,NULL),
	(34631,'2015-02-21 15:41:47','added',21634,729,58,5,'Format de limage dune ressource dimages animes comprenant divers formats de limage  lintrieur de la mme ressource.',58,NULL,'fr',1,422,NULL,NULL,NULL),
	(34632,'2015-03-13 10:55:37','added',22377,729,58,19,'mixta',58,NULL,'es',1,422,NULL,NULL,NULL),
	(34633,'2015-10-18 11:20:10','added',24437,729,58,43,'mixed',NULL,NULL,'en',1,422,NULL,NULL,NULL),
	(34634,'2015-10-18 11:20:10','added',24438,729,58,43,'mixte',NULL,NULL,'fr',1,422,NULL,NULL,NULL),
	(34635,'2015-10-18 11:24:31','added',24439,729,58,42,'Aspect ratio for a moving image resource that includes multiple aspect ratios within thesame resource.',NULL,NULL,'en',1,422,NULL,NULL,NULL),
	(34636,'2015-10-18 11:20:10','added',24440,729,58,42,'Format de limage dune ressource dimages animes comprenant divers formats de limage  lintrieur de la mme ressource.',NULL,NULL,'fr',1,422,NULL,NULL,NULL),
	(34637,'2015-10-18 11:24:31','added',24445,729,58,43,'gemischt',NULL,NULL,'de',1,422,NULL,NULL,NULL),
	(34638,'2015-10-18 11:24:31','added',24446,729,58,42,'Bildformat einer Bewegtbildressource, die mehrere Bildformate innerhalb derselben Ressource enthlt.',NULL,NULL,'de',1,422,NULL,NULL,NULL),
	(34639,'2015-10-18 11:27:47','added',24450,729,58,43,'mixta',NULL,NULL,'es',1,422,NULL,NULL,NULL),
	(34640,'2012-07-31 04:52:37','added',2111,727,58,19,'full screen',NULL,NULL,'en',1,224,NULL,NULL,NULL),
	(34641,'2012-08-27 07:51:17','added',6661,727,58,5,'Aspect ratio for a moving image resource of less than 1.5:1.',58,NULL,'en',1,224,NULL,NULL,NULL),
	(34642,'2015-02-21 15:36:10','added',21626,727,58,19,'Vollbild',58,NULL,'de',1,422,NULL,NULL,NULL),
	(34643,'2015-02-21 15:37:12','added',21628,727,58,19,'plein cran',58,NULL,'fr',1,422,NULL,NULL,NULL),
	(34644,'2015-02-21 15:39:23','added',21631,727,58,5,'Bildformat einer Bewegtbildressource von weniger als 1.5:1.',58,NULL,'de',1,422,NULL,NULL,NULL),
	(34645,'2015-02-21 15:42:26','added',21635,727,58,5,'Format de limage dune ressource dimages animes infrieur  1,5:1.',58,NULL,'fr',1,422,NULL,NULL,NULL),
	(34646,'2015-03-13 10:54:26','added',22375,727,58,19,'pantalla completa',58,NULL,'es',1,422,NULL,NULL,NULL),
	(34647,'2015-03-13 10:57:56','added',22378,727,58,5,'Proporcin dimensional de un recurso de imagen en movimiento menor que 1.5:1.',58,NULL,'es',1,422,NULL,NULL,NULL),
	(34648,'2015-10-18 11:20:09','added',24429,727,58,43,'full screen',NULL,NULL,'en',1,422,NULL,NULL,NULL),
	(34649,'2015-10-18 11:20:09','added',24430,727,58,43,'plein cran',NULL,NULL,'fr',1,422,NULL,NULL,NULL),
	(34650,'2015-10-18 11:20:09','added',24431,727,58,42,'Aspect ratio for a moving image resource of less than 1.5:1.',NULL,NULL,'en',1,422,NULL,NULL,NULL),
	(34651,'2015-10-18 11:20:09','added',24432,727,58,42,'Format de limage dune ressource dimages animes infrieur  1,5:1.',NULL,NULL,'fr',1,422,NULL,NULL,NULL),
	(34652,'2015-10-18 11:24:31','added',24441,727,58,43,'Vollbild',NULL,NULL,'de',1,422,NULL,NULL,NULL),
	(34653,'2015-10-18 11:24:31','added',24442,727,58,42,'Bildformat einer Bewegtbildressource von weniger als 1.5:1.',NULL,NULL,'de',1,422,NULL,NULL,NULL),
	(34654,'2015-10-18 11:27:47','added',24447,727,58,43,'pantalla completa',NULL,NULL,'es',1,422,NULL,NULL,NULL),
	(34655,'2015-10-18 11:27:47','added',24448,727,58,42,'Proporcin dimensional de un recurso de imagen en movimiento menor que 1.5:1.',NULL,NULL,'es',1,422,NULL,NULL,NULL),
	(34656,'2015-11-17 14:54:27','added',25303,727,58,1,'full-screen',NULL,NULL,'en',1,422,NULL,55,NULL),
	(34657,'2011-07-20 14:45:32','added',2112,728,58,19,'wide screen',NULL,NULL,'en',1,224,NULL,NULL,NULL),
	(34658,'2012-08-27 07:54:03','added',6662,728,58,5,'Aspect ratio for a moving image resource of 1.5:1 or greater.',58,NULL,'en',1,224,NULL,NULL,NULL),
	(34659,'2015-02-21 15:35:46','added',21625,728,58,19,'Breitbild',58,NULL,'de',1,422,NULL,NULL,NULL),
	(34660,'2015-02-21 15:37:58','added',21630,728,58,19,'cran large',58,NULL,'fr',1,422,NULL,NULL,NULL),
	(34661,'2015-02-21 15:40:42','added',21633,728,58,5,'Bildformat einer Bewegtbildressource von 1.5:1 oder hher.',58,NULL,'de',1,422,NULL,NULL,NULL),
	(34662,'2015-03-13 11:04:26','added',22376,728,58,19,'pantalla ancha',58,NULL,'es',1,422,NULL,NULL,NULL),
	(34663,'2015-03-20 17:17:55','added',22451,728,58,5,'Format de limage dune ressource dimages animes gal ou suprieur  1,5:1.',58,NULL,'fr',1,422,NULL,NULL,NULL),
	(34664,'2015-10-18 11:20:10','added',24433,728,58,43,'wide screen',NULL,NULL,'en',1,422,NULL,NULL,NULL),
	(34665,'2015-10-18 11:20:10','added',24434,728,58,43,'cran large',NULL,NULL,'fr',1,422,NULL,NULL,NULL),
	(34666,'2015-10-18 11:20:10','added',24435,728,58,42,'Aspect ratio for a moving image resource of 1.5:1 or greater.',NULL,NULL,'en',1,422,NULL,NULL,NULL),
	(34667,'2015-10-18 11:20:10','added',24436,728,58,42,'Format de limage dune ressource dimages animes gal ou suprieur  1,5:1.',NULL,NULL,'fr',1,422,NULL,NULL,NULL),
	(34668,'2015-10-18 11:24:31','added',24443,728,58,43,'Breitbild',NULL,NULL,'de',1,422,NULL,NULL,NULL),
	(34669,'2015-10-18 11:24:31','added',24444,728,58,42,'Bildformat einer Bewegtbildressource von 1.5:1 oder hher.',NULL,NULL,'de',1,422,NULL,NULL,NULL),
	(34670,'2015-10-18 11:27:47','added',24449,728,58,43,'pantalla ancha',NULL,NULL,'es',1,422,NULL,NULL,NULL),
	(34671,'2015-11-17 14:54:27','added',25304,728,58,1,'wide-screen',NULL,NULL,'en',1,422,NULL,55,NULL),
	(34672,'2011-07-20 14:47:14','added',2113,729,58,19,'mixed',NULL,NULL,'en',1,224,NULL,NULL,NULL),
	(34673,'2015-10-18 11:20:10','added',6663,729,58,5,'Aspect ratio for a moving image resource that includes multiple aspect ratios within thesame resource.',58,NULL,'en',1,422,NULL,NULL,NULL),
	(34674,'2015-02-21 15:36:34','added',21627,729,58,19,'gemischt',58,NULL,'de',1,422,NULL,NULL,NULL),
	(34675,'2015-02-21 15:37:33','added',21629,729,58,19,'mixte',58,NULL,'fr',1,422,NULL,NULL,NULL),
	(34676,'2015-02-21 15:39:59','added',21632,729,58,5,'Bildformat einer Bewegtbildressource, die mehrere Bildformate innerhalb derselben Ressource enthlt.',58,NULL,'de',1,422,NULL,NULL,NULL),
	(34677,'2015-02-21 15:41:47','added',21634,729,58,5,'Format de limage dune ressource dimages animes comprenant divers formats de limage  lintrieur de la mme ressource.',58,NULL,'fr',1,422,NULL,NULL,NULL),
	(34678,'2015-03-13 10:55:37','added',22377,729,58,19,'mixta',58,NULL,'es',1,422,NULL,NULL,NULL),
	(34679,'2015-10-18 11:20:10','added',24437,729,58,43,'mixed',NULL,NULL,'en',1,422,NULL,NULL,NULL),
	(34680,'2015-10-18 11:20:10','added',24438,729,58,43,'mixte',NULL,NULL,'fr',1,422,NULL,NULL,NULL),
	(34681,'2015-10-18 11:24:31','added',24439,729,58,42,'Aspect ratio for a moving image resource that includes multiple aspect ratios within thesame resource.',NULL,NULL,'en',1,422,NULL,NULL,NULL),
	(34682,'2015-10-18 11:20:10','added',24440,729,58,42,'Format de limage dune ressource dimages animes comprenant divers formats de limage  lintrieur de la mme ressource.',NULL,NULL,'fr',1,422,NULL,NULL,NULL),
	(34683,'2015-10-18 11:24:31','added',24445,729,58,43,'gemischt',NULL,NULL,'de',1,422,NULL,NULL,NULL),
	(34684,'2015-10-18 11:24:31','added',24446,729,58,42,'Bildformat einer Bewegtbildressource, die mehrere Bildformate innerhalb derselben Ressource enthlt.',NULL,NULL,'de',1,422,NULL,NULL,NULL),
	(34685,'2015-10-18 11:27:47','added',24450,729,58,43,'mixta',NULL,NULL,'es',1,422,NULL,NULL,NULL),
	(66950,'2015-12-06 12:14:10','added',28801,727,58,1,'fullscreen',58,NULL,'en',1,422,NULL,NULL,NULL),
	(66951,'2015-12-06 12:14:43','added',28802,728,58,1,'widescreen',58,NULL,'en',1,422,NULL,NULL,NULL),
	(70126,'2016-01-04 17:28:54','deleted',25303,727,58,1,'full-screen',NULL,NULL,'en',1,422,NULL,190,NULL),
	(70127,'2016-01-04 17:28:54','deleted',28801,727,58,1,'fullscreen',58,NULL,'en',1,422,NULL,190,NULL),
	(70128,'2016-01-04 17:28:54','added',25303,727,58,1,'full-screen',NULL,NULL,'en',1,422,NULL,190,NULL),
	(70129,'2012-07-31 04:52:37','added',2111,727,58,19,'full screen',NULL,NULL,'en',1,224,NULL,NULL,NULL),
	(70130,'2012-08-27 07:51:17','added',6661,727,58,5,'Aspect ratio for a moving image resource of less than 1.5:1.',58,NULL,'en',1,224,NULL,NULL,NULL),
	(70131,'2015-02-21 15:36:10','added',21626,727,58,19,'Vollbild',58,NULL,'de',1,422,NULL,NULL,NULL),
	(70132,'2015-02-21 15:37:12','added',21628,727,58,19,'plein cran',58,NULL,'fr',1,422,NULL,NULL,NULL),
	(70133,'2015-02-21 15:39:23','added',21631,727,58,5,'Bildformat einer Bewegtbildressource von weniger als 1.5:1.',58,NULL,'de',1,422,NULL,NULL,NULL),
	(70134,'2015-02-21 15:42:26','added',21635,727,58,5,'Format de limage dune ressource dimages animes infrieur  1,5:1.',58,NULL,'fr',1,422,NULL,NULL,NULL),
	(70135,'2015-03-13 10:54:26','added',22375,727,58,19,'pantalla completa',58,NULL,'es',1,422,NULL,NULL,NULL),
	(70136,'2015-03-13 10:57:56','added',22378,727,58,5,'Proporcin dimensional de un recurso de imagen en movimiento menor que 1.5:1.',58,NULL,'es',1,422,NULL,NULL,NULL),
	(70137,'2015-10-18 11:20:09','added',24429,727,58,43,'full screen',NULL,NULL,'en',1,422,NULL,NULL,NULL),
	(70138,'2015-10-18 11:20:09','added',24430,727,58,43,'plein cran',NULL,NULL,'fr',1,422,NULL,NULL,NULL),
	(70139,'2015-10-18 11:20:09','added',24431,727,58,42,'Aspect ratio for a moving image resource of less than 1.5:1.',NULL,NULL,'en',1,422,NULL,NULL,NULL),
	(70140,'2015-10-18 11:20:09','added',24432,727,58,42,'Format de limage dune ressource dimages animes infrieur  1,5:1.',NULL,NULL,'fr',1,422,NULL,NULL,NULL),
	(70141,'2015-10-18 11:24:31','added',24441,727,58,43,'Vollbild',NULL,NULL,'de',1,422,NULL,NULL,NULL),
	(70142,'2015-10-18 11:24:31','added',24442,727,58,42,'Bildformat einer Bewegtbildressource von weniger als 1.5:1.',NULL,NULL,'de',1,422,NULL,NULL,NULL),
	(70143,'2015-10-18 11:27:47','added',24447,727,58,43,'pantalla completa',NULL,NULL,'es',1,422,NULL,NULL,NULL),
	(70144,'2015-10-18 11:27:47','added',24448,727,58,42,'Proporcin dimensional de un recurso de imagen en movimiento menor que 1.5:1.',NULL,NULL,'es',1,422,NULL,NULL,NULL),
	(70145,'2016-01-04 17:28:54','added',25303,727,58,1,'full-screen',NULL,NULL,'en',1,422,NULL,190,NULL),
	(70146,'2016-01-04 17:28:54','added',28801,727,58,1,'fullscreen',58,NULL,'en',1,422,NULL,190,NULL),
	(70147,'2016-01-04 17:28:54','added',29890,727,58,19,'',NULL,NULL,'zh',1,422,NULL,190,NULL),
	(70148,'2016-01-04 17:28:54','added',29891,727,58,43,'',NULL,NULL,'zh',1,422,NULL,190,NULL),
	(70149,'2016-01-04 17:28:54','added',29892,727,58,5,'1.51',NULL,NULL,'zh',1,422,NULL,190,NULL),
	(70150,'2016-01-04 17:28:54','added',29893,727,58,42,'1.51',NULL,NULL,'zh',1,422,NULL,190,NULL),
	(70151,'2016-01-04 17:28:54','deleted',25304,728,58,1,'wide-screen',NULL,NULL,'en',1,422,NULL,190,NULL),
	(70152,'2016-01-04 17:28:54','deleted',28802,728,58,1,'widescreen',58,NULL,'en',1,422,NULL,190,NULL),
	(70153,'2016-01-04 17:28:54','added',25304,728,58,1,'wide-screen',NULL,NULL,'en',1,422,NULL,190,NULL),
	(70154,'2011-07-20 14:45:32','added',2112,728,58,19,'wide screen',NULL,NULL,'en',1,224,NULL,NULL,NULL),
	(70155,'2012-08-27 07:54:03','added',6662,728,58,5,'Aspect ratio for a moving image resource of 1.5:1 or greater.',58,NULL,'en',1,224,NULL,NULL,NULL),
	(70156,'2015-02-21 15:35:46','added',21625,728,58,19,'Breitbild',58,NULL,'de',1,422,NULL,NULL,NULL),
	(70157,'2015-02-21 15:37:58','added',21630,728,58,19,'cran large',58,NULL,'fr',1,422,NULL,NULL,NULL),
	(70158,'2015-02-21 15:40:42','added',21633,728,58,5,'Bildformat einer Bewegtbildressource von 1.5:1 oder hher.',58,NULL,'de',1,422,NULL,NULL,NULL),
	(70159,'2015-03-13 11:04:26','added',22376,728,58,19,'pantalla ancha',58,NULL,'es',1,422,NULL,NULL,NULL),
	(70160,'2015-03-20 17:17:55','added',22451,728,58,5,'Format de limage dune ressource dimages animes gal ou suprieur  1,5:1.',58,NULL,'fr',1,422,NULL,NULL,NULL),
	(70161,'2015-10-18 11:20:10','added',24433,728,58,43,'wide screen',NULL,NULL,'en',1,422,NULL,NULL,NULL),
	(70162,'2015-10-18 11:20:10','added',24434,728,58,43,'cran large',NULL,NULL,'fr',1,422,NULL,NULL,NULL),
	(70163,'2015-10-18 11:20:10','added',24435,728,58,42,'Aspect ratio for a moving image resource of 1.5:1 or greater.',NULL,NULL,'en',1,422,NULL,NULL,NULL),
	(70164,'2015-10-18 11:20:10','added',24436,728,58,42,'Format de limage dune ressource dimages animes gal ou suprieur  1,5:1.',NULL,NULL,'fr',1,422,NULL,NULL,NULL),
	(70165,'2015-10-18 11:24:31','added',24443,728,58,43,'Breitbild',NULL,NULL,'de',1,422,NULL,NULL,NULL),
	(70166,'2015-10-18 11:24:31','added',24444,728,58,42,'Bildformat einer Bewegtbildressource von 1.5:1 oder hher.',NULL,NULL,'de',1,422,NULL,NULL,NULL),
	(70167,'2015-10-18 11:27:47','added',24449,728,58,43,'pantalla ancha',NULL,NULL,'es',1,422,NULL,NULL,NULL),
	(70168,'2016-01-04 17:28:54','added',25304,728,58,1,'wide-screen',NULL,NULL,'en',1,422,NULL,190,NULL),
	(70169,'2016-01-04 17:28:54','added',28802,728,58,1,'widescreen',58,NULL,'en',1,422,NULL,190,NULL),
	(70170,'2016-01-04 17:28:54','added',29894,728,58,19,'',NULL,NULL,'zh',1,422,NULL,190,NULL),
	(70171,'2016-01-04 17:28:54','added',29895,728,58,43,'',NULL,NULL,'zh',1,422,NULL,190,NULL),
	(70172,'2016-01-04 17:28:54','added',29896,728,58,5,'1.5:1',NULL,NULL,'zh',1,422,NULL,190,NULL),
	(70173,'2016-01-04 17:28:54','added',29897,728,58,42,'1.5:1',NULL,NULL,'zh',1,422,NULL,190,NULL),
	(70174,'2011-07-20 14:47:14','added',2113,729,58,19,'mixed',NULL,NULL,'en',1,224,NULL,NULL,NULL),
	(70175,'2015-10-18 11:20:10','added',6663,729,58,5,'Aspect ratio for a moving image resource that includes multiple aspect ratios within thesame resource.',58,NULL,'en',1,422,NULL,NULL,NULL),
	(70176,'2015-02-21 15:36:34','added',21627,729,58,19,'gemischt',58,NULL,'de',1,422,NULL,NULL,NULL),
	(70177,'2015-02-21 15:37:33','added',21629,729,58,19,'mixte',58,NULL,'fr',1,422,NULL,NULL,NULL),
	(70178,'2015-02-21 15:39:59','added',21632,729,58,5,'Bildformat einer Bewegtbildressource, die mehrere Bildformate innerhalb derselben Ressource enthlt.',58,NULL,'de',1,422,NULL,NULL,NULL),
	(70179,'2015-02-21 15:41:47','added',21634,729,58,5,'Format de limage dune ressource dimages animes comprenant divers formats de limage  lintrieur de la mme ressource.',58,NULL,'fr',1,422,NULL,NULL,NULL),
	(70180,'2015-03-13 10:55:37','added',22377,729,58,19,'mixta',58,NULL,'es',1,422,NULL,NULL,NULL),
	(70181,'2015-10-18 11:20:10','added',24437,729,58,43,'mixed',NULL,NULL,'en',1,422,NULL,NULL,NULL),
	(70182,'2015-10-18 11:20:10','added',24438,729,58,43,'mixte',NULL,NULL,'fr',1,422,NULL,NULL,NULL),
	(70183,'2015-10-18 11:24:31','added',24439,729,58,42,'Aspect ratio for a moving image resource that includes multiple aspect ratios within thesame resource.',NULL,NULL,'en',1,422,NULL,NULL,NULL),
	(70184,'2015-10-18 11:20:10','added',24440,729,58,42,'Format de limage dune ressource dimages animes comprenant divers formats de limage  lintrieur de la mme ressource.',NULL,NULL,'fr',1,422,NULL,NULL,NULL),
	(70185,'2015-10-18 11:24:31','added',24445,729,58,43,'gemischt',NULL,NULL,'de',1,422,NULL,NULL,NULL),
	(70186,'2015-10-18 11:24:31','added',24446,729,58,42,'Bildformat einer Bewegtbildressource, die mehrere Bildformate innerhalb derselben Ressource enthlt.',NULL,NULL,'de',1,422,NULL,NULL,NULL),
	(70187,'2015-10-18 11:27:47','added',24450,729,58,43,'mixta',NULL,NULL,'es',1,422,NULL,NULL,NULL),
	(70188,'2016-01-04 17:28:54','added',29898,729,58,19,'',NULL,NULL,'zh',1,422,NULL,190,NULL),
	(70189,'2016-01-04 17:28:54','added',29899,729,58,43,'',NULL,NULL,'zh',1,422,NULL,190,NULL),
	(70190,'2016-01-04 17:28:54','added',29900,729,58,5,'',NULL,NULL,'zh',1,422,NULL,190,NULL),
	(70191,'2016-01-04 17:28:54','added',29901,729,58,42,'',NULL,NULL,'zh',1,422,NULL,190,NULL),
	(73270,'2012-07-31 04:52:37','added',2111,727,58,19,'full screen',NULL,NULL,'en',1,224,NULL,NULL,NULL),
	(73271,'2012-08-27 07:51:17','added',6661,727,58,5,'Aspect ratio for a moving image resource of less than 1.5:1.',58,NULL,'en',1,224,NULL,NULL,NULL),
	(73272,'2015-02-21 15:36:10','added',21626,727,58,19,'Vollbild',58,NULL,'de',1,422,NULL,NULL,NULL),
	(73273,'2015-02-21 15:37:12','added',21628,727,58,19,'plein cran',58,NULL,'fr',1,422,NULL,NULL,NULL),
	(73274,'2015-02-21 15:39:23','added',21631,727,58,5,'Bildformat einer Bewegtbildressource von weniger als 1.5:1.',58,NULL,'de',1,422,NULL,NULL,NULL),
	(73275,'2015-02-21 15:42:26','added',21635,727,58,5,'Format de limage dune ressource dimages animes infrieur  1,5:1.',58,NULL,'fr',1,422,NULL,NULL,NULL),
	(73276,'2015-03-13 10:54:26','added',22375,727,58,19,'pantalla completa',58,NULL,'es',1,422,NULL,NULL,NULL),
	(73277,'2015-03-13 10:57:56','added',22378,727,58,5,'Proporcin dimensional de un recurso de imagen en movimiento menor que 1.5:1.',58,NULL,'es',1,422,NULL,NULL,NULL),
	(73278,'2015-10-18 11:20:09','added',24429,727,58,43,'full screen',NULL,NULL,'en',1,422,NULL,NULL,NULL),
	(73279,'2015-10-18 11:20:09','added',24430,727,58,43,'plein cran',NULL,NULL,'fr',1,422,NULL,NULL,NULL),
	(73280,'2015-10-18 11:20:09','added',24431,727,58,42,'Aspect ratio for a moving image resource of less than 1.5:1.',NULL,NULL,'en',1,422,NULL,NULL,NULL),
	(73281,'2015-10-18 11:20:09','added',24432,727,58,42,'Format de limage dune ressource dimages animes infrieur  1,5:1.',NULL,NULL,'fr',1,422,NULL,NULL,NULL),
	(73282,'2015-10-18 11:24:31','added',24441,727,58,43,'Vollbild',NULL,NULL,'de',1,422,NULL,NULL,NULL),
	(73283,'2015-10-18 11:24:31','added',24442,727,58,42,'Bildformat einer Bewegtbildressource von weniger als 1.5:1.',NULL,NULL,'de',1,422,NULL,NULL,NULL),
	(73284,'2015-10-18 11:27:47','added',24447,727,58,43,'pantalla completa',NULL,NULL,'es',1,422,NULL,NULL,NULL),
	(73285,'2015-10-18 11:27:47','added',24448,727,58,42,'Proporcin dimensional de un recurso de imagen en movimiento menor que 1.5:1.',NULL,NULL,'es',1,422,NULL,NULL,NULL),
	(73286,'2016-01-04 17:28:54','added',29890,727,58,19,'',NULL,NULL,'zh',1,422,NULL,NULL,NULL),
	(73287,'2016-01-04 17:28:54','added',29891,727,58,43,'',NULL,NULL,'zh',1,422,NULL,NULL,NULL),
	(73288,'2016-01-04 17:28:54','added',29892,727,58,5,'1.51',NULL,NULL,'zh',1,422,NULL,NULL,NULL),
	(73289,'2016-01-04 17:28:54','added',29893,727,58,42,'1.51',NULL,NULL,'zh',1,422,NULL,NULL,NULL),
	(73290,'2011-07-20 14:45:32','added',2112,728,58,19,'wide screen',NULL,NULL,'en',1,224,NULL,NULL,NULL),
	(73291,'2012-08-27 07:54:03','added',6662,728,58,5,'Aspect ratio for a moving image resource of 1.5:1 or greater.',58,NULL,'en',1,224,NULL,NULL,NULL),
	(73292,'2015-02-21 15:35:46','added',21625,728,58,19,'Breitbild',58,NULL,'de',1,422,NULL,NULL,NULL),
	(73293,'2015-02-21 15:37:58','added',21630,728,58,19,'cran large',58,NULL,'fr',1,422,NULL,NULL,NULL),
	(73294,'2015-02-21 15:40:42','added',21633,728,58,5,'Bildformat einer Bewegtbildressource von 1.5:1 oder hher.',58,NULL,'de',1,422,NULL,NULL,NULL),
	(73295,'2015-03-13 11:04:26','added',22376,728,58,19,'pantalla ancha',58,NULL,'es',1,422,NULL,NULL,NULL),
	(73296,'2015-03-20 17:17:55','added',22451,728,58,5,'Format de limage dune ressource dimages animes gal ou suprieur  1,5:1.',58,NULL,'fr',1,422,NULL,NULL,NULL),
	(73297,'2015-10-18 11:20:10','added',24433,728,58,43,'wide screen',NULL,NULL,'en',1,422,NULL,NULL,NULL),
	(73298,'2015-10-18 11:20:10','added',24434,728,58,43,'cran large',NULL,NULL,'fr',1,422,NULL,NULL,NULL),
	(73299,'2015-10-18 11:20:10','added',24435,728,58,42,'Aspect ratio for a moving image resource of 1.5:1 or greater.',NULL,NULL,'en',1,422,NULL,NULL,NULL),
	(73300,'2015-10-18 11:20:10','added',24436,728,58,42,'Format de limage dune ressource dimages animes gal ou suprieur  1,5:1.',NULL,NULL,'fr',1,422,NULL,NULL,NULL),
	(73301,'2015-10-18 11:24:31','added',24443,728,58,43,'Breitbild',NULL,NULL,'de',1,422,NULL,NULL,NULL),
	(73302,'2015-10-18 11:24:31','added',24444,728,58,42,'Bildformat einer Bewegtbildressource von 1.5:1 oder hher.',NULL,NULL,'de',1,422,NULL,NULL,NULL),
	(73303,'2015-10-18 11:27:47','added',24449,728,58,43,'pantalla ancha',NULL,NULL,'es',1,422,NULL,NULL,NULL),
	(73304,'2016-01-04 17:28:54','added',29894,728,58,19,'',NULL,NULL,'zh',1,422,NULL,NULL,NULL),
	(73305,'2016-01-04 17:28:54','added',29895,728,58,43,'',NULL,NULL,'zh',1,422,NULL,NULL,NULL),
	(73306,'2016-01-04 17:28:54','added',29896,728,58,5,'1.5:1',NULL,NULL,'zh',1,422,NULL,NULL,NULL),
	(73307,'2016-01-04 17:28:54','added',29897,728,58,42,'1.5:1',NULL,NULL,'zh',1,422,NULL,NULL,NULL),
	(73308,'2011-07-20 14:47:14','added',2113,729,58,19,'mixed',NULL,NULL,'en',1,224,NULL,NULL,NULL),
	(73309,'2015-10-18 11:20:10','added',6663,729,58,5,'Aspect ratio for a moving image resource that includes multiple aspect ratios within thesame resource.',58,NULL,'en',1,422,NULL,NULL,NULL),
	(73310,'2015-02-21 15:36:34','added',21627,729,58,19,'gemischt',58,NULL,'de',1,422,NULL,NULL,NULL),
	(73311,'2015-02-21 15:37:33','added',21629,729,58,19,'mixte',58,NULL,'fr',1,422,NULL,NULL,NULL),
	(73312,'2015-02-21 15:39:59','added',21632,729,58,5,'Bildformat einer Bewegtbildressource, die mehrere Bildformate innerhalb derselben Ressource enthlt.',58,NULL,'de',1,422,NULL,NULL,NULL),
	(73313,'2015-02-21 15:41:47','added',21634,729,58,5,'Format de limage dune ressource dimages animes comprenant divers formats de limage  lintrieur de la mme ressource.',58,NULL,'fr',1,422,NULL,NULL,NULL),
	(73314,'2015-03-13 10:55:37','added',22377,729,58,19,'mixta',58,NULL,'es',1,422,NULL,NULL,NULL),
	(73315,'2015-10-18 11:20:10','added',24437,729,58,43,'mixed',NULL,NULL,'en',1,422,NULL,NULL,NULL),
	(73316,'2015-10-18 11:20:10','added',24438,729,58,43,'mixte',NULL,NULL,'fr',1,422,NULL,NULL,NULL),
	(73317,'2015-10-18 11:24:31','added',24439,729,58,42,'Aspect ratio for a moving image resource that includes multiple aspect ratios within thesame resource.',NULL,NULL,'en',1,422,NULL,NULL,NULL),
	(73318,'2015-10-18 11:20:10','added',24440,729,58,42,'Format de limage dune ressource dimages animes comprenant divers formats de limage  lintrieur de la mme ressource.',NULL,NULL,'fr',1,422,NULL,NULL,NULL),
	(73319,'2015-10-18 11:24:31','added',24445,729,58,43,'gemischt',NULL,NULL,'de',1,422,NULL,NULL,NULL),
	(73320,'2015-10-18 11:24:31','added',24446,729,58,42,'Bildformat einer Bewegtbildressource, die mehrere Bildformate innerhalb derselben Ressource enthlt.',NULL,NULL,'de',1,422,NULL,NULL,NULL),
	(73321,'2015-10-18 11:27:47','added',24450,729,58,43,'mixta',NULL,NULL,'es',1,422,NULL,NULL,NULL),
	(73322,'2016-01-04 17:28:54','added',29898,729,58,19,'',NULL,NULL,'zh',1,422,NULL,NULL,NULL),
	(73323,'2016-01-04 17:28:54','added',29899,729,58,43,'',NULL,NULL,'zh',1,422,NULL,NULL,NULL),
	(73324,'2016-01-04 17:28:54','added',29900,729,58,5,'',NULL,NULL,'zh',1,422,NULL,NULL,NULL),
	(73325,'2016-01-04 17:28:54','added',29901,729,58,42,'',NULL,NULL,'zh',1,422,NULL,NULL,NULL),
	(78142,'2012-07-31 04:52:37','added',2111,727,58,19,'full screen',NULL,NULL,'en',1,224,NULL,NULL,NULL),
	(78143,'2012-08-27 07:51:17','added',6661,727,58,5,'Aspect ratio for a moving image resource of less than 1.5:1.',58,NULL,'en',1,224,NULL,NULL,NULL),
	(78144,'2015-02-21 15:36:10','added',21626,727,58,19,'Vollbild',58,NULL,'de',1,422,NULL,NULL,NULL),
	(78145,'2015-02-21 15:37:12','added',21628,727,58,19,'plein cran',58,NULL,'fr',1,422,NULL,NULL,NULL),
	(78146,'2015-02-21 15:39:23','added',21631,727,58,5,'Bildformat einer Bewegtbildressource von weniger als 1.5:1.',58,NULL,'de',1,422,NULL,NULL,NULL),
	(78147,'2015-02-21 15:42:26','added',21635,727,58,5,'Format de limage dune ressource dimages animes infrieur  1,5:1.',58,NULL,'fr',1,422,NULL,NULL,NULL),
	(78148,'2015-03-13 10:54:26','added',22375,727,58,19,'pantalla completa',58,NULL,'es',1,422,NULL,NULL,NULL),
	(78149,'2015-03-13 10:57:56','added',22378,727,58,5,'Proporcin dimensional de un recurso de imagen en movimiento menor que 1.5:1.',58,NULL,'es',1,422,NULL,NULL,NULL),
	(78150,'2015-10-18 11:20:09','added',24429,727,58,43,'full screen',NULL,NULL,'en',1,422,NULL,NULL,NULL),
	(78151,'2015-10-18 11:20:09','added',24430,727,58,43,'plein cran',NULL,NULL,'fr',1,422,NULL,NULL,NULL),
	(78152,'2015-10-18 11:20:09','added',24431,727,58,42,'Aspect ratio for a moving image resource of less than 1.5:1.',NULL,NULL,'en',1,422,NULL,NULL,NULL),
	(78153,'2015-10-18 11:20:09','added',24432,727,58,42,'Format de limage dune ressource dimages animes infrieur  1,5:1.',NULL,NULL,'fr',1,422,NULL,NULL,NULL),
	(78154,'2015-10-18 11:24:31','added',24441,727,58,43,'Vollbild',NULL,NULL,'de',1,422,NULL,NULL,NULL),
	(78155,'2015-10-18 11:24:31','added',24442,727,58,42,'Bildformat einer Bewegtbildressource von weniger als 1.5:1.',NULL,NULL,'de',1,422,NULL,NULL,NULL),
	(78156,'2015-10-18 11:27:47','added',24447,727,58,43,'pantalla completa',NULL,NULL,'es',1,422,NULL,NULL,NULL),
	(78157,'2015-10-18 11:27:47','added',24448,727,58,42,'Proporcin dimensional de un recurso de imagen en movimiento menor que 1.5:1.',NULL,NULL,'es',1,422,NULL,NULL,NULL),
	(78158,'2016-01-04 17:28:54','added',29890,727,58,19,'',NULL,NULL,'zh',1,422,NULL,NULL,NULL),
	(78159,'2016-01-04 17:28:54','added',29891,727,58,43,'',NULL,NULL,'zh',1,422,NULL,NULL,NULL),
	(78160,'2016-01-04 17:28:54','added',29892,727,58,5,'1.51',NULL,NULL,'zh',1,422,NULL,NULL,NULL),
	(78161,'2016-01-04 17:28:54','added',29893,727,58,42,'1.51',NULL,NULL,'zh',1,422,NULL,NULL,NULL),
	(78162,'2016-02-13 19:18:14','added',31074,727,58,1,'full-screen',NULL,NULL,'en',1,422,NULL,233,NULL),
	(78163,'2011-07-20 14:45:32','added',2112,728,58,19,'wide screen',NULL,NULL,'en',1,224,NULL,NULL,NULL),
	(78164,'2012-08-27 07:54:03','added',6662,728,58,5,'Aspect ratio for a moving image resource of 1.5:1 or greater.',58,NULL,'en',1,224,NULL,NULL,NULL),
	(78165,'2015-02-21 15:35:46','added',21625,728,58,19,'Breitbild',58,NULL,'de',1,422,NULL,NULL,NULL),
	(78166,'2015-02-21 15:37:58','added',21630,728,58,19,'cran large',58,NULL,'fr',1,422,NULL,NULL,NULL),
	(78167,'2015-02-21 15:40:42','added',21633,728,58,5,'Bildformat einer Bewegtbildressource von 1.5:1 oder hher.',58,NULL,'de',1,422,NULL,NULL,NULL),
	(78168,'2015-03-13 11:04:26','added',22376,728,58,19,'pantalla ancha',58,NULL,'es',1,422,NULL,NULL,NULL),
	(78169,'2015-03-20 17:17:55','added',22451,728,58,5,'Format de limage dune ressource dimages animes gal ou suprieur  1,5:1.',58,NULL,'fr',1,422,NULL,NULL,NULL),
	(78170,'2015-10-18 11:20:10','added',24433,728,58,43,'wide screen',NULL,NULL,'en',1,422,NULL,NULL,NULL),
	(78171,'2015-10-18 11:20:10','added',24434,728,58,43,'cran large',NULL,NULL,'fr',1,422,NULL,NULL,NULL),
	(78172,'2015-10-18 11:20:10','added',24435,728,58,42,'Aspect ratio for a moving image resource of 1.5:1 or greater.',NULL,NULL,'en',1,422,NULL,NULL,NULL),
	(78173,'2015-10-18 11:20:10','added',24436,728,58,42,'Format de limage dune ressource dimages animes gal ou suprieur  1,5:1.',NULL,NULL,'fr',1,422,NULL,NULL,NULL),
	(78174,'2015-10-18 11:24:31','added',24443,728,58,43,'Breitbild',NULL,NULL,'de',1,422,NULL,NULL,NULL),
	(78175,'2015-10-18 11:24:31','added',24444,728,58,42,'Bildformat einer Bewegtbildressource von 1.5:1 oder hher.',NULL,NULL,'de',1,422,NULL,NULL,NULL),
	(78176,'2015-10-18 11:27:47','added',24449,728,58,43,'pantalla ancha',NULL,NULL,'es',1,422,NULL,NULL,NULL),
	(78177,'2016-01-04 17:28:54','added',29894,728,58,19,'',NULL,NULL,'zh',1,422,NULL,NULL,NULL),
	(78178,'2016-01-04 17:28:54','added',29895,728,58,43,'',NULL,NULL,'zh',1,422,NULL,NULL,NULL),
	(78179,'2016-01-04 17:28:54','added',29896,728,58,5,'1.5:1',NULL,NULL,'zh',1,422,NULL,NULL,NULL),
	(78180,'2016-01-04 17:28:54','added',29897,728,58,42,'1.5:1',NULL,NULL,'zh',1,422,NULL,NULL,NULL),
	(78181,'2016-02-13 19:18:14','added',31075,728,58,1,'wide-screen',NULL,NULL,'en',1,422,NULL,233,NULL),
	(78182,'2011-07-20 14:47:14','added',2113,729,58,19,'mixed',NULL,NULL,'en',1,224,NULL,NULL,NULL),
	(78183,'2015-10-18 11:20:10','added',6663,729,58,5,'Aspect ratio for a moving image resource that includes multiple aspect ratios within thesame resource.',58,NULL,'en',1,422,NULL,NULL,NULL),
	(78184,'2015-02-21 15:36:34','added',21627,729,58,19,'gemischt',58,NULL,'de',1,422,NULL,NULL,NULL),
	(78185,'2015-02-21 15:37:33','added',21629,729,58,19,'mixte',58,NULL,'fr',1,422,NULL,NULL,NULL),
	(78186,'2015-02-21 15:39:59','added',21632,729,58,5,'Bildformat einer Bewegtbildressource, die mehrere Bildformate innerhalb derselben Ressource enthlt.',58,NULL,'de',1,422,NULL,NULL,NULL),
	(78187,'2015-02-21 15:41:47','added',21634,729,58,5,'Format de limage dune ressource dimages animes comprenant divers formats de limage  lintrieur de la mme ressource.',58,NULL,'fr',1,422,NULL,NULL,NULL),
	(78188,'2015-03-13 10:55:37','added',22377,729,58,19,'mixta',58,NULL,'es',1,422,NULL,NULL,NULL),
	(78189,'2015-10-18 11:20:10','added',24437,729,58,43,'mixed',NULL,NULL,'en',1,422,NULL,NULL,NULL),
	(78190,'2015-10-18 11:20:10','added',24438,729,58,43,'mixte',NULL,NULL,'fr',1,422,NULL,NULL,NULL),
	(78191,'2015-10-18 11:24:31','added',24439,729,58,42,'Aspect ratio for a moving image resource that includes multiple aspect ratios within thesame resource.',NULL,NULL,'en',1,422,NULL,NULL,NULL),
	(78192,'2015-10-18 11:20:10','added',24440,729,58,42,'Format de limage dune ressource dimages animes comprenant divers formats de limage  lintrieur de la mme ressource.',NULL,NULL,'fr',1,422,NULL,NULL,NULL),
	(78193,'2015-10-18 11:24:31','added',24445,729,58,43,'gemischt',NULL,NULL,'de',1,422,NULL,NULL,NULL),
	(78194,'2015-10-18 11:24:31','added',24446,729,58,42,'Bildformat einer Bewegtbildressource, die mehrere Bildformate innerhalb derselben Ressource enthlt.',NULL,NULL,'de',1,422,NULL,NULL,NULL),
	(78195,'2015-10-18 11:27:47','added',24450,729,58,43,'mixta',NULL,NULL,'es',1,422,NULL,NULL,NULL),
	(78196,'2016-01-04 17:28:54','added',29898,729,58,19,'',NULL,NULL,'zh',1,422,NULL,NULL,NULL),
	(78197,'2016-01-04 17:28:54','added',29899,729,58,43,'',NULL,NULL,'zh',1,422,NULL,NULL,NULL),
	(78198,'2016-01-04 17:28:54','added',29900,729,58,5,'',NULL,NULL,'zh',1,422,NULL,NULL,NULL),
	(78199,'2016-01-04 17:28:54','added',29901,729,58,42,'',NULL,NULL,'zh',1,422,NULL,NULL,NULL),
	(82131,'2012-07-31 04:52:37','added',2111,727,58,19,'full screen',NULL,NULL,'en',1,224,NULL,NULL,NULL),
	(82132,'2012-08-27 07:51:17','added',6661,727,58,5,'Aspect ratio for a moving image resource of less than 1.5:1.',58,NULL,'en',1,224,NULL,NULL,NULL),
	(82133,'2015-02-21 15:36:10','added',21626,727,58,19,'Vollbild',58,NULL,'de',1,422,NULL,NULL,NULL),
	(82134,'2015-02-21 15:37:12','added',21628,727,58,19,'plein cran',58,NULL,'fr',1,422,NULL,NULL,NULL),
	(82135,'2015-02-21 15:39:23','added',21631,727,58,5,'Bildformat einer Bewegtbildressource von weniger als 1.5:1.',58,NULL,'de',1,422,NULL,NULL,NULL),
	(82136,'2015-02-21 15:42:26','added',21635,727,58,5,'Format de limage dune ressource dimages animes infrieur  1,5:1.',58,NULL,'fr',1,422,NULL,NULL,NULL),
	(82137,'2015-03-13 10:54:26','added',22375,727,58,19,'pantalla completa',58,NULL,'es',1,422,NULL,NULL,NULL),
	(82138,'2015-03-13 10:57:56','added',22378,727,58,5,'Proporcin dimensional de un recurso de imagen en movimiento menor que 1.5:1.',58,NULL,'es',1,422,NULL,NULL,NULL),
	(82139,'2015-10-18 11:20:09','added',24429,727,58,43,'full screen',NULL,NULL,'en',1,422,NULL,NULL,NULL),
	(82140,'2015-10-18 11:20:09','added',24430,727,58,43,'plein cran',NULL,NULL,'fr',1,422,NULL,NULL,NULL),
	(82141,'2015-10-18 11:20:09','added',24431,727,58,42,'Aspect ratio for a moving image resource of less than 1.5:1.',NULL,NULL,'en',1,422,NULL,NULL,NULL),
	(82142,'2015-10-18 11:20:09','added',24432,727,58,42,'Format de limage dune ressource dimages animes infrieur  1,5:1.',NULL,NULL,'fr',1,422,NULL,NULL,NULL),
	(82143,'2015-10-18 11:24:31','added',24441,727,58,43,'Vollbild',NULL,NULL,'de',1,422,NULL,NULL,NULL),
	(82144,'2015-10-18 11:24:31','added',24442,727,58,42,'Bildformat einer Bewegtbildressource von weniger als 1.5:1.',NULL,NULL,'de',1,422,NULL,NULL,NULL),
	(82145,'2015-10-18 11:27:47','added',24447,727,58,43,'pantalla completa',NULL,NULL,'es',1,422,NULL,NULL,NULL),
	(82146,'2015-10-18 11:27:47','added',24448,727,58,42,'Proporcin dimensional de un recurso de imagen en movimiento menor que 1.5:1.',NULL,NULL,'es',1,422,NULL,NULL,NULL),
	(82147,'2016-01-04 17:28:54','added',29890,727,58,19,'',NULL,NULL,'zh',1,422,NULL,NULL,NULL),
	(82148,'2016-01-04 17:28:54','added',29891,727,58,43,'',NULL,NULL,'zh',1,422,NULL,NULL,NULL),
	(82149,'2016-01-04 17:28:54','added',29892,727,58,5,'1.51',NULL,NULL,'zh',1,422,NULL,NULL,NULL),
	(82150,'2016-01-04 17:28:54','added',29893,727,58,42,'1.51',NULL,NULL,'zh',1,422,NULL,NULL,NULL),
	(82151,'2016-02-13 19:18:14','added',31074,727,58,1,'full-screen',NULL,NULL,'en',1,422,NULL,NULL,NULL),
	(82152,'2011-07-20 14:45:32','added',2112,728,58,19,'wide screen',NULL,NULL,'en',1,224,NULL,NULL,NULL),
	(82153,'2012-08-27 07:54:03','added',6662,728,58,5,'Aspect ratio for a moving image resource of 1.5:1 or greater.',58,NULL,'en',1,224,NULL,NULL,NULL),
	(82154,'2015-02-21 15:35:46','added',21625,728,58,19,'Breitbild',58,NULL,'de',1,422,NULL,NULL,NULL),
	(82155,'2015-02-21 15:37:58','added',21630,728,58,19,'cran large',58,NULL,'fr',1,422,NULL,NULL,NULL),
	(82156,'2015-02-21 15:40:42','added',21633,728,58,5,'Bildformat einer Bewegtbildressource von 1.5:1 oder hher.',58,NULL,'de',1,422,NULL,NULL,NULL),
	(82157,'2015-03-13 11:04:26','added',22376,728,58,19,'pantalla ancha',58,NULL,'es',1,422,NULL,NULL,NULL),
	(82158,'2015-03-20 17:17:55','added',22451,728,58,5,'Format de limage dune ressource dimages animes gal ou suprieur  1,5:1.',58,NULL,'fr',1,422,NULL,NULL,NULL),
	(82159,'2015-10-18 11:20:10','added',24433,728,58,43,'wide screen',NULL,NULL,'en',1,422,NULL,NULL,NULL),
	(82160,'2015-10-18 11:20:10','added',24434,728,58,43,'cran large',NULL,NULL,'fr',1,422,NULL,NULL,NULL),
	(82161,'2015-10-18 11:20:10','added',24435,728,58,42,'Aspect ratio for a moving image resource of 1.5:1 or greater.',NULL,NULL,'en',1,422,NULL,NULL,NULL),
	(82162,'2015-10-18 11:20:10','added',24436,728,58,42,'Format de limage dune ressource dimages animes gal ou suprieur  1,5:1.',NULL,NULL,'fr',1,422,NULL,NULL,NULL),
	(82163,'2015-10-18 11:24:31','added',24443,728,58,43,'Breitbild',NULL,NULL,'de',1,422,NULL,NULL,NULL),
	(82164,'2015-10-18 11:24:31','added',24444,728,58,42,'Bildformat einer Bewegtbildressource von 1.5:1 oder hher.',NULL,NULL,'de',1,422,NULL,NULL,NULL),
	(82165,'2015-10-18 11:27:47','added',24449,728,58,43,'pantalla ancha',NULL,NULL,'es',1,422,NULL,NULL,NULL),
	(82166,'2016-01-04 17:28:54','added',29894,728,58,19,'',NULL,NULL,'zh',1,422,NULL,NULL,NULL),
	(82167,'2016-01-04 17:28:54','added',29895,728,58,43,'',NULL,NULL,'zh',1,422,NULL,NULL,NULL),
	(82168,'2016-01-04 17:28:54','added',29896,728,58,5,'1.5:1',NULL,NULL,'zh',1,422,NULL,NULL,NULL),
	(82169,'2016-01-04 17:28:54','added',29897,728,58,42,'1.5:1',NULL,NULL,'zh',1,422,NULL,NULL,NULL),
	(82170,'2016-02-13 19:18:14','added',31075,728,58,1,'wide-screen',NULL,NULL,'en',1,422,NULL,NULL,NULL),
	(82171,'2016-03-28 21:10:57','added',31247,728,58,5,'Proporcin dimensional de un recurso de imagen en movimiento de 1.5:1 o mayor.',NULL,NULL,'es',1,422,NULL,298,NULL),
	(82172,'2016-03-28 21:10:57','added',31248,728,58,42,'Proporcin dimensional de un recurso de imagen en movimiento de 1.5:1 o mayor.',NULL,NULL,'es',1,422,NULL,298,NULL),
	(82173,'2011-07-20 14:47:14','added',2113,729,58,19,'mixed',NULL,NULL,'en',1,224,NULL,NULL,NULL),
	(82174,'2015-10-18 11:20:10','added',6663,729,58,5,'Aspect ratio for a moving image resource that includes multiple aspect ratios within thesame resource.',58,NULL,'en',1,422,NULL,NULL,NULL),
	(82175,'2015-02-21 15:36:34','added',21627,729,58,19,'gemischt',58,NULL,'de',1,422,NULL,NULL,NULL),
	(82176,'2015-02-21 15:37:33','added',21629,729,58,19,'mixte',58,NULL,'fr',1,422,NULL,NULL,NULL),
	(82177,'2015-02-21 15:39:59','added',21632,729,58,5,'Bildformat einer Bewegtbildressource, die mehrere Bildformate innerhalb derselben Ressource enthlt.',58,NULL,'de',1,422,NULL,NULL,NULL),
	(82178,'2015-02-21 15:41:47','added',21634,729,58,5,'Format de limage dune ressource dimages animes comprenant divers formats de limage  lintrieur de la mme ressource.',58,NULL,'fr',1,422,NULL,NULL,NULL),
	(82179,'2015-03-13 10:55:37','added',22377,729,58,19,'mixta',58,NULL,'es',1,422,NULL,NULL,NULL),
	(82180,'2015-10-18 11:20:10','added',24437,729,58,43,'mixed',NULL,NULL,'en',1,422,NULL,NULL,NULL),
	(82181,'2015-10-18 11:20:10','added',24438,729,58,43,'mixte',NULL,NULL,'fr',1,422,NULL,NULL,NULL),
	(82182,'2015-10-18 11:24:31','added',24439,729,58,42,'Aspect ratio for a moving image resource that includes multiple aspect ratios within thesame resource.',NULL,NULL,'en',1,422,NULL,NULL,NULL),
	(82183,'2015-10-18 11:20:10','added',24440,729,58,42,'Format de limage dune ressource dimages animes comprenant divers formats de limage  lintrieur de la mme ressource.',NULL,NULL,'fr',1,422,NULL,NULL,NULL),
	(82184,'2015-10-18 11:24:31','added',24445,729,58,43,'gemischt',NULL,NULL,'de',1,422,NULL,NULL,NULL),
	(82185,'2015-10-18 11:24:31','added',24446,729,58,42,'Bildformat einer Bewegtbildressource, die mehrere Bildformate innerhalb derselben Ressource enthlt.',NULL,NULL,'de',1,422,NULL,NULL,NULL),
	(82186,'2015-10-18 11:27:47','added',24450,729,58,43,'mixta',NULL,NULL,'es',1,422,NULL,NULL,NULL),
	(82187,'2016-01-04 17:28:54','added',29898,729,58,19,'',NULL,NULL,'zh',1,422,NULL,NULL,NULL),
	(82188,'2016-01-04 17:28:54','added',29899,729,58,43,'',NULL,NULL,'zh',1,422,NULL,NULL,NULL),
	(82189,'2016-01-04 17:28:54','added',29900,729,58,5,'',NULL,NULL,'zh',1,422,NULL,NULL,NULL),
	(82190,'2016-01-04 17:28:54','added',29901,729,58,42,'',NULL,NULL,'zh',1,422,NULL,NULL,NULL),
	(82191,'2016-03-28 21:10:58','added',31249,729,58,5,'Proporcin dimensional de un recurso que incluye mltiples proporciones dimensionales dentro del mismo recurso.',NULL,NULL,'es',1,422,NULL,298,NULL),
	(82192,'2016-03-28 21:10:58','added',31250,729,58,42,'Proporcin dimensional de un recurso que incluye mltiples proporciones dimensionales dentro del mismo recurso.',NULL,NULL,'es',1,422,NULL,298,NULL),
	(87056,'2016-05-18 18:31:08','added',31890,8028,31,19,'New-Proposed',NULL,NULL,'en',1,36,NULL,NULL,NULL),
	(88563,'2012-07-31 04:52:37','added',2111,727,58,19,'full screen',NULL,NULL,'en',1,224,NULL,NULL,NULL),
	(88564,'2016-07-11 14:16:58','updated',6661,727,58,5,'An aspect ratio for a moving image resource of less than 1.5:1.',58,NULL,'en',1,422,NULL,349,NULL),
	(88565,'2015-02-21 15:36:10','added',21626,727,58,19,'Vollbild',58,NULL,'de',1,422,NULL,NULL,NULL),
	(88566,'2015-02-21 15:37:12','added',21628,727,58,19,'plein cran',58,NULL,'fr',1,422,NULL,NULL,NULL),
	(88567,'2015-02-21 15:39:23','added',21631,727,58,5,'Bildformat einer Bewegtbildressource von weniger als 1.5:1.',58,NULL,'de',1,422,NULL,NULL,NULL),
	(88568,'2015-02-21 15:42:26','added',21635,727,58,5,'Format de limage dune ressource dimages animes infrieur  1,5:1.',58,NULL,'fr',1,422,NULL,NULL,NULL),
	(88569,'2015-03-13 10:54:26','added',22375,727,58,19,'pantalla completa',58,NULL,'es',1,422,NULL,NULL,NULL),
	(88570,'2015-03-13 10:57:56','added',22378,727,58,5,'Proporcin dimensional de un recurso de imagen en movimiento menor que 1.5:1.',58,NULL,'es',1,422,NULL,NULL,NULL),
	(88571,'2015-10-18 11:20:09','added',24429,727,58,43,'full screen',NULL,NULL,'en',1,422,NULL,NULL,NULL),
	(88572,'2015-10-18 11:20:09','added',24430,727,58,43,'plein cran',NULL,NULL,'fr',1,422,NULL,NULL,NULL),
	(88573,'2016-07-11 14:16:59','updated',24431,727,58,42,'An aspect ratio for a moving image resource of less than 1.5:1.',NULL,NULL,'en',1,422,NULL,349,NULL),
	(88574,'2015-10-18 11:20:09','added',24432,727,58,42,'Format de limage dune ressource dimages animes infrieur  1,5:1.',NULL,NULL,'fr',1,422,NULL,NULL,NULL),
	(88575,'2015-10-18 11:24:31','added',24441,727,58,43,'Vollbild',NULL,NULL,'de',1,422,NULL,NULL,NULL),
	(88576,'2015-10-18 11:24:31','added',24442,727,58,42,'Bildformat einer Bewegtbildressource von weniger als 1.5:1.',NULL,NULL,'de',1,422,NULL,NULL,NULL),
	(88577,'2015-10-18 11:27:47','added',24447,727,58,43,'pantalla completa',NULL,NULL,'es',1,422,NULL,NULL,NULL),
	(88578,'2015-10-18 11:27:47','added',24448,727,58,42,'Proporcin dimensional de un recurso de imagen en movimiento menor que 1.5:1.',NULL,NULL,'es',1,422,NULL,NULL,NULL),
	(88579,'2016-01-04 17:28:54','added',29890,727,58,19,'',NULL,NULL,'zh',1,422,NULL,NULL,NULL),
	(88580,'2016-01-04 17:28:54','added',29891,727,58,43,'',NULL,NULL,'zh',1,422,NULL,NULL,NULL),
	(88581,'2016-01-04 17:28:54','added',29892,727,58,5,'1.51',NULL,NULL,'zh',1,422,NULL,NULL,NULL),
	(88582,'2016-01-04 17:28:54','added',29893,727,58,42,'1.51',NULL,NULL,'zh',1,422,NULL,NULL,NULL),
	(88583,'2016-02-13 19:18:14','added',31074,727,58,1,'full-screen',NULL,NULL,'en',1,422,NULL,NULL,NULL),
	(88584,'2011-07-20 14:45:32','added',2112,728,58,19,'wide screen',NULL,NULL,'en',1,224,NULL,NULL,NULL),
	(88585,'2016-07-11 14:16:59','updated',6662,728,58,5,'An aspect ratio for a moving image resource of 1.5:1 or greater.',58,NULL,'en',1,422,NULL,349,NULL),
	(88586,'2015-02-21 15:35:46','added',21625,728,58,19,'Breitbild',58,NULL,'de',1,422,NULL,NULL,NULL),
	(88587,'2015-02-21 15:37:58','added',21630,728,58,19,'cran large',58,NULL,'fr',1,422,NULL,NULL,NULL),
	(88588,'2015-02-21 15:40:42','added',21633,728,58,5,'Bildformat einer Bewegtbildressource von 1.5:1 oder hher.',58,NULL,'de',1,422,NULL,NULL,NULL),
	(88589,'2015-03-13 11:04:26','added',22376,728,58,19,'pantalla ancha',58,NULL,'es',1,422,NULL,NULL,NULL),
	(88590,'2015-03-20 17:17:55','added',22451,728,58,5,'Format de limage dune ressource dimages animes gal ou suprieur  1,5:1.',58,NULL,'fr',1,422,NULL,NULL,NULL),
	(88591,'2015-10-18 11:20:10','added',24433,728,58,43,'wide screen',NULL,NULL,'en',1,422,NULL,NULL,NULL),
	(88592,'2015-10-18 11:20:10','added',24434,728,58,43,'cran large',NULL,NULL,'fr',1,422,NULL,NULL,NULL),
	(88593,'2016-07-11 14:16:59','updated',24435,728,58,42,'An aspect ratio for a moving image resource of 1.5:1 or greater.',NULL,NULL,'en',1,422,NULL,349,NULL),
	(88594,'2015-10-18 11:20:10','added',24436,728,58,42,'Format de limage dune ressource dimages animes gal ou suprieur  1,5:1.',NULL,NULL,'fr',1,422,NULL,NULL,NULL),
	(88595,'2015-10-18 11:24:31','added',24443,728,58,43,'Breitbild',NULL,NULL,'de',1,422,NULL,NULL,NULL),
	(88596,'2015-10-18 11:24:31','added',24444,728,58,42,'Bildformat einer Bewegtbildressource von 1.5:1 oder hher.',NULL,NULL,'de',1,422,NULL,NULL,NULL),
	(88597,'2015-10-18 11:27:47','added',24449,728,58,43,'pantalla ancha',NULL,NULL,'es',1,422,NULL,NULL,NULL),
	(88598,'2016-01-04 17:28:54','added',29894,728,58,19,'',NULL,NULL,'zh',1,422,NULL,NULL,NULL),
	(88599,'2016-01-04 17:28:54','added',29895,728,58,43,'',NULL,NULL,'zh',1,422,NULL,NULL,NULL),
	(88600,'2016-01-04 17:28:54','added',29896,728,58,5,'1.5:1',NULL,NULL,'zh',1,422,NULL,NULL,NULL),
	(88601,'2016-01-04 17:28:54','added',29897,728,58,42,'1.5:1',NULL,NULL,'zh',1,422,NULL,NULL,NULL),
	(88602,'2016-02-13 19:18:14','added',31075,728,58,1,'wide-screen',NULL,NULL,'en',1,422,NULL,NULL,NULL),
	(88603,'2016-03-28 21:10:57','added',31247,728,58,5,'Proporcin dimensional de un recurso de imagen en movimiento de 1.5:1 o mayor.',NULL,NULL,'es',1,422,NULL,NULL,NULL),
	(88604,'2016-03-28 21:10:57','added',31248,728,58,42,'Proporcin dimensional de un recurso de imagen en movimiento de 1.5:1 o mayor.',NULL,NULL,'es',1,422,NULL,NULL,NULL),
	(88605,'2011-07-20 14:47:14','added',2113,729,58,19,'mixed',NULL,NULL,'en',1,224,NULL,NULL,NULL),
	(88606,'2016-07-11 14:16:59','updated',6663,729,58,5,'An aspect ratio for a moving image resource that includes multiple aspect ratios within the same resource.',58,NULL,'en',1,422,NULL,349,NULL),
	(88607,'2015-02-21 15:36:34','added',21627,729,58,19,'gemischt',58,NULL,'de',1,422,NULL,NULL,NULL),
	(88608,'2015-02-21 15:37:33','added',21629,729,58,19,'mixte',58,NULL,'fr',1,422,NULL,NULL,NULL),
	(88609,'2015-02-21 15:39:59','added',21632,729,58,5,'Bildformat einer Bewegtbildressource, die mehrere Bildformate innerhalb derselben Ressource enthlt.',58,NULL,'de',1,422,NULL,NULL,NULL),
	(88610,'2015-02-21 15:41:47','added',21634,729,58,5,'Format de limage dune ressource dimages animes comprenant divers formats de limage  lintrieur de la mme ressource.',58,NULL,'fr',1,422,NULL,NULL,NULL),
	(88611,'2015-03-13 10:55:37','added',22377,729,58,19,'mixta',58,NULL,'es',1,422,NULL,NULL,NULL),
	(88612,'2015-10-18 11:20:10','added',24437,729,58,43,'mixed',NULL,NULL,'en',1,422,NULL,NULL,NULL),
	(88613,'2015-10-18 11:20:10','added',24438,729,58,43,'mixte',NULL,NULL,'fr',1,422,NULL,NULL,NULL),
	(88614,'2016-07-11 14:16:59','updated',24439,729,58,42,'An aspect ratio for a moving image resource that includes multiple aspect ratios within the same resource.',NULL,NULL,'en',1,422,NULL,349,NULL),
	(88615,'2015-10-18 11:20:10','added',24440,729,58,42,'Format de limage dune ressource dimages animes comprenant divers formats de limage  lintrieur de la mme ressource.',NULL,NULL,'fr',1,422,NULL,NULL,NULL),
	(88616,'2015-10-18 11:24:31','added',24445,729,58,43,'gemischt',NULL,NULL,'de',1,422,NULL,NULL,NULL),
	(88617,'2015-10-18 11:24:31','added',24446,729,58,42,'Bildformat einer Bewegtbildressource, die mehrere Bildformate innerhalb derselben Ressource enthlt.',NULL,NULL,'de',1,422,NULL,NULL,NULL),
	(88618,'2015-10-18 11:27:47','added',24450,729,58,43,'mixta',NULL,NULL,'es',1,422,NULL,NULL,NULL),
	(88619,'2016-01-04 17:28:54','added',29898,729,58,19,'',NULL,NULL,'zh',1,422,NULL,NULL,NULL),
	(88620,'2016-01-04 17:28:54','added',29899,729,58,43,'',NULL,NULL,'zh',1,422,NULL,NULL,NULL),
	(88621,'2016-01-04 17:28:54','added',29900,729,58,5,'',NULL,NULL,'zh',1,422,NULL,NULL,NULL),
	(88622,'2016-01-04 17:28:54','added',29901,729,58,42,'',NULL,NULL,'zh',1,422,NULL,NULL,NULL),
	(88623,'2016-03-28 21:10:58','added',31249,729,58,5,'Proporcin dimensional de un recurso que incluye mltiples proporciones dimensionales dentro del mismo recurso.',NULL,NULL,'es',1,422,NULL,NULL,NULL),
	(88624,'2016-03-28 21:10:58','added',31250,729,58,42,'Proporcin dimensional de un recurso que incluye mltiples proporciones dimensionales dentro del mismo recurso.',NULL,NULL,'es',1,422,NULL,NULL,NULL),
	(98845,'2012-07-31 04:52:37','added',2111,727,58,19,'full screen',NULL,NULL,'en',1,224,NULL,NULL,NULL),
	(98846,'2016-07-20 11:56:13','updated',6661,727,58,5,'An aspect ratio designation for a moving image resource of less than 1.5:1.',58,NULL,'en',1,422,NULL,433,NULL),
	(98847,'2015-02-21 15:36:10','added',21626,727,58,19,'Vollbild',58,NULL,'de',1,422,NULL,NULL,NULL),
	(98848,'2015-02-21 15:37:12','added',21628,727,58,19,'plein cran',58,NULL,'fr',1,422,NULL,NULL,NULL),
	(98849,'2015-02-21 15:39:23','added',21631,727,58,5,'Bildformat einer Bewegtbildressource von weniger als 1.5:1.',58,NULL,'de',1,422,NULL,NULL,NULL),
	(98850,'2015-02-21 15:42:26','added',21635,727,58,5,'Format de limage dune ressource dimages animes infrieur  1,5:1.',58,NULL,'fr',1,422,NULL,NULL,NULL),
	(98851,'2015-03-13 10:54:26','added',22375,727,58,19,'pantalla completa',58,NULL,'es',1,422,NULL,NULL,NULL),
	(98852,'2015-03-13 10:57:56','added',22378,727,58,5,'Proporcin dimensional de un recurso de imagen en movimiento menor que 1.5:1.',58,NULL,'es',1,422,NULL,NULL,NULL),
	(98853,'2015-10-18 11:20:09','added',24429,727,58,43,'full screen',NULL,NULL,'en',1,422,NULL,NULL,NULL),
	(98854,'2015-10-18 11:20:09','added',24430,727,58,43,'plein cran',NULL,NULL,'fr',1,422,NULL,NULL,NULL),
	(98855,'2016-07-20 11:56:13','updated',24431,727,58,42,'An aspect ratio designation for a moving image resource of less than 1.5:1.',NULL,NULL,'en',1,422,NULL,433,NULL),
	(98856,'2015-10-18 11:20:09','added',24432,727,58,42,'Format de limage dune ressource dimages animes infrieur  1,5:1.',NULL,NULL,'fr',1,422,NULL,NULL,NULL),
	(98857,'2015-10-18 11:24:31','added',24441,727,58,43,'Vollbild',NULL,NULL,'de',1,422,NULL,NULL,NULL),
	(98858,'2015-10-18 11:24:31','added',24442,727,58,42,'Bildformat einer Bewegtbildressource von weniger als 1.5:1.',NULL,NULL,'de',1,422,NULL,NULL,NULL),
	(98859,'2015-10-18 11:27:47','added',24447,727,58,43,'pantalla completa',NULL,NULL,'es',1,422,NULL,NULL,NULL),
	(98860,'2015-10-18 11:27:47','added',24448,727,58,42,'Proporcin dimensional de un recurso de imagen en movimiento menor que 1.5:1.',NULL,NULL,'es',1,422,NULL,NULL,NULL),
	(98861,'2016-01-04 17:28:54','added',29890,727,58,19,'',NULL,NULL,'zh',1,422,NULL,NULL,NULL),
	(98862,'2016-01-04 17:28:54','added',29891,727,58,43,'',NULL,NULL,'zh',1,422,NULL,NULL,NULL),
	(98863,'2016-01-04 17:28:54','added',29892,727,58,5,'1.51',NULL,NULL,'zh',1,422,NULL,NULL,NULL),
	(98864,'2016-01-04 17:28:54','added',29893,727,58,42,'1.51',NULL,NULL,'zh',1,422,NULL,NULL,NULL),
	(98865,'2016-02-13 19:18:14','added',31074,727,58,1,'full-screen',NULL,NULL,'en',1,422,NULL,NULL,NULL),
	(98866,'2011-07-20 14:45:32','added',2112,728,58,19,'wide screen',NULL,NULL,'en',1,224,NULL,NULL,NULL),
	(98867,'2016-07-20 11:56:13','updated',6662,728,58,5,'An aspect ratio designation for a moving image resource of 1.5:1 or greater.',58,NULL,'en',1,422,NULL,433,NULL),
	(98868,'2015-02-21 15:35:46','added',21625,728,58,19,'Breitbild',58,NULL,'de',1,422,NULL,NULL,NULL),
	(98869,'2015-02-21 15:37:58','added',21630,728,58,19,'cran large',58,NULL,'fr',1,422,NULL,NULL,NULL),
	(98870,'2015-02-21 15:40:42','added',21633,728,58,5,'Bildformat einer Bewegtbildressource von 1.5:1 oder hher.',58,NULL,'de',1,422,NULL,NULL,NULL),
	(98871,'2015-03-13 11:04:26','added',22376,728,58,19,'pantalla ancha',58,NULL,'es',1,422,NULL,NULL,NULL),
	(98872,'2015-03-20 17:17:55','added',22451,728,58,5,'Format de limage dune ressource dimages animes gal ou suprieur  1,5:1.',58,NULL,'fr',1,422,NULL,NULL,NULL),
	(98873,'2015-10-18 11:20:10','added',24433,728,58,43,'wide screen',NULL,NULL,'en',1,422,NULL,NULL,NULL),
	(98874,'2015-10-18 11:20:10','added',24434,728,58,43,'cran large',NULL,NULL,'fr',1,422,NULL,NULL,NULL),
	(98875,'2016-07-20 11:56:13','updated',24435,728,58,42,'An aspect ratio designation for a moving image resource of 1.5:1 or greater.',NULL,NULL,'en',1,422,NULL,433,NULL),
	(98876,'2015-10-18 11:20:10','added',24436,728,58,42,'Format de limage dune ressource dimages animes gal ou suprieur  1,5:1.',NULL,NULL,'fr',1,422,NULL,NULL,NULL),
	(98877,'2015-10-18 11:24:31','added',24443,728,58,43,'Breitbild',NULL,NULL,'de',1,422,NULL,NULL,NULL),
	(98878,'2015-10-18 11:24:31','added',24444,728,58,42,'Bildformat einer Bewegtbildressource von 1.5:1 oder hher.',NULL,NULL,'de',1,422,NULL,NULL,NULL),
	(98879,'2015-10-18 11:27:47','added',24449,728,58,43,'pantalla ancha',NULL,NULL,'es',1,422,NULL,NULL,NULL),
	(98880,'2016-01-04 17:28:54','added',29894,728,58,19,'',NULL,NULL,'zh',1,422,NULL,NULL,NULL),
	(98881,'2016-01-04 17:28:54','added',29895,728,58,43,'',NULL,NULL,'zh',1,422,NULL,NULL,NULL),
	(98882,'2016-01-04 17:28:54','added',29896,728,58,5,'1.5:1',NULL,NULL,'zh',1,422,NULL,NULL,NULL),
	(98883,'2016-01-04 17:28:54','added',29897,728,58,42,'1.5:1',NULL,NULL,'zh',1,422,NULL,NULL,NULL),
	(98884,'2016-02-13 19:18:14','added',31075,728,58,1,'wide-screen',NULL,NULL,'en',1,422,NULL,NULL,NULL),
	(98885,'2016-03-28 21:10:57','added',31247,728,58,5,'Proporcin dimensional de un recurso de imagen en movimiento de 1.5:1 o mayor.',NULL,NULL,'es',1,422,NULL,NULL,NULL),
	(98886,'2016-03-28 21:10:57','added',31248,728,58,42,'Proporcin dimensional de un recurso de imagen en movimiento de 1.5:1 o mayor.',NULL,NULL,'es',1,422,NULL,NULL,NULL),
	(98887,'2011-07-20 14:47:14','added',2113,729,58,19,'mixed',NULL,NULL,'en',1,224,NULL,NULL,NULL),
	(98888,'2016-07-20 11:56:13','updated',6663,729,58,5,'An aspect ratio designation for a moving image resource that includes multiple aspect ratios within the same resource.',58,NULL,'en',1,422,NULL,433,NULL),
	(98889,'2015-02-21 15:36:34','added',21627,729,58,19,'gemischt',58,NULL,'de',1,422,NULL,NULL,NULL),
	(98890,'2015-02-21 15:37:33','added',21629,729,58,19,'mixte',58,NULL,'fr',1,422,NULL,NULL,NULL),
	(98891,'2015-02-21 15:39:59','added',21632,729,58,5,'Bildformat einer Bewegtbildressource, die mehrere Bildformate innerhalb derselben Ressource enthlt.',58,NULL,'de',1,422,NULL,NULL,NULL),
	(98892,'2015-02-21 15:41:47','added',21634,729,58,5,'Format de limage dune ressource dimages animes comprenant divers formats de limage  lintrieur de la mme ressource.',58,NULL,'fr',1,422,NULL,NULL,NULL),
	(98893,'2015-03-13 10:55:37','added',22377,729,58,19,'mixta',58,NULL,'es',1,422,NULL,NULL,NULL),
	(98894,'2015-10-18 11:20:10','added',24437,729,58,43,'mixed',NULL,NULL,'en',1,422,NULL,NULL,NULL),
	(98895,'2015-10-18 11:20:10','added',24438,729,58,43,'mixte',NULL,NULL,'fr',1,422,NULL,NULL,NULL),
	(98896,'2016-07-20 11:56:13','updated',24439,729,58,42,'An aspect ratio designation for a moving image resource that includes multiple aspect ratios within the same resource.',NULL,NULL,'en',1,422,NULL,433,NULL),
	(98897,'2015-10-18 11:20:10','added',24440,729,58,42,'Format de limage dune ressource dimages animes comprenant divers formats de limage  lintrieur de la mme ressource.',NULL,NULL,'fr',1,422,NULL,NULL,NULL),
	(98898,'2015-10-18 11:24:31','added',24445,729,58,43,'gemischt',NULL,NULL,'de',1,422,NULL,NULL,NULL),
	(98899,'2015-10-18 11:24:31','added',24446,729,58,42,'Bildformat einer Bewegtbildressource, die mehrere Bildformate innerhalb derselben Ressource enthlt.',NULL,NULL,'de',1,422,NULL,NULL,NULL),
	(98900,'2015-10-18 11:27:47','added',24450,729,58,43,'mixta',NULL,NULL,'es',1,422,NULL,NULL,NULL),
	(98901,'2016-01-04 17:28:54','added',29898,729,58,19,'',NULL,NULL,'zh',1,422,NULL,NULL,NULL),
	(98902,'2016-01-04 17:28:54','added',29899,729,58,43,'',NULL,NULL,'zh',1,422,NULL,NULL,NULL),
	(98903,'2016-01-04 17:28:54','added',29900,729,58,5,'',NULL,NULL,'zh',1,422,NULL,NULL,NULL),
	(98904,'2016-01-04 17:28:54','added',29901,729,58,42,'',NULL,NULL,'zh',1,422,NULL,NULL,NULL),
	(98905,'2016-03-28 21:10:58','added',31249,729,58,5,'Proporcin dimensional de un recurso que incluye mltiples proporciones dimensionales dentro del mismo recurso.',NULL,NULL,'es',1,422,NULL,NULL,NULL),
	(98906,'2016-03-28 21:10:58','added',31250,729,58,42,'Proporcin dimensional de un recurso que incluye mltiples proporciones dimensionales dentro del mismo recurso.',NULL,NULL,'es',1,422,NULL,NULL,NULL),
	(99342,'2012-07-31 04:52:37','added',2111,727,58,19,'full screen',NULL,NULL,'en',1,224,NULL,NULL,NULL),
	(99343,'2016-07-20 11:56:13','added',6661,727,58,5,'An aspect ratio designation for a moving image resource of less than 1.5:1.',58,NULL,'en',1,422,NULL,NULL,NULL),
	(99344,'2015-02-21 15:36:10','added',21626,727,58,19,'Vollbild',58,NULL,'de',1,422,NULL,NULL,NULL),
	(99345,'2015-02-21 15:37:12','added',21628,727,58,19,'plein cran',58,NULL,'fr',1,422,NULL,NULL,NULL),
	(99346,'2015-02-21 15:39:23','added',21631,727,58,5,'Bildformat einer Bewegtbildressource von weniger als 1.5:1.',58,NULL,'de',1,422,NULL,NULL,NULL),
	(99347,'2015-02-21 15:42:26','added',21635,727,58,5,'Format de limage dune ressource dimages animes infrieur  1,5:1.',58,NULL,'fr',1,422,NULL,NULL,NULL),
	(99348,'2015-03-13 10:54:26','added',22375,727,58,19,'pantalla completa',58,NULL,'es',1,422,NULL,NULL,NULL),
	(99349,'2015-03-13 10:57:56','added',22378,727,58,5,'Proporcin dimensional de un recurso de imagen en movimiento menor que 1.5:1.',58,NULL,'es',1,422,NULL,NULL,NULL),
	(99350,'2015-10-18 11:20:09','added',24429,727,58,43,'full screen',NULL,NULL,'en',1,422,NULL,NULL,NULL),
	(99351,'2015-10-18 11:20:09','added',24430,727,58,43,'plein cran',NULL,NULL,'fr',1,422,NULL,NULL,NULL),
	(99352,'2016-07-20 11:56:13','added',24431,727,58,42,'An aspect ratio designation for a moving image resource of less than 1.5:1.',NULL,NULL,'en',1,422,NULL,NULL,NULL),
	(99353,'2015-10-18 11:20:09','added',24432,727,58,42,'Format de limage dune ressource dimages animes infrieur  1,5:1.',NULL,NULL,'fr',1,422,NULL,NULL,NULL),
	(99354,'2015-10-18 11:24:31','added',24441,727,58,43,'Vollbild',NULL,NULL,'de',1,422,NULL,NULL,NULL),
	(99355,'2015-10-18 11:24:31','added',24442,727,58,42,'Bildformat einer Bewegtbildressource von weniger als 1.5:1.',NULL,NULL,'de',1,422,NULL,NULL,NULL),
	(99356,'2015-10-18 11:27:47','added',24447,727,58,43,'pantalla completa',NULL,NULL,'es',1,422,NULL,NULL,NULL),
	(99357,'2015-10-18 11:27:47','added',24448,727,58,42,'Proporcin dimensional de un recurso de imagen en movimiento menor que 1.5:1.',NULL,NULL,'es',1,422,NULL,NULL,NULL),
	(99358,'2016-01-04 17:28:54','added',29890,727,58,19,'',NULL,NULL,'zh',1,422,NULL,NULL,NULL),
	(99359,'2016-01-04 17:28:54','added',29891,727,58,43,'',NULL,NULL,'zh',1,422,NULL,NULL,NULL),
	(99360,'2016-01-04 17:28:54','added',29892,727,58,5,'1.51',NULL,NULL,'zh',1,422,NULL,NULL,NULL),
	(99361,'2016-01-04 17:28:54','added',29893,727,58,42,'1.51',NULL,NULL,'zh',1,422,NULL,NULL,NULL),
	(99362,'2016-02-13 19:18:14','added',31074,727,58,1,'full-screen',NULL,NULL,'en',1,422,NULL,NULL,NULL),
	(99363,'2016-08-20 19:15:31','added',34601,727,58,19,'full screen',NULL,NULL,'nl',1,422,NULL,454,NULL),
	(99364,'2016-08-20 19:15:31','added',34602,727,58,43,'full screen',NULL,NULL,'nl',1,422,NULL,454,NULL),
	(99365,'2016-08-20 19:15:31','added',34603,727,58,5,'Aspectratio voor een resource met bewegend beeld minder dan 1.5:1',NULL,NULL,'nl',1,422,NULL,454,NULL),
	(99366,'2016-08-20 19:15:31','added',34604,727,58,42,'Aspectratio voor een resource met bewegend beeld minder dan 1.5:1',NULL,NULL,'nl',1,422,NULL,454,NULL),
	(99367,'2011-07-20 14:45:32','added',2112,728,58,19,'wide screen',NULL,NULL,'en',1,224,NULL,NULL,NULL),
	(99368,'2016-07-20 11:56:13','added',6662,728,58,5,'An aspect ratio designation for a moving image resource of 1.5:1 or greater.',58,NULL,'en',1,422,NULL,NULL,NULL),
	(99369,'2015-02-21 15:35:46','added',21625,728,58,19,'Breitbild',58,NULL,'de',1,422,NULL,NULL,NULL),
	(99370,'2015-02-21 15:37:58','added',21630,728,58,19,'cran large',58,NULL,'fr',1,422,NULL,NULL,NULL),
	(99371,'2015-02-21 15:40:42','added',21633,728,58,5,'Bildformat einer Bewegtbildressource von 1.5:1 oder hher.',58,NULL,'de',1,422,NULL,NULL,NULL),
	(99372,'2015-03-13 11:04:26','added',22376,728,58,19,'pantalla ancha',58,NULL,'es',1,422,NULL,NULL,NULL),
	(99373,'2015-03-20 17:17:55','added',22451,728,58,5,'Format de limage dune ressource dimages animes gal ou suprieur  1,5:1.',58,NULL,'fr',1,422,NULL,NULL,NULL),
	(99374,'2015-10-18 11:20:10','added',24433,728,58,43,'wide screen',NULL,NULL,'en',1,422,NULL,NULL,NULL),
	(99375,'2015-10-18 11:20:10','added',24434,728,58,43,'cran large',NULL,NULL,'fr',1,422,NULL,NULL,NULL),
	(99376,'2016-07-20 11:56:13','added',24435,728,58,42,'An aspect ratio designation for a moving image resource of 1.5:1 or greater.',NULL,NULL,'en',1,422,NULL,NULL,NULL),
	(99377,'2015-10-18 11:20:10','added',24436,728,58,42,'Format de limage dune ressource dimages animes gal ou suprieur  1,5:1.',NULL,NULL,'fr',1,422,NULL,NULL,NULL),
	(99378,'2015-10-18 11:24:31','added',24443,728,58,43,'Breitbild',NULL,NULL,'de',1,422,NULL,NULL,NULL),
	(99379,'2015-10-18 11:24:31','added',24444,728,58,42,'Bildformat einer Bewegtbildressource von 1.5:1 oder hher.',NULL,NULL,'de',1,422,NULL,NULL,NULL),
	(99380,'2015-10-18 11:27:47','added',24449,728,58,43,'pantalla ancha',NULL,NULL,'es',1,422,NULL,NULL,NULL),
	(99381,'2016-01-04 17:28:54','added',29894,728,58,19,'',NULL,NULL,'zh',1,422,NULL,NULL,NULL),
	(99382,'2016-01-04 17:28:54','added',29895,728,58,43,'',NULL,NULL,'zh',1,422,NULL,NULL,NULL),
	(99383,'2016-01-04 17:28:54','added',29896,728,58,5,'1.5:1',NULL,NULL,'zh',1,422,NULL,NULL,NULL),
	(99384,'2016-01-04 17:28:54','added',29897,728,58,42,'1.5:1',NULL,NULL,'zh',1,422,NULL,NULL,NULL),
	(99385,'2016-02-13 19:18:14','added',31075,728,58,1,'wide-screen',NULL,NULL,'en',1,422,NULL,NULL,NULL),
	(99386,'2016-03-28 21:10:57','added',31247,728,58,5,'Proporcin dimensional de un recurso de imagen en movimiento de 1.5:1 o mayor.',NULL,NULL,'es',1,422,NULL,NULL,NULL),
	(99387,'2016-03-28 21:10:57','added',31248,728,58,42,'Proporcin dimensional de un recurso de imagen en movimiento de 1.5:1 o mayor.',NULL,NULL,'es',1,422,NULL,NULL,NULL),
	(99388,'2016-08-20 19:15:31','added',34605,728,58,19,'widescreen',NULL,NULL,'nl',1,422,NULL,454,NULL),
	(99389,'2016-08-20 19:15:31','added',34606,728,58,43,'widescreen',NULL,NULL,'nl',1,422,NULL,454,NULL),
	(99390,'2016-08-20 19:15:31','added',34607,728,58,5,'Aspectratio voor een resource met bewegend beeld van 1.5:1 of meer',NULL,NULL,'nl',1,422,NULL,454,NULL),
	(99391,'2016-08-20 19:15:31','added',34608,728,58,42,'Aspectratio voor een resource met bewegend beeld van 1.5:1 of meer',NULL,NULL,'nl',1,422,NULL,454,NULL),
	(99392,'2011-07-20 14:47:14','added',2113,729,58,19,'mixed',NULL,NULL,'en',1,224,NULL,NULL,NULL),
	(99393,'2016-07-20 11:56:13','added',6663,729,58,5,'An aspect ratio designation for a moving image resource that includes multiple aspect ratios within the same resource.',58,NULL,'en',1,422,NULL,NULL,NULL),
	(99394,'2015-02-21 15:36:34','added',21627,729,58,19,'gemischt',58,NULL,'de',1,422,NULL,NULL,NULL),
	(99395,'2015-02-21 15:37:33','added',21629,729,58,19,'mixte',58,NULL,'fr',1,422,NULL,NULL,NULL),
	(99396,'2015-02-21 15:39:59','added',21632,729,58,5,'Bildformat einer Bewegtbildressource, die mehrere Bildformate innerhalb derselben Ressource enthlt.',58,NULL,'de',1,422,NULL,NULL,NULL),
	(99397,'2015-02-21 15:41:47','added',21634,729,58,5,'Format de limage dune ressource dimages animes comprenant divers formats de limage  lintrieur de la mme ressource.',58,NULL,'fr',1,422,NULL,NULL,NULL),
	(99398,'2015-03-13 10:55:37','added',22377,729,58,19,'mixta',58,NULL,'es',1,422,NULL,NULL,NULL),
	(99399,'2015-10-18 11:20:10','added',24437,729,58,43,'mixed',NULL,NULL,'en',1,422,NULL,NULL,NULL),
	(99400,'2015-10-18 11:20:10','added',24438,729,58,43,'mixte',NULL,NULL,'fr',1,422,NULL,NULL,NULL),
	(99401,'2016-07-20 11:56:13','added',24439,729,58,42,'An aspect ratio designation for a moving image resource that includes multiple aspect ratios within the same resource.',NULL,NULL,'en',1,422,NULL,NULL,NULL),
	(99402,'2015-10-18 11:20:10','added',24440,729,58,42,'Format de limage dune ressource dimages animes comprenant divers formats de limage  lintrieur de la mme ressource.',NULL,NULL,'fr',1,422,NULL,NULL,NULL),
	(99403,'2015-10-18 11:24:31','added',24445,729,58,43,'gemischt',NULL,NULL,'de',1,422,NULL,NULL,NULL),
	(99404,'2015-10-18 11:24:31','added',24446,729,58,42,'Bildformat einer Bewegtbildressource, die mehrere Bildformate innerhalb derselben Ressource enthlt.',NULL,NULL,'de',1,422,NULL,NULL,NULL),
	(99405,'2015-10-18 11:27:47','added',24450,729,58,43,'mixta',NULL,NULL,'es',1,422,NULL,NULL,NULL),
	(99406,'2016-01-04 17:28:54','added',29898,729,58,19,'',NULL,NULL,'zh',1,422,NULL,NULL,NULL),
	(99407,'2016-01-04 17:28:54','added',29899,729,58,43,'',NULL,NULL,'zh',1,422,NULL,NULL,NULL),
	(99408,'2016-01-04 17:28:54','added',29900,729,58,5,'',NULL,NULL,'zh',1,422,NULL,NULL,NULL),
	(99409,'2016-01-04 17:28:54','added',29901,729,58,42,'',NULL,NULL,'zh',1,422,NULL,NULL,NULL),
	(99410,'2016-03-28 21:10:58','added',31249,729,58,5,'Proporcin dimensional de un recurso que incluye mltiples proporciones dimensionales dentro del mismo recurso.',NULL,NULL,'es',1,422,NULL,NULL,NULL),
	(99411,'2016-03-28 21:10:58','added',31250,729,58,42,'Proporcin dimensional de un recurso que incluye mltiples proporciones dimensionales dentro del mismo recurso.',NULL,NULL,'es',1,422,NULL,NULL,NULL),
	(99412,'2016-08-20 19:15:31','added',34609,729,58,19,'gemengd',NULL,NULL,'nl',1,422,NULL,454,NULL),
	(99413,'2016-08-20 19:15:31','added',34610,729,58,43,'gemengd',NULL,NULL,'nl',1,422,NULL,454,NULL),
	(99414,'2016-08-20 19:15:31','added',34611,729,58,5,'Aspectratio voor een resource met bewegend beeld dat meerdere aspectratio\'s bevat binnen dezelfde resource',NULL,NULL,'nl',1,422,NULL,454,NULL),
	(99415,'2016-08-20 19:15:31','added',34612,729,58,42,'Aspectratio voor een resource met bewegend beeld dat meerdere aspectratio\'s bevat binnen dezelfde resource',NULL,NULL,'nl',1,422,NULL,454,NULL),
	(117335,'2012-07-31 04:52:37','added',2111,727,58,19,'full screen',NULL,NULL,'en',1,224,NULL,NULL,NULL),
	(117336,'2016-07-20 11:56:13','added',6661,727,58,5,'An aspect ratio designation for a moving image resource of less than 1.5:1.',58,NULL,'en',1,422,NULL,NULL,NULL),
	(117337,'2015-02-21 15:36:10','added',21626,727,58,19,'Vollbild',58,NULL,'de',1,422,NULL,NULL,NULL),
	(117338,'2015-02-21 15:37:12','added',21628,727,58,19,'plein cran',58,NULL,'fr',1,422,NULL,NULL,NULL),
	(117339,'2015-02-21 15:39:23','added',21631,727,58,5,'Bildformat einer Bewegtbildressource von weniger als 1.5:1.',58,NULL,'de',1,422,NULL,NULL,NULL),
	(117340,'2015-02-21 15:42:26','added',21635,727,58,5,'Format de limage dune ressource dimages animes infrieur  1,5:1.',58,NULL,'fr',1,422,NULL,NULL,NULL),
	(117341,'2015-03-13 10:54:26','added',22375,727,58,19,'pantalla completa',58,NULL,'es',1,422,NULL,NULL,NULL),
	(117342,'2015-03-13 10:57:56','added',22378,727,58,5,'Proporcin dimensional de un recurso de imagen en movimiento menor que 1.5:1.',58,NULL,'es',1,422,NULL,NULL,NULL),
	(117343,'2015-10-18 11:20:09','added',24429,727,58,43,'full screen',NULL,NULL,'en',1,422,NULL,NULL,NULL),
	(117344,'2015-10-18 11:20:09','added',24430,727,58,43,'plein cran',NULL,NULL,'fr',1,422,NULL,NULL,NULL),
	(117345,'2016-07-20 11:56:13','added',24431,727,58,42,'An aspect ratio designation for a moving image resource of less than 1.5:1.',NULL,NULL,'en',1,422,NULL,NULL,NULL),
	(117346,'2015-10-18 11:20:09','added',24432,727,58,42,'Format de limage dune ressource dimages animes infrieur  1,5:1.',NULL,NULL,'fr',1,422,NULL,NULL,NULL),
	(117347,'2015-10-18 11:24:31','added',24441,727,58,43,'Vollbild',NULL,NULL,'de',1,422,NULL,NULL,NULL),
	(117348,'2015-10-18 11:24:31','added',24442,727,58,42,'Bildformat einer Bewegtbildressource von weniger als 1.5:1.',NULL,NULL,'de',1,422,NULL,NULL,NULL),
	(117349,'2015-10-18 11:27:47','added',24447,727,58,43,'pantalla completa',NULL,NULL,'es',1,422,NULL,NULL,NULL),
	(117350,'2015-10-18 11:27:47','added',24448,727,58,42,'Proporcin dimensional de un recurso de imagen en movimiento menor que 1.5:1.',NULL,NULL,'es',1,422,NULL,NULL,NULL),
	(117351,'2016-01-04 17:28:54','added',29890,727,58,19,'',NULL,NULL,'zh',1,422,NULL,NULL,NULL),
	(117352,'2016-01-04 17:28:54','added',29891,727,58,43,'',NULL,NULL,'zh',1,422,NULL,NULL,NULL),
	(117353,'2016-01-04 17:28:54','added',29892,727,58,5,'1.51',NULL,NULL,'zh',1,422,NULL,NULL,NULL),
	(117354,'2016-01-04 17:28:54','added',29893,727,58,42,'1.51',NULL,NULL,'zh',1,422,NULL,NULL,NULL),
	(117355,'2016-02-13 19:18:14','added',31074,727,58,1,'full-screen',NULL,NULL,'en',1,422,NULL,NULL,NULL),
	(117356,'2016-08-20 19:15:31','added',34601,727,58,19,'full screen',NULL,NULL,'nl',1,422,NULL,NULL,NULL),
	(117357,'2016-08-20 19:15:31','added',34602,727,58,43,'full screen',NULL,NULL,'nl',1,422,NULL,NULL,NULL),
	(117358,'2016-08-20 19:15:31','added',34603,727,58,5,'Aspectratio voor een resource met bewegend beeld minder dan 1.5:1',NULL,NULL,'nl',1,422,NULL,NULL,NULL),
	(117359,'2016-08-20 19:15:31','added',34604,727,58,42,'Aspectratio voor een resource met bewegend beeld minder dan 1.5:1',NULL,NULL,'nl',1,422,NULL,NULL,NULL),
	(117360,'2016-08-24 18:22:34','added',36680,727,58,19,'a tutto schermo',NULL,NULL,'it',1,422,NULL,545,NULL),
	(117361,'2016-08-24 18:22:34','added',36681,727,58,43,'a tutto schermo',NULL,NULL,'it',1,422,NULL,545,NULL),
	(117362,'2011-07-20 14:45:32','added',2112,728,58,19,'wide screen',NULL,NULL,'en',1,224,NULL,NULL,NULL),
	(117363,'2016-07-20 11:56:13','added',6662,728,58,5,'An aspect ratio designation for a moving image resource of 1.5:1 or greater.',58,NULL,'en',1,422,NULL,NULL,NULL),
	(117364,'2015-02-21 15:35:46','added',21625,728,58,19,'Breitbild',58,NULL,'de',1,422,NULL,NULL,NULL),
	(117365,'2015-02-21 15:37:58','added',21630,728,58,19,'cran large',58,NULL,'fr',1,422,NULL,NULL,NULL),
	(117366,'2015-02-21 15:40:42','added',21633,728,58,5,'Bildformat einer Bewegtbildressource von 1.5:1 oder hher.',58,NULL,'de',1,422,NULL,NULL,NULL),
	(117367,'2015-03-13 11:04:26','added',22376,728,58,19,'pantalla ancha',58,NULL,'es',1,422,NULL,NULL,NULL),
	(117368,'2015-03-20 17:17:55','added',22451,728,58,5,'Format de limage dune ressource dimages animes gal ou suprieur  1,5:1.',58,NULL,'fr',1,422,NULL,NULL,NULL),
	(117369,'2015-10-18 11:20:10','added',24433,728,58,43,'wide screen',NULL,NULL,'en',1,422,NULL,NULL,NULL),
	(117370,'2015-10-18 11:20:10','added',24434,728,58,43,'cran large',NULL,NULL,'fr',1,422,NULL,NULL,NULL),
	(117371,'2016-07-20 11:56:13','added',24435,728,58,42,'An aspect ratio designation for a moving image resource of 1.5:1 or greater.',NULL,NULL,'en',1,422,NULL,NULL,NULL),
	(117372,'2015-10-18 11:20:10','added',24436,728,58,42,'Format de limage dune ressource dimages animes gal ou suprieur  1,5:1.',NULL,NULL,'fr',1,422,NULL,NULL,NULL),
	(117373,'2015-10-18 11:24:31','added',24443,728,58,43,'Breitbild',NULL,NULL,'de',1,422,NULL,NULL,NULL),
	(117374,'2015-10-18 11:24:31','added',24444,728,58,42,'Bildformat einer Bewegtbildressource von 1.5:1 oder hher.',NULL,NULL,'de',1,422,NULL,NULL,NULL),
	(117375,'2015-10-18 11:27:47','added',24449,728,58,43,'pantalla ancha',NULL,NULL,'es',1,422,NULL,NULL,NULL),
	(117376,'2016-01-04 17:28:54','added',29894,728,58,19,'',NULL,NULL,'zh',1,422,NULL,NULL,NULL),
	(117377,'2016-01-04 17:28:54','added',29895,728,58,43,'',NULL,NULL,'zh',1,422,NULL,NULL,NULL),
	(117378,'2016-01-04 17:28:54','added',29896,728,58,5,'1.5:1',NULL,NULL,'zh',1,422,NULL,NULL,NULL),
	(117379,'2016-01-04 17:28:54','added',29897,728,58,42,'1.5:1',NULL,NULL,'zh',1,422,NULL,NULL,NULL),
	(117380,'2016-02-13 19:18:14','added',31075,728,58,1,'wide-screen',NULL,NULL,'en',1,422,NULL,NULL,NULL),
	(117381,'2016-03-28 21:10:57','added',31247,728,58,5,'Proporcin dimensional de un recurso de imagen en movimiento de 1.5:1 o mayor.',NULL,NULL,'es',1,422,NULL,NULL,NULL),
	(117382,'2016-03-28 21:10:57','added',31248,728,58,42,'Proporcin dimensional de un recurso de imagen en movimiento de 1.5:1 o mayor.',NULL,NULL,'es',1,422,NULL,NULL,NULL),
	(117383,'2016-08-20 19:15:31','added',34605,728,58,19,'widescreen',NULL,NULL,'nl',1,422,NULL,NULL,NULL),
	(117384,'2016-08-20 19:15:31','added',34606,728,58,43,'widescreen',NULL,NULL,'nl',1,422,NULL,NULL,NULL),
	(117385,'2016-08-20 19:15:31','added',34607,728,58,5,'Aspectratio voor een resource met bewegend beeld van 1.5:1 of meer',NULL,NULL,'nl',1,422,NULL,NULL,NULL),
	(117386,'2016-08-20 19:15:31','added',34608,728,58,42,'Aspectratio voor een resource met bewegend beeld van 1.5:1 of meer',NULL,NULL,'nl',1,422,NULL,NULL,NULL),
	(117387,'2016-08-24 18:22:34','added',36682,728,58,19,'a schermo panoramico',NULL,NULL,'it',1,422,NULL,545,NULL),
	(117388,'2016-08-24 18:22:34','added',36683,728,58,43,'a schermo panoramico',NULL,NULL,'it',1,422,NULL,545,NULL),
	(117389,'2011-07-20 14:47:14','added',2113,729,58,19,'mixed',NULL,NULL,'en',1,224,NULL,NULL,NULL),
	(117390,'2016-07-20 11:56:13','added',6663,729,58,5,'An aspect ratio designation for a moving image resource that includes multiple aspect ratios within the same resource.',58,NULL,'en',1,422,NULL,NULL,NULL),
	(117391,'2015-02-21 15:36:34','added',21627,729,58,19,'gemischt',58,NULL,'de',1,422,NULL,NULL,NULL),
	(117392,'2015-02-21 15:37:33','added',21629,729,58,19,'mixte',58,NULL,'fr',1,422,NULL,NULL,NULL),
	(117393,'2015-02-21 15:39:59','added',21632,729,58,5,'Bildformat einer Bewegtbildressource, die mehrere Bildformate innerhalb derselben Ressource enthlt.',58,NULL,'de',1,422,NULL,NULL,NULL),
	(117394,'2015-02-21 15:41:47','added',21634,729,58,5,'Format de limage dune ressource dimages animes comprenant divers formats de limage  lintrieur de la mme ressource.',58,NULL,'fr',1,422,NULL,NULL,NULL),
	(117395,'2015-03-13 10:55:37','added',22377,729,58,19,'mixta',58,NULL,'es',1,422,NULL,NULL,NULL),
	(117396,'2015-10-18 11:20:10','added',24437,729,58,43,'mixed',NULL,NULL,'en',1,422,NULL,NULL,NULL),
	(117397,'2015-10-18 11:20:10','added',24438,729,58,43,'mixte',NULL,NULL,'fr',1,422,NULL,NULL,NULL),
	(117398,'2016-07-20 11:56:13','added',24439,729,58,42,'An aspect ratio designation for a moving image resource that includes multiple aspect ratios within the same resource.',NULL,NULL,'en',1,422,NULL,NULL,NULL),
	(117399,'2015-10-18 11:20:10','added',24440,729,58,42,'Format de limage dune ressource dimages animes comprenant divers formats de limage  lintrieur de la mme ressource.',NULL,NULL,'fr',1,422,NULL,NULL,NULL),
	(117400,'2015-10-18 11:24:31','added',24445,729,58,43,'gemischt',NULL,NULL,'de',1,422,NULL,NULL,NULL),
	(117401,'2015-10-18 11:24:31','added',24446,729,58,42,'Bildformat einer Bewegtbildressource, die mehrere Bildformate innerhalb derselben Ressource enthlt.',NULL,NULL,'de',1,422,NULL,NULL,NULL),
	(117402,'2015-10-18 11:27:47','added',24450,729,58,43,'mixta',NULL,NULL,'es',1,422,NULL,NULL,NULL),
	(117403,'2016-01-04 17:28:54','added',29898,729,58,19,'',NULL,NULL,'zh',1,422,NULL,NULL,NULL),
	(117404,'2016-01-04 17:28:54','added',29899,729,58,43,'',NULL,NULL,'zh',1,422,NULL,NULL,NULL),
	(117405,'2016-01-04 17:28:54','added',29900,729,58,5,'',NULL,NULL,'zh',1,422,NULL,NULL,NULL),
	(117406,'2016-01-04 17:28:54','added',29901,729,58,42,'',NULL,NULL,'zh',1,422,NULL,NULL,NULL),
	(117407,'2016-03-28 21:10:58','added',31249,729,58,5,'Proporcin dimensional de un recurso que incluye mltiples proporciones dimensionales dentro del mismo recurso.',NULL,NULL,'es',1,422,NULL,NULL,NULL),
	(117408,'2016-03-28 21:10:58','added',31250,729,58,42,'Proporcin dimensional de un recurso que incluye mltiples proporciones dimensionales dentro del mismo recurso.',NULL,NULL,'es',1,422,NULL,NULL,NULL),
	(117409,'2016-08-20 19:15:31','added',34609,729,58,19,'gemengd',NULL,NULL,'nl',1,422,NULL,NULL,NULL),
	(117410,'2016-08-20 19:15:31','added',34610,729,58,43,'gemengd',NULL,NULL,'nl',1,422,NULL,NULL,NULL),
	(117411,'2016-08-20 19:15:31','added',34611,729,58,5,'Aspectratio voor een resource met bewegend beeld dat meerdere aspectratio\'s bevat binnen dezelfde resource',NULL,NULL,'nl',1,422,NULL,NULL,NULL),
	(117412,'2016-08-20 19:15:31','added',34612,729,58,42,'Aspectratio voor een resource met bewegend beeld dat meerdere aspectratio\'s bevat binnen dezelfde resource',NULL,NULL,'nl',1,422,NULL,NULL,NULL),
	(117413,'2016-08-24 18:22:34','added',36684,729,58,19,'misto',NULL,NULL,'it',1,422,NULL,545,NULL),
	(117414,'2016-08-24 18:22:34','added',36685,729,58,43,'misto',NULL,NULL,'it',1,422,NULL,545,NULL),
	(117415,'2012-07-31 04:52:37','added',2111,727,58,19,'full screen',NULL,NULL,'en',1,224,NULL,NULL,NULL),
	(117416,'2016-07-20 11:56:13','added',6661,727,58,5,'An aspect ratio designation for a moving image resource of less than 1.5:1.',58,NULL,'en',1,422,NULL,NULL,NULL),
	(117417,'2015-02-21 15:36:10','added',21626,727,58,19,'Vollbild',58,NULL,'de',1,422,NULL,NULL,NULL),
	(117418,'2015-02-21 15:37:12','added',21628,727,58,19,'plein cran',58,NULL,'fr',1,422,NULL,NULL,NULL),
	(117419,'2015-02-21 15:39:23','added',21631,727,58,5,'Bildformat einer Bewegtbildressource von weniger als 1.5:1.',58,NULL,'de',1,422,NULL,NULL,NULL),
	(117420,'2015-02-21 15:42:26','added',21635,727,58,5,'Format de limage dune ressource dimages animes infrieur  1,5:1.',58,NULL,'fr',1,422,NULL,NULL,NULL),
	(117421,'2015-03-13 10:54:26','added',22375,727,58,19,'pantalla completa',58,NULL,'es',1,422,NULL,NULL,NULL),
	(117422,'2015-03-13 10:57:56','added',22378,727,58,5,'Proporcin dimensional de un recurso de imagen en movimiento menor que 1.5:1.',58,NULL,'es',1,422,NULL,NULL,NULL),
	(117423,'2015-10-18 11:20:09','added',24429,727,58,43,'full screen',NULL,NULL,'en',1,422,NULL,NULL,NULL),
	(117424,'2015-10-18 11:20:09','added',24430,727,58,43,'plein cran',NULL,NULL,'fr',1,422,NULL,NULL,NULL),
	(117425,'2016-07-20 11:56:13','added',24431,727,58,42,'An aspect ratio designation for a moving image resource of less than 1.5:1.',NULL,NULL,'en',1,422,NULL,NULL,NULL),
	(117426,'2015-10-18 11:20:09','added',24432,727,58,42,'Format de limage dune ressource dimages animes infrieur  1,5:1.',NULL,NULL,'fr',1,422,NULL,NULL,NULL),
	(117427,'2015-10-18 11:24:31','added',24441,727,58,43,'Vollbild',NULL,NULL,'de',1,422,NULL,NULL,NULL),
	(117428,'2015-10-18 11:24:31','added',24442,727,58,42,'Bildformat einer Bewegtbildressource von weniger als 1.5:1.',NULL,NULL,'de',1,422,NULL,NULL,NULL),
	(117429,'2015-10-18 11:27:47','added',24447,727,58,43,'pantalla completa',NULL,NULL,'es',1,422,NULL,NULL,NULL),
	(117430,'2015-10-18 11:27:47','added',24448,727,58,42,'Proporcin dimensional de un recurso de imagen en movimiento menor que 1.5:1.',NULL,NULL,'es',1,422,NULL,NULL,NULL),
	(117431,'2016-01-04 17:28:54','added',29890,727,58,19,'',NULL,NULL,'zh',1,422,NULL,NULL,NULL),
	(117432,'2016-01-04 17:28:54','added',29891,727,58,43,'',NULL,NULL,'zh',1,422,NULL,NULL,NULL),
	(117433,'2016-01-04 17:28:54','added',29892,727,58,5,'1.51',NULL,NULL,'zh',1,422,NULL,NULL,NULL),
	(117434,'2016-01-04 17:28:54','added',29893,727,58,42,'1.51',NULL,NULL,'zh',1,422,NULL,NULL,NULL),
	(117435,'2016-02-13 19:18:14','added',31074,727,58,1,'full-screen',NULL,NULL,'en',1,422,NULL,NULL,NULL),
	(117436,'2016-08-20 19:15:31','added',34601,727,58,19,'full screen',NULL,NULL,'nl',1,422,NULL,NULL,NULL),
	(117437,'2016-08-20 19:15:31','added',34602,727,58,43,'full screen',NULL,NULL,'nl',1,422,NULL,NULL,NULL),
	(117438,'2016-08-20 19:15:31','added',34603,727,58,5,'Aspectratio voor een resource met bewegend beeld minder dan 1.5:1',NULL,NULL,'nl',1,422,NULL,NULL,NULL),
	(117439,'2016-08-20 19:15:31','added',34604,727,58,42,'Aspectratio voor een resource met bewegend beeld minder dan 1.5:1',NULL,NULL,'nl',1,422,NULL,NULL,NULL),
	(117440,'2016-08-24 18:22:34','added',36680,727,58,19,'a tutto schermo',NULL,NULL,'it',1,422,NULL,NULL,NULL),
	(117441,'2016-08-24 18:22:34','added',36681,727,58,43,'a tutto schermo',NULL,NULL,'it',1,422,NULL,NULL,NULL),
	(117442,'2016-08-24 18:25:56','added',36686,727,58,19,'full screen',NULL,NULL,'fi',1,422,NULL,546,NULL),
	(117443,'2016-08-24 18:25:56','added',36687,727,58,43,'full screen',NULL,NULL,'fi',1,422,NULL,546,NULL),
	(117444,'2011-07-20 14:45:32','added',2112,728,58,19,'wide screen',NULL,NULL,'en',1,224,NULL,NULL,NULL),
	(117445,'2016-07-20 11:56:13','added',6662,728,58,5,'An aspect ratio designation for a moving image resource of 1.5:1 or greater.',58,NULL,'en',1,422,NULL,NULL,NULL),
	(117446,'2015-02-21 15:35:46','added',21625,728,58,19,'Breitbild',58,NULL,'de',1,422,NULL,NULL,NULL),
	(117447,'2015-02-21 15:37:58','added',21630,728,58,19,'cran large',58,NULL,'fr',1,422,NULL,NULL,NULL),
	(117448,'2015-02-21 15:40:42','added',21633,728,58,5,'Bildformat einer Bewegtbildressource von 1.5:1 oder hher.',58,NULL,'de',1,422,NULL,NULL,NULL),
	(117449,'2015-03-13 11:04:26','added',22376,728,58,19,'pantalla ancha',58,NULL,'es',1,422,NULL,NULL,NULL),
	(117450,'2015-03-20 17:17:55','added',22451,728,58,5,'Format de limage dune ressource dimages animes gal ou suprieur  1,5:1.',58,NULL,'fr',1,422,NULL,NULL,NULL),
	(117451,'2015-10-18 11:20:10','added',24433,728,58,43,'wide screen',NULL,NULL,'en',1,422,NULL,NULL,NULL),
	(117452,'2015-10-18 11:20:10','added',24434,728,58,43,'cran large',NULL,NULL,'fr',1,422,NULL,NULL,NULL),
	(117453,'2016-07-20 11:56:13','added',24435,728,58,42,'An aspect ratio designation for a moving image resource of 1.5:1 or greater.',NULL,NULL,'en',1,422,NULL,NULL,NULL),
	(117454,'2015-10-18 11:20:10','added',24436,728,58,42,'Format de limage dune ressource dimages animes gal ou suprieur  1,5:1.',NULL,NULL,'fr',1,422,NULL,NULL,NULL),
	(117455,'2015-10-18 11:24:31','added',24443,728,58,43,'Breitbild',NULL,NULL,'de',1,422,NULL,NULL,NULL),
	(117456,'2015-10-18 11:24:31','added',24444,728,58,42,'Bildformat einer Bewegtbildressource von 1.5:1 oder hher.',NULL,NULL,'de',1,422,NULL,NULL,NULL),
	(117457,'2015-10-18 11:27:47','added',24449,728,58,43,'pantalla ancha',NULL,NULL,'es',1,422,NULL,NULL,NULL),
	(117458,'2016-01-04 17:28:54','added',29894,728,58,19,'',NULL,NULL,'zh',1,422,NULL,NULL,NULL),
	(117459,'2016-01-04 17:28:54','added',29895,728,58,43,'',NULL,NULL,'zh',1,422,NULL,NULL,NULL),
	(117460,'2016-01-04 17:28:54','added',29896,728,58,5,'1.5:1',NULL,NULL,'zh',1,422,NULL,NULL,NULL),
	(117461,'2016-01-04 17:28:54','added',29897,728,58,42,'1.5:1',NULL,NULL,'zh',1,422,NULL,NULL,NULL),
	(117462,'2016-02-13 19:18:14','added',31075,728,58,1,'wide-screen',NULL,NULL,'en',1,422,NULL,NULL,NULL),
	(117463,'2016-03-28 21:10:57','added',31247,728,58,5,'Proporcin dimensional de un recurso de imagen en movimiento de 1.5:1 o mayor.',NULL,NULL,'es',1,422,NULL,NULL,NULL),
	(117464,'2016-03-28 21:10:57','added',31248,728,58,42,'Proporcin dimensional de un recurso de imagen en movimiento de 1.5:1 o mayor.',NULL,NULL,'es',1,422,NULL,NULL,NULL),
	(117465,'2016-08-20 19:15:31','added',34605,728,58,19,'widescreen',NULL,NULL,'nl',1,422,NULL,NULL,NULL),
	(117466,'2016-08-20 19:15:31','added',34606,728,58,43,'widescreen',NULL,NULL,'nl',1,422,NULL,NULL,NULL),
	(117467,'2016-08-20 19:15:31','added',34607,728,58,5,'Aspectratio voor een resource met bewegend beeld van 1.5:1 of meer',NULL,NULL,'nl',1,422,NULL,NULL,NULL),
	(117468,'2016-08-20 19:15:31','added',34608,728,58,42,'Aspectratio voor een resource met bewegend beeld van 1.5:1 of meer',NULL,NULL,'nl',1,422,NULL,NULL,NULL),
	(117469,'2016-08-24 18:22:34','added',36682,728,58,19,'a schermo panoramico',NULL,NULL,'it',1,422,NULL,NULL,NULL),
	(117470,'2016-08-24 18:22:34','added',36683,728,58,43,'a schermo panoramico',NULL,NULL,'it',1,422,NULL,NULL,NULL),
	(117471,'2016-08-24 18:25:56','added',36688,728,58,19,'wide screen',NULL,NULL,'fi',1,422,NULL,546,NULL),
	(117472,'2016-08-24 18:25:56','added',36689,728,58,43,'wide screen',NULL,NULL,'fi',1,422,NULL,546,NULL),
	(117473,'2011-07-20 14:47:14','added',2113,729,58,19,'mixed',NULL,NULL,'en',1,224,NULL,NULL,NULL),
	(117474,'2016-07-20 11:56:13','added',6663,729,58,5,'An aspect ratio designation for a moving image resource that includes multiple aspect ratios within the same resource.',58,NULL,'en',1,422,NULL,NULL,NULL),
	(117475,'2015-02-21 15:36:34','added',21627,729,58,19,'gemischt',58,NULL,'de',1,422,NULL,NULL,NULL),
	(117476,'2015-02-21 15:37:33','added',21629,729,58,19,'mixte',58,NULL,'fr',1,422,NULL,NULL,NULL),
	(117477,'2015-02-21 15:39:59','added',21632,729,58,5,'Bildformat einer Bewegtbildressource, die mehrere Bildformate innerhalb derselben Ressource enthlt.',58,NULL,'de',1,422,NULL,NULL,NULL),
	(117478,'2015-02-21 15:41:47','added',21634,729,58,5,'Format de limage dune ressource dimages animes comprenant divers formats de limage  lintrieur de la mme ressource.',58,NULL,'fr',1,422,NULL,NULL,NULL),
	(117479,'2015-03-13 10:55:37','added',22377,729,58,19,'mixta',58,NULL,'es',1,422,NULL,NULL,NULL),
	(117480,'2015-10-18 11:20:10','added',24437,729,58,43,'mixed',NULL,NULL,'en',1,422,NULL,NULL,NULL),
	(117481,'2015-10-18 11:20:10','added',24438,729,58,43,'mixte',NULL,NULL,'fr',1,422,NULL,NULL,NULL),
	(117482,'2016-07-20 11:56:13','added',24439,729,58,42,'An aspect ratio designation for a moving image resource that includes multiple aspect ratios within the same resource.',NULL,NULL,'en',1,422,NULL,NULL,NULL),
	(117483,'2015-10-18 11:20:10','added',24440,729,58,42,'Format de limage dune ressource dimages animes comprenant divers formats de limage  lintrieur de la mme ressource.',NULL,NULL,'fr',1,422,NULL,NULL,NULL),
	(117484,'2015-10-18 11:24:31','added',24445,729,58,43,'gemischt',NULL,NULL,'de',1,422,NULL,NULL,NULL),
	(117485,'2015-10-18 11:24:31','added',24446,729,58,42,'Bildformat einer Bewegtbildressource, die mehrere Bildformate innerhalb derselben Ressource enthlt.',NULL,NULL,'de',1,422,NULL,NULL,NULL),
	(117486,'2015-10-18 11:27:47','added',24450,729,58,43,'mixta',NULL,NULL,'es',1,422,NULL,NULL,NULL),
	(117487,'2016-01-04 17:28:54','added',29898,729,58,19,'',NULL,NULL,'zh',1,422,NULL,NULL,NULL),
	(117488,'2016-01-04 17:28:54','added',29899,729,58,43,'',NULL,NULL,'zh',1,422,NULL,NULL,NULL),
	(117489,'2016-01-04 17:28:54','added',29900,729,58,5,'',NULL,NULL,'zh',1,422,NULL,NULL,NULL),
	(117490,'2016-01-04 17:28:54','added',29901,729,58,42,'',NULL,NULL,'zh',1,422,NULL,NULL,NULL),
	(117491,'2016-03-28 21:10:58','added',31249,729,58,5,'Proporcin dimensional de un recurso que incluye mltiples proporciones dimensionales dentro del mismo recurso.',NULL,NULL,'es',1,422,NULL,NULL,NULL),
	(117492,'2016-03-28 21:10:58','added',31250,729,58,42,'Proporcin dimensional de un recurso que incluye mltiples proporciones dimensionales dentro del mismo recurso.',NULL,NULL,'es',1,422,NULL,NULL,NULL),
	(117493,'2016-08-20 19:15:31','added',34609,729,58,19,'gemengd',NULL,NULL,'nl',1,422,NULL,NULL,NULL),
	(117494,'2016-08-20 19:15:31','added',34610,729,58,43,'gemengd',NULL,NULL,'nl',1,422,NULL,NULL,NULL),
	(117495,'2016-08-20 19:15:31','added',34611,729,58,5,'Aspectratio voor een resource met bewegend beeld dat meerdere aspectratio\'s bevat binnen dezelfde resource',NULL,NULL,'nl',1,422,NULL,NULL,NULL),
	(117496,'2016-08-20 19:15:31','added',34612,729,58,42,'Aspectratio voor een resource met bewegend beeld dat meerdere aspectratio\'s bevat binnen dezelfde resource',NULL,NULL,'nl',1,422,NULL,NULL,NULL),
	(117497,'2016-08-24 18:22:34','added',36684,729,58,19,'misto',NULL,NULL,'it',1,422,NULL,NULL,NULL),
	(117498,'2016-08-24 18:22:34','added',36685,729,58,43,'misto',NULL,NULL,'it',1,422,NULL,NULL,NULL),
	(117499,'2016-08-24 18:25:56','added',36690,729,58,19,'yhdistelm',NULL,NULL,'fi',1,422,NULL,546,NULL),
	(117500,'2016-08-24 18:25:56','added',36691,729,58,43,'yhdistelm',NULL,NULL,'fi',1,422,NULL,546,NULL),
	(145021,'2012-07-31 04:52:37','added',2111,727,58,19,'full screen',NULL,NULL,'en',1,224,NULL,NULL,NULL),
	(145022,'2016-07-20 11:56:13','added',6661,727,58,5,'An aspect ratio designation for a moving image resource of less than 1.5:1.',58,NULL,'en',1,422,NULL,NULL,NULL),
	(145023,'2015-02-21 15:36:10','added',21626,727,58,19,'Vollbild',58,NULL,'de',1,422,NULL,NULL,NULL),
	(145024,'2015-02-21 15:37:12','added',21628,727,58,19,'plein cran',58,NULL,'fr',1,422,NULL,NULL,NULL),
	(145025,'2015-02-21 15:39:23','added',21631,727,58,5,'Bildformat einer Bewegtbildressource von weniger als 1.5:1.',58,NULL,'de',1,422,NULL,NULL,NULL),
	(145026,'2015-02-21 15:42:26','added',21635,727,58,5,'Format de limage dune ressource dimages animes infrieur  1,5:1.',58,NULL,'fr',1,422,NULL,NULL,NULL),
	(145027,'2015-03-13 10:54:26','added',22375,727,58,19,'pantalla completa',58,NULL,'es',1,422,NULL,NULL,NULL),
	(145028,'2015-03-13 10:57:56','added',22378,727,58,5,'Proporcin dimensional de un recurso de imagen en movimiento menor que 1.5:1.',58,NULL,'es',1,422,NULL,NULL,NULL),
	(145029,'2015-10-18 11:20:09','added',24429,727,58,43,'full screen',NULL,NULL,'en',1,422,NULL,NULL,NULL),
	(145030,'2015-10-18 11:20:09','added',24430,727,58,43,'plein cran',NULL,NULL,'fr',1,422,NULL,NULL,NULL),
	(145031,'2016-07-20 11:56:13','added',24431,727,58,42,'An aspect ratio designation for a moving image resource of less than 1.5:1.',NULL,NULL,'en',1,422,NULL,NULL,NULL),
	(145032,'2015-10-18 11:20:09','added',24432,727,58,42,'Format de limage dune ressource dimages animes infrieur  1,5:1.',NULL,NULL,'fr',1,422,NULL,NULL,NULL),
	(145033,'2015-10-18 11:24:31','added',24441,727,58,43,'Vollbild',NULL,NULL,'de',1,422,NULL,NULL,NULL),
	(145034,'2015-10-18 11:24:31','added',24442,727,58,42,'Bildformat einer Bewegtbildressource von weniger als 1.5:1.',NULL,NULL,'de',1,422,NULL,NULL,NULL),
	(145035,'2015-10-18 11:27:47','added',24447,727,58,43,'pantalla completa',NULL,NULL,'es',1,422,NULL,NULL,NULL),
	(145036,'2015-10-18 11:27:47','added',24448,727,58,42,'Proporcin dimensional de un recurso de imagen en movimiento menor que 1.5:1.',NULL,NULL,'es',1,422,NULL,NULL,NULL),
	(145037,'2016-01-04 17:28:54','added',29890,727,58,19,'',NULL,NULL,'zh',1,422,NULL,NULL,NULL),
	(145038,'2016-01-04 17:28:54','added',29891,727,58,43,'',NULL,NULL,'zh',1,422,NULL,NULL,NULL),
	(145039,'2016-01-04 17:28:54','added',29892,727,58,5,'1.51',NULL,NULL,'zh',1,422,NULL,NULL,NULL),
	(145040,'2016-01-04 17:28:54','added',29893,727,58,42,'1.51',NULL,NULL,'zh',1,422,NULL,NULL,NULL),
	(145041,'2016-02-13 19:18:14','added',31074,727,58,1,'full-screen',NULL,NULL,'en',1,422,NULL,NULL,NULL),
	(145042,'2016-08-20 19:15:31','added',34601,727,58,19,'full screen',NULL,NULL,'nl',1,422,NULL,NULL,NULL),
	(145043,'2016-08-20 19:15:31','added',34602,727,58,43,'full screen',NULL,NULL,'nl',1,422,NULL,NULL,NULL),
	(145044,'2016-08-20 19:15:31','added',34603,727,58,5,'Aspectratio voor een resource met bewegend beeld minder dan 1.5:1',NULL,NULL,'nl',1,422,NULL,NULL,NULL),
	(145045,'2016-08-20 19:15:31','added',34604,727,58,42,'Aspectratio voor een resource met bewegend beeld minder dan 1.5:1',NULL,NULL,'nl',1,422,NULL,NULL,NULL),
	(145046,'2016-08-24 18:22:34','added',36680,727,58,19,'a tutto schermo',NULL,NULL,'it',1,422,NULL,NULL,NULL),
	(145047,'2016-08-24 18:22:34','added',36681,727,58,43,'a tutto schermo',NULL,NULL,'it',1,422,NULL,NULL,NULL),
	(145048,'2016-08-24 18:25:56','added',36686,727,58,19,'full screen',NULL,NULL,'fi',1,422,NULL,NULL,NULL),
	(145049,'2016-08-24 18:25:56','added',36687,727,58,43,'full screen',NULL,NULL,'fi',1,422,NULL,NULL,NULL),
	(145050,'2016-12-16 00:03:04','added',42090,727,58,19,'normalbild',NULL,NULL,'sv',1,422,NULL,701,NULL),
	(145051,'2016-12-16 00:03:04','added',42091,727,58,43,'normalbild',NULL,NULL,'sv',1,422,NULL,701,NULL),
	(145052,'2011-07-20 14:45:32','added',2112,728,58,19,'wide screen',NULL,NULL,'en',1,224,NULL,NULL,NULL),
	(145053,'2016-07-20 11:56:13','added',6662,728,58,5,'An aspect ratio designation for a moving image resource of 1.5:1 or greater.',58,NULL,'en',1,422,NULL,NULL,NULL),
	(145054,'2015-02-21 15:35:46','added',21625,728,58,19,'Breitbild',58,NULL,'de',1,422,NULL,NULL,NULL),
	(145055,'2015-02-21 15:37:58','added',21630,728,58,19,'cran large',58,NULL,'fr',1,422,NULL,NULL,NULL),
	(145056,'2015-02-21 15:40:42','added',21633,728,58,5,'Bildformat einer Bewegtbildressource von 1.5:1 oder hher.',58,NULL,'de',1,422,NULL,NULL,NULL),
	(145057,'2015-03-13 11:04:26','added',22376,728,58,19,'pantalla ancha',58,NULL,'es',1,422,NULL,NULL,NULL),
	(145058,'2015-03-20 17:17:55','added',22451,728,58,5,'Format de limage dune ressource dimages animes gal ou suprieur  1,5:1.',58,NULL,'fr',1,422,NULL,NULL,NULL),
	(145059,'2015-10-18 11:20:10','added',24433,728,58,43,'wide screen',NULL,NULL,'en',1,422,NULL,NULL,NULL),
	(145060,'2015-10-18 11:20:10','added',24434,728,58,43,'cran large',NULL,NULL,'fr',1,422,NULL,NULL,NULL),
	(145061,'2016-07-20 11:56:13','added',24435,728,58,42,'An aspect ratio designation for a moving image resource of 1.5:1 or greater.',NULL,NULL,'en',1,422,NULL,NULL,NULL),
	(145062,'2015-10-18 11:20:10','added',24436,728,58,42,'Format de limage dune ressource dimages animes gal ou suprieur  1,5:1.',NULL,NULL,'fr',1,422,NULL,NULL,NULL),
	(145063,'2015-10-18 11:24:31','added',24443,728,58,43,'Breitbild',NULL,NULL,'de',1,422,NULL,NULL,NULL),
	(145064,'2015-10-18 11:24:31','added',24444,728,58,42,'Bildformat einer Bewegtbildressource von 1.5:1 oder hher.',NULL,NULL,'de',1,422,NULL,NULL,NULL),
	(145065,'2015-10-18 11:27:47','added',24449,728,58,43,'pantalla ancha',NULL,NULL,'es',1,422,NULL,NULL,NULL),
	(145066,'2016-01-04 17:28:54','added',29894,728,58,19,'',NULL,NULL,'zh',1,422,NULL,NULL,NULL),
	(145067,'2016-01-04 17:28:54','added',29895,728,58,43,'',NULL,NULL,'zh',1,422,NULL,NULL,NULL),
	(145068,'2016-01-04 17:28:54','added',29896,728,58,5,'1.5:1',NULL,NULL,'zh',1,422,NULL,NULL,NULL),
	(145069,'2016-01-04 17:28:54','added',29897,728,58,42,'1.5:1',NULL,NULL,'zh',1,422,NULL,NULL,NULL),
	(145070,'2016-02-13 19:18:14','added',31075,728,58,1,'wide-screen',NULL,NULL,'en',1,422,NULL,NULL,NULL),
	(145071,'2016-03-28 21:10:57','added',31247,728,58,5,'Proporcin dimensional de un recurso de imagen en movimiento de 1.5:1 o mayor.',NULL,NULL,'es',1,422,NULL,NULL,NULL),
	(145072,'2016-03-28 21:10:57','added',31248,728,58,42,'Proporcin dimensional de un recurso de imagen en movimiento de 1.5:1 o mayor.',NULL,NULL,'es',1,422,NULL,NULL,NULL),
	(145073,'2016-08-20 19:15:31','added',34605,728,58,19,'widescreen',NULL,NULL,'nl',1,422,NULL,NULL,NULL),
	(145074,'2016-08-20 19:15:31','added',34606,728,58,43,'widescreen',NULL,NULL,'nl',1,422,NULL,NULL,NULL),
	(145075,'2016-08-20 19:15:31','added',34607,728,58,5,'Aspectratio voor een resource met bewegend beeld van 1.5:1 of meer',NULL,NULL,'nl',1,422,NULL,NULL,NULL),
	(145076,'2016-08-20 19:15:31','added',34608,728,58,42,'Aspectratio voor een resource met bewegend beeld van 1.5:1 of meer',NULL,NULL,'nl',1,422,NULL,NULL,NULL),
	(145077,'2016-08-24 18:22:34','added',36682,728,58,19,'a schermo panoramico',NULL,NULL,'it',1,422,NULL,NULL,NULL),
	(145078,'2016-08-24 18:22:34','added',36683,728,58,43,'a schermo panoramico',NULL,NULL,'it',1,422,NULL,NULL,NULL),
	(145079,'2016-08-24 18:25:56','added',36688,728,58,19,'wide screen',NULL,NULL,'fi',1,422,NULL,NULL,NULL),
	(145080,'2016-08-24 18:25:56','added',36689,728,58,43,'wide screen',NULL,NULL,'fi',1,422,NULL,NULL,NULL),
	(145081,'2016-12-16 00:03:05','added',42092,728,58,19,'bredbild',NULL,NULL,'sv',1,422,NULL,701,NULL),
	(145082,'2016-12-16 00:03:05','added',42093,728,58,43,'bredbild',NULL,NULL,'sv',1,422,NULL,701,NULL),
	(145083,'2011-07-20 14:47:14','added',2113,729,58,19,'mixed',NULL,NULL,'en',1,224,NULL,NULL,NULL),
	(145084,'2016-07-20 11:56:13','added',6663,729,58,5,'An aspect ratio designation for a moving image resource that includes multiple aspect ratios within the same resource.',58,NULL,'en',1,422,NULL,NULL,NULL),
	(145085,'2015-02-21 15:36:34','added',21627,729,58,19,'gemischt',58,NULL,'de',1,422,NULL,NULL,NULL),
	(145086,'2015-02-21 15:37:33','added',21629,729,58,19,'mixte',58,NULL,'fr',1,422,NULL,NULL,NULL),
	(145087,'2015-02-21 15:39:59','added',21632,729,58,5,'Bildformat einer Bewegtbildressource, die mehrere Bildformate innerhalb derselben Ressource enthlt.',58,NULL,'de',1,422,NULL,NULL,NULL),
	(145088,'2015-02-21 15:41:47','added',21634,729,58,5,'Format de limage dune ressource dimages animes comprenant divers formats de limage  lintrieur de la mme ressource.',58,NULL,'fr',1,422,NULL,NULL,NULL),
	(145089,'2015-03-13 10:55:37','added',22377,729,58,19,'mixta',58,NULL,'es',1,422,NULL,NULL,NULL),
	(145090,'2015-10-18 11:20:10','added',24437,729,58,43,'mixed',NULL,NULL,'en',1,422,NULL,NULL,NULL),
	(145091,'2015-10-18 11:20:10','added',24438,729,58,43,'mixte',NULL,NULL,'fr',1,422,NULL,NULL,NULL),
	(145092,'2016-07-20 11:56:13','added',24439,729,58,42,'An aspect ratio designation for a moving image resource that includes multiple aspect ratios within the same resource.',NULL,NULL,'en',1,422,NULL,NULL,NULL),
	(145093,'2015-10-18 11:20:10','added',24440,729,58,42,'Format de limage dune ressource dimages animes comprenant divers formats de limage  lintrieur de la mme ressource.',NULL,NULL,'fr',1,422,NULL,NULL,NULL),
	(145094,'2015-10-18 11:24:31','added',24445,729,58,43,'gemischt',NULL,NULL,'de',1,422,NULL,NULL,NULL),
	(145095,'2015-10-18 11:24:31','added',24446,729,58,42,'Bildformat einer Bewegtbildressource, die mehrere Bildformate innerhalb derselben Ressource enthlt.',NULL,NULL,'de',1,422,NULL,NULL,NULL),
	(145096,'2015-10-18 11:27:47','added',24450,729,58,43,'mixta',NULL,NULL,'es',1,422,NULL,NULL,NULL),
	(145097,'2016-01-04 17:28:54','added',29898,729,58,19,'',NULL,NULL,'zh',1,422,NULL,NULL,NULL),
	(145098,'2016-01-04 17:28:54','added',29899,729,58,43,'',NULL,NULL,'zh',1,422,NULL,NULL,NULL),
	(145099,'2016-01-04 17:28:54','added',29900,729,58,5,'',NULL,NULL,'zh',1,422,NULL,NULL,NULL),
	(145100,'2016-01-04 17:28:54','added',29901,729,58,42,'',NULL,NULL,'zh',1,422,NULL,NULL,NULL),
	(145101,'2016-03-28 21:10:58','added',31249,729,58,5,'Proporcin dimensional de un recurso que incluye mltiples proporciones dimensionales dentro del mismo recurso.',NULL,NULL,'es',1,422,NULL,NULL,NULL),
	(145102,'2016-03-28 21:10:58','added',31250,729,58,42,'Proporcin dimensional de un recurso que incluye mltiples proporciones dimensionales dentro del mismo recurso.',NULL,NULL,'es',1,422,NULL,NULL,NULL),
	(145103,'2016-08-20 19:15:31','added',34609,729,58,19,'gemengd',NULL,NULL,'nl',1,422,NULL,NULL,NULL),
	(145104,'2016-08-20 19:15:31','added',34610,729,58,43,'gemengd',NULL,NULL,'nl',1,422,NULL,NULL,NULL),
	(145105,'2016-08-20 19:15:31','added',34611,729,58,5,'Aspectratio voor een resource met bewegend beeld dat meerdere aspectratio\'s bevat binnen dezelfde resource',NULL,NULL,'nl',1,422,NULL,NULL,NULL),
	(145106,'2016-08-20 19:15:31','added',34612,729,58,42,'Aspectratio voor een resource met bewegend beeld dat meerdere aspectratio\'s bevat binnen dezelfde resource',NULL,NULL,'nl',1,422,NULL,NULL,NULL),
	(145107,'2016-08-24 18:22:34','added',36684,729,58,19,'misto',NULL,NULL,'it',1,422,NULL,NULL,NULL),
	(145108,'2016-08-24 18:22:34','added',36685,729,58,43,'misto',NULL,NULL,'it',1,422,NULL,NULL,NULL),
	(145109,'2016-08-24 18:25:56','added',36690,729,58,19,'yhdistelm',NULL,NULL,'fi',1,422,NULL,NULL,NULL),
	(145110,'2016-08-24 18:25:56','added',36691,729,58,43,'yhdistelm',NULL,NULL,'fi',1,422,NULL,NULL,NULL),
	(145111,'2016-12-16 00:03:05','added',42094,729,58,19,'blandade bildfrhllanden',NULL,NULL,'sv',1,422,NULL,701,NULL),
	(145112,'2016-12-16 00:03:05','added',42095,729,58,43,'blandade bildfrhllanden',NULL,NULL,'sv',1,422,NULL,701,NULL),
	(151947,'2012-07-31 04:52:37','added',2111,727,58,19,'full screen',NULL,NULL,'en',1,224,NULL,NULL,NULL),
	(151948,'2016-07-20 11:56:13','added',6661,727,58,5,'An aspect ratio designation for a moving image resource of less than 1.5:1.',58,NULL,'en',1,422,NULL,NULL,NULL),
	(151949,'2015-02-21 15:36:10','added',21626,727,58,19,'Vollbild',58,NULL,'de',1,422,NULL,NULL,NULL),
	(151950,'2015-02-21 15:37:12','added',21628,727,58,19,'plein cran',58,NULL,'fr',1,422,NULL,NULL,NULL),
	(151951,'2015-02-21 15:39:23','added',21631,727,58,5,'Bildformat einer Bewegtbildressource von weniger als 1.5:1.',58,NULL,'de',1,422,NULL,NULL,NULL);










INSERT INTO `reg_prefix` (`prefix`, `uri`, `rank`) VALUES 
	('aair','http://xmlns.notu.be/aair#',598),
	('aapi','http://rdf.alchemyapi.com/rdf/v1/s/aapi-schema#',646),
	('aat','http://vocab.getty.edu/aat/',218),
	('abc','http://www.metadata.net/harmony/ABCSchemaV5Commented.rdf#',207),
	('abs','http://abs.270a.info/dataset/',1335),
	('ac','http://umbel.org/umbel/ac/',152),
	('acc','http://purl.org/NET/acc#',158),
	('acco','http://purl.org/acco/ns#',452),
	('accom','http://purl.org/acco/ns#',1070),
	('acl','http://www.w3.org/ns/auth/acl#',214),
	('acm','http://www.rkbexplorer.com/ontologies/acm#',172),
	('acrt','http://privatealpha.com/ontology/certification/1#',1387),
	('act','http://www.w3.org/2007/rif-builtin-action#',473),
	('ad','http://schemas.talis.com/2005/address/schema#',69),
	('address','http://schemas.talis.com/2005/address/schema#',563),
	('admin','http://webns.net/mvcb/',93),
	('admingeo','http://data.ordnancesurvey.co.uk/ontology/admingeo/',223),
	('adms','http://www.w3.org/ns/adms#',149),
	('admssw','http://purl.org/adms/sw/',767),
	('aerols','http://xmlns.com/aerols/0.1/',786),
	('aers','http://aers.data2semantics.org/resource/',998),
	('aersv','http://aers.data2semantics.org/vocab/',795),
	('af','http://purl.org/ontology/af/',112),
	('affy','http://www.affymetrix.com/community/publications/affymetrix/tmsplice#',280),
	('affymetrix','http://bio2rdf.org/affymetrix_vocabulary:',1488),
	('afn','http://jena.hpl.hp.com/ARQ/function#',101),
	('agent','http://eulersharp.sourceforge.net/2003/03swap/agent#',683),
	('agents','http://eulersharp.sourceforge.net/2003/03swap/agent#',523),
	('agetec','http://www.agetec.org/',565),
	('agg','http://purl.org/twc/health/vocab/aggregate/',625),
	('agls','http://www.agls.gov.au/agls/terms/',1181),
	('ago','http://awesemantic-geo.link/ontology/',1936),
	('agrd','http://agrinepaldata.com/',1283),
	('agrelon','http://d-nb.info/standards/elementset/agrelon#',769),
	('agro','http://agrinepaldata.com/vocab/',1352),
	('aifb','http://www.aifb.kit.edu/id/',421),
	('aigp','http://swat.cse.lehigh.edu/resources/onto/aigp.owl#',831),
	('aiiso','http://purl.org/vocab/aiiso/schema#',57),
	('aims','http://aims.fao.org/aos/common/',818),
	('air','http://dig.csail.mit.edu/TAMI/2007/amord/air#',82),
	('airport','http://www.daml.org/2001/10/html/airport-ont#',426),
	('airs','https://raw.githubusercontent.com/airs-linked-data/lov/latest/src/airs_vocabulary.ttl#',1634),
	('akt','http://www.aktors.org/ontology/portal#',47),
	('aktivesa','http://sa.aktivespace.org/ontologies/aktivesa#',1610),
	('akts','http://www.aktors.org/ontology/support#',169),
	('alchemy','http://rdf.alchemyapi.com/rdf/v1/s/aapi-schema#',967),
	('alethio','http://aleth.io/',1931),
	('algo','http://securitytoolbox.appspot.com/securityAlgorithms#',845),
	('ali','http://www.niso.org/schemas/ali/1.0/',1725),
	('alice','http://example.org/',1963),
	('am','http://vocab.deri.ie/am#',298),
	('amalgame','http://purl.org/vocabularies/amalgame#',1184),
	('amsl','http://vocab.ub.uni-leipzig.de/amsl/',1659),
	('anca','http://users.utcluj.ro/~raluca/rdf_ontologies_ralu/ralu_modified_ontology_pizzas2_0#',430),
	('aneo','http://akonadi-project.org/ontologies/aneo#',655),
	('ann','http://www.w3.org/2000/10/annotation-ns#',608),
	('ao','http://purl.org/ontology/ao/core#',377),
	('aos','http://rdf.muninn-project.org/ontologies/appearances#',806),
	('aozora','http://purl.org/net/aozora/',1788),
	('apf','http://jena.apache.org/ARQ/property#',1881),
	('api','http://purl.org/linked-data/api/vocab#',1083),
	('apivc','http://purl.org/linked-data/api/vocab#',493),
	('app','http://jmvanel.free.fr/ontology/software_applications.n3#',1262),
	('arch','http://purl.org/archival/vocab/arch#',528),
	('archdesc','http://archdesc.info/archEvent#',1108),
	('arecipe','http://purl.org/amicroformat/arecipe/',658),
	('arg','http://rdfs.org/sioc/argument#',681),
	('arpfo','http://vocab.ouls.ox.ac.uk/projectfunding#',510),
	('art','http://w3id.org/art/terms/1.0/',1779),
	('article','http://ogp.me/ns/article#',1180),
	('artstor','http://simile.mit.edu/2003/10/ontologies/artstor#',732),
	('as','http://www.w3.org/ns/activitystreams#',138),
	('asawoo','http://liris.cnrs.fr/asawoo/',1903),
	('asgv','http://aims.fao.org/aos/agrovoc/',1223),
	('asn','http://purl.org/ASN/schema/core/',555),
	('ass','http://uptheasset.org/ontology#',496),
	('atlas','http://rdf.ebi.ac.uk/resource/atlas/',1965),
	('atom','http://www.w3.org/2005/Atom/',212),
	('atomix','http://buzzword.org.uk/rdf/atomix#',245),
	('atomowl','http://bblfish.net/work/atom-owl/2006-06-06/#',669),
	('atomrdf','http://atomowl.org/ontologies/atomrdf#',855),
	('audio','http://purl.org/media/audio#',273),
	('auto','http://auto.schema.org/',1666),
	('awol','http://bblfish.net/work/atom-owl/2006-06-06/#',436),
	('aws','http://purl.oclc.org/NET/ssnx/meteo/aws#',1343),
	('b2bo','http://purl.org/b2bo#',416),
	('b2rpubchem','http://bio2rdf.org/ns/ns/ns/pubchem#',873),
	('b3kat','http://lod.b3kat.de/title/',1741),
	('babelnet','http://babelnet.org/2.0/',1342),
	('bag','http://lod.geodan.nl/vocab/bag#',1340),
	('basic','http://def.seegrid.csiro.au/isotc211/iso19103/2005/basic#',1363),
	('bb','http://www.snik.eu/ontology/bb/',1884),
	('bbc','http://www.bbc.co.uk/ontologies/news/',880),
	('bbccms','http://www.bbc.co.uk/ontologies/cms/',1446),
	('bbccore','http://www.bbc.co.uk/ontologies/coreconcepts/',1470),
	('bbcprov','http://www.bbc.co.uk/ontologies/provenance/',1323),
	('bblfish','http://bblfish.net/people/henry/card#',1871),
	('bcnbio','http://datos.bcn.cl/ontologies/bcn-biographies#',895),
	('bcncon','http://datos.bcn.cl/ontologies/bcn-congress#',854),
	('bcngeo','http://datos.bcn.cl/ontologies/bcn-geographics#',1102),
	('bcnnorms','http://datos.bcn.cl/ontologies/bcn-norms#',754),
	('bco','http://purl.obolibrary.org/obo/bco.owl#',1238),
	('bd','http://www.bigdata.com/rdf#',521),
	('bdc','http://dbpedia.org/resource/Category:',1979),
	('being','http://purl.org/ontomedia/ext/common/being#',1249),
	('beth','http://www.google.com/',1549),
	('bevon','http://rdfs.co/bevon/',1330),
	('bf','http://bibframe.org/vocab/',157),
	('bflc','http://id.loc.gov/ontologies/bflc/',264),
	('bfo','http://www.ifomis.org/bfo/1.1#',1559),
	('bgcat','http://bg.dbpedia.org/resource/?????????:',1385),
	('bgdbp','http://bg.dbpedia.org/property/',1537),
	('bgdbr','http://bg.dbpedia.org/resource/',1578),
	('bgn','http://bibliograph.net/schemas/',1462),
	('bib','http://zeitkunst.org/bibtex/0.1/bibtex.owl#',391),
	('bibframe','http://bibframe.org/vocab/',1031),
	('biblio','http://purl.org/net/biblio#',91),
	('bibo','http://purl.org/ontology/bibo/',28),
	('bibrm','http://vocab.ub.uni-leipzig.de/bibrm/',1469),
	('bibtex','http://purl.oclc.org/NET/nknouf/ns/bibtex#',233),
	('bif','http://www.openlinksw.com/schemas/bif#',385),
	('bihap','http://bihap.kb.gov.tr/ontology/',1203),
	('bill','http://www.rdfabout.com/rdf/schema/usbill/',74),
	('biml','http://schemas.varigence.com/biml.xsd#',1849),
	('bing','http://bing.com/schema/media/',731),
	('bio','http://purl.org/vocab/bio/0.1/',70),
	('bio2rdf','http://bio2rdf.org/',253),
	('bioc','http://deductions.github.io/biological-collections.owl.ttl#',1869),
	('biocore','http://bio2rdf.org/core#',213),
	('biol','http://purl.org/NET/biol/ns#',256),
	('biopax','http://www.biopax.org/release/biopax-level3.owl#',328),
	('biordf','http://purl.org/net/biordfmicroarray/ns#',875),
	('bioskos','http://eulersharp.sourceforge.net/2003/03swap/bioSKOSSchemes#',650),
	('biotop','http://purl.org/biotop/biotop.owl#',1120),
	('biro','http://purl.org/spar/biro/',1152),
	('bis','http://bis.270a.info/dataset/',1278),
	('bk','http://www.provbook.org/ns/#',1244),
	('blt','http://www.bl.uk/schemas/bibliographic/blterms#',676),
	('bm','http://bio2rdf.org/',1006),
	('bmo','http://collection.britishmuseum.org/id/ontology/',1321),
	('bn','http://babelnet.org/rdf/',1495),
	('bne','http://datos.bne.es/resource/',694),
	('bner','http://datos.bne.es/resource/',1478),
	('bnf','http://www.w3.org/2000/10/swap/grammar/bnf#',1538),
	('book','http://purl.org/NET/book/vocab#',94),
	('bookmark','http://www.w3.org/2002/01/bookmark#',453),
	('bot','https://w3id.org/bot#',1973),
	('botany','http://purl.org/NET/biol/botany#',97),
	('bp','http://open-services.net/ns/basicProfile#',739),
	('br','http://vocab.deri.ie/br#',645),
	('bridge','http://purl.org/vocommons/bridge#',1506),
	('bsb','http://opacplus.bsb-muenchen.de/title/',972),
	('bsbm','http://www4.wiwiss.fu-berlin.de/bizer/bsbm/v01/vocabulary/',407),
	('bsym','http://bsym.bloomberg.com/sym/',1605),
	('bte','http://purl.org/twc/vocab/between-the-edges/',631),
	('bv','http://purl.org/vocommons/bv#',1373),
	('bwb','http://doc.metalex.eu/bwb/ontology/',1049),
	('c4dm','http://purl.org/NET/c4dm/event.owl#',793),
	('c4n','http://vocab.deri.ie/c4n#',384),
	('c4o','http://purl.org/spar/c4o/',642),
	('c9d','http://purl.org/twc/vocab/conversion/',1500),
	('cal','http://www.w3.org/2002/12/cal/ical#',103),
	('call','http://webofcode.org/wfn/call:',1281),
	('calli','http://callimachusproject.org/rdf/2009/framework#',778),
	('camelot','http://vocab.ox.ac.uk/camelot#',951),
	('campsite','http://www.openlinksw.com/campsites/schema#',811),
	('cao','http://purl.org/makolab/caont/',717),
	('caplibacl','http://schemas.capita-libraries.co.uk/2015/acl/schema#',1546),
	('card','http://www.ashutosh.com/test/',551),
	('care','http://eulersharp.sourceforge.net/2003/03swap/care#',568),
	('carfo','http://purl.org/carfo#',802),
	('cart','http://purl.org/net/cartCoord#',1516),
	('category','http://dbpedia.org/resource/Category:',827),
	('cb','http://cbasewrap.ontologycentral.com/vocab#',891),
	('cbase','http://ontologycentral.com/2010/05/cb/vocab#',1130),
	('cbo','http://comicmeta.org/cbo/',1595),
	('cc','http://creativecommons.org/ns#',37),
	('ccard','http://purl.org/commerce/creditcard#',779),
	('cco','http://purl.org/ontology/cco/core#',315),
	('ccom','http://purl.org/ontology/cco/mappings#',593),
	('ccrel','http://creativecommons.org/ns#',1367),
	('cd','http://citydata.wu.ac.at/ns#',1843),
	('cdc','http://www.contextdatacloud.org/resource/',1298),
	('cdm','http://publications.europa.eu/ontology/cdm#',387),
	('cdt','http://w3id.org/lindt/custom_datatypes#',1739),
	('cdtype','http://purl.org/cld/cdtype/',892),
	('centrifuge','http://purl.org/twc/vocab/centrifuge#',950),
	('ceo','http://www.ebusiness-unibw.org/ontologies/consumerelectronics/v1#',557),
	('cerif','http://spi-fm.uca.es/neologism/cerif#',627),
	('cert','http://www.w3.org/ns/auth/cert#',145),
	('cex','http://purl.org/weso/computex/ontology#',865),
	('cf','http://mmisw.org/ont/cf/parameter/',991),
	('cff','http://purl.oclc.org/NET/ssnx/cf/cf-feature#',1629),
	('cfp','http://sw.deri.org/2005/08/conf/cfp.owl#',131),
	('cgov','http://reference.data.gov.uk/def/central-government/',491),
	('changeset','http://purl.org/vocab/changeset/schema#',1631),
	('chebi','http://bio2rdf.org/chebi:',938),
	('chembl','http://rdf.ebi.ac.uk/terms/chembl#',1496),
	('cheminf','http://www.semanticweb.org/ontologies/cheminf.owl#',634),
	('chord','http://purl.org/ontology/chord/',260),
	('cidoc','http://erlangen-crm.org/current/',673),
	('cidoccrm','http://purl.org/NET/cidoc-crm/core#',730),
	('cis','http://purl.org/NET/cloudisus#',1003),
	('cito','http://purl.org/spar/cito/',196),
	('citof','http://www.essepuntato.it/2013/03/cito-functions#',1328),
	('city','http://datos.localidata.com/def/City#',738),
	('cjr','http://vocab.linkeddata.es/datosabiertos/def/urbanismo-infraestructuras/callejero#',1248),
	('cl','http://advene.org/ns/cinelab/',1334),
	('cld','http://purl.org/cld/terms/',110),
	('climb','http://climb.dataincubator.org/vocabs/climb/',254),
	('clineva','http://www.agfa.com/w3c/2009/clinicalEvaluation#',624),
	('clinic','http://example.com/clinic#',1870),
	('clinproc','http://www.agfa.com/w3c/2009/clinicalProcedure#',727),
	('clirio','http://clirio.kaerle.com/clirio.owl#',1533),
	('cmd','http://clarin.eu/cmd#',1205),
	('cmdi','http://www.clarin.eu/cmd/',1307),
	('cmdm','http://infra.clarin.eu/cmd/',1299),
	('cmo','http://purl.org/twc/ontologies/cmo.owl#',578),
	('cmp','http://www.ontologydesignpatterns.org/cp/owl/componency.owl#',111),
	('cnt','http://www.w3.org/2011/content#',150),
	('co','http://rhizomik.net/ontologies/copyrightonto.owl#',87),
	('code','http://telegraphis.net/ontology/measurement/code#',307),
	('coeus','http://bioinformatics.ua.pt/coeus/',753),
	('cogs','http://vocab.deri.ie/cogs#',638),
	('coin','http://purl.org/court/def/2009/coin#',477),
	('cold','http://purl.org/configurationontology#',959),
	('coll','http://purl.org/co/',1216),
	('com','http://purl.org/commerce#',552),
	('comm','http://vocab.resc.info/communication#',1028),
	('commerce','http://search.yahoo.com/searchmonkey/commerce/',32),
	('common','http://www.w3.org/2007/uwa/context/common.owl#',386),
	('commons','http://commons.psi.enakting.org/def/',726),
	('company','http://intellimind.io/ns/company#',1589),
	('compass','http://purl.org/net/compass#',241),
	('composer','http://dbpedia.org/ontology/composer/',1919),
	('con','http://www.w3.org/2000/10/swap/pim/contact#',99),
	('condition','http://www.kinjal.com/condition:',1564),
	('conf','http://richard.cyganiak.de/2007/pubby/config.rdf#',1097),
	('connard','https://mail.google.com/mail/u/1/#',1956),
	('conserv','http://conserv.deri.ie/ontology#',420),
	('contact','http://www.w3.org/2000/10/swap/pim/contact#',294),
	('content','http://purl.org/rss/1.0/modules/content/',52),
	('contsem','http://contsem.unizar.es/def/sector-publico/contratacion#',1271),
	('conv','http://purl.org/twc/vocab/conversion/',263),
	('conversion','http://purl.org/twc/vocab/conversion/',479),
	('coo','http://purl.org/coo/ns#',636),
	('copyright','http://rhizomik.net/ontologies/copyrightonto.owl#',291),
	('cordis','http://cordis.europa.eu/projects/',499),
	('core','http://vivoweb.org/ontology/core#',182),
	('coref','http://www.rkbexplorer.com/ontologies/coref#',262),
	('cos','http://www.inria.fr/acacia/corese#',595),
	('cosmo','http://purl.org/ontology/cosmo#',1086),
	('coun','http://www.daml.org/2001/09/countries/iso-3166-ont#',1011),
	('countries','http://eulersharp.sourceforge.net/2003/03swap/countries#',687),
	('courseware','http://courseware.rkbexplorer.com/ontologies/courseware#',258),
	('cpa','http://www.ontologydesignpatterns.org/schemas/cpannotationschema.owl#',1008),
	('cpack','http://cliopatria.swi-prolog.org/schema/cpack#',1824),
	('cpant','http://purl.org/NET/cpan-uri/terms#',1428),
	('cpm','http://catalogus-professorum.org/cpm/',774),
	('cpov','http://data.europa.eu/m8g/',1962),
	('cpsv','http://purl.org/vocab/cpsv#',1523),
	('cpv','http://purl.org/weso/cpv/',474),
	('crime','http://purl.org/vocab/reloc/',1901),
	('crm','http://www.cidoc-crm.org/cidoc-crm/',106),
	('crmdig','http://www.ics.forth.gr/isl/CRMext/CRMdig.rdfs/',1679),
	('cro','http://rhizomik.net/ontologies/copyrightonto.owl#',772),
	('crowd','http://purl.org/crowd/',1765),
	('crsw','http://courseware.rkbexplorer.com/ontologies/courseware#',1166),
	('crtv','http://open-services.net/ns/crtv#',851),
	('crv','http://purl.org/twc/vocab/datacarver#',1024),
	('crypto','http://www.w3.org/2000/10/swap/crypto#',398),
	('cs','http://purl.org/vocab/changeset/schema#',92),
	('csdbp','http://cs.dbpedia.org/',1760),
	('csm','http://purl.org/csm/1.0#',1053),
	('csp','http://vocab.deri.ie/csp#',1093),
	('csv','http://vocab.sindice.net/csv/',1268),
	('csvw','http://www.w3.org/ns/csvw#',1623),
	('ct','http://data.linkedct.org/resource/linkedct/',376),
	('ctag','http://commontag.org/ns#',90),
	('ctorg','http://purl.org/ctic/infraestructuras/organizacion#',1101),
	('cts2','http://schema.omg.org/spec/CTS2/1.0/',965),
	('ctxdesc','http://www.demcare.eu/ontologies/contextdescriptor.owl#',1830),
	('cube','http://purl.org/linked-data/cube#',581),
	('cue','http://www.clarin.eu/cmdi/cues/display/1.0#',1736),
	('curr','https://w3id.org/cc#',1001),
	('custom','http://www.openrdf.org/config/sail/custom#',361),
	('customer','http://www.valuelabs.com/',1917),
	('cv','http://rdfs.org/resume-rdf/',67),
	('cvbase','http://purl.org/captsolo/resume-rdf/0.2/base#',980),
	('cwl','https://w3id.org/cwl/cwl#',1577),
	('cwork','http://www.bbc.co.uk/ontologies/creativework/',1645),
	('cwrc','http://sparql.cwrc.ca/ontology/cwrc#',1978),
	('cyc','http://sw.opencyc.org/concept/',62),
	('cycann','http://sw.cyc.com/CycAnnotations_v1#',326),
	('d0','http://ontologydesignpatterns.org/ont/wikipedia/d0.owl#',1527),
	('d2d','http://rdfns.org/d2d/',1598),
	('d2r','http://sites.wiwiss.fu-berlin.de/suhl/bizer/d2r-server/config.rdf#',841),
	('d2rq','http://www.wiwiss.fu-berlin.de/suhl/bizer/D2RQ/0.1#',78),
	('dady','http://purl.org/NET/dady#',366),
	('daia','http://purl.org/ontology/daia/',84),
	('daiaserv','http://purl.org/ontology/daia/Service/',896),
	('dailymed','http://www4.wiwiss.fu-berlin.de/dailymed/resource/dailymed/',272),
	('daisy','http://www.daisy.org/z3998/2012/vocab/',1106),
	('daml','http://www.daml.org/2001/03/daml+oil#',199),
	('dannet','http://www.wordnet.dk/owl/instance/2009/03/instances/',1375),
	('daq','http://purl.org/eis/vocab/daq#',1600),
	('dash','http://datashapes.org/dash#',1863),
	('data','http://data.odw.tw/',1691),
	('datacite','http://purl.org/spar/datacite/',1848),
	('datafaqs','http://purl.org/twc/vocab/datafaqs#',475),
	('dataid','http://dataid.dbpedia.org/ns/core#',1835),
	('date','http://contextus.net/ontology/ontomedia/misc/date#',1492),
	('datex','http://vocab.datex.org/terms#',1738),
	('dawgt','http://www.w3.org/2001/sw/DataAccess/tests/test-dawg#',1022),
	('days','http://ontologi.es/days#',95),
	('dayta','http://dayta.me/resource#',550),
	('db','http://dbpedia.org/',162),
	('dbc','http://dbpedia.org/resource/Category:',457),
	('dbcat','http://dbpedia.org/resource/Category:',1467),
	('dbfo','http://dbpedia.org/facts/ontology#',1897),
	('dblp','http://dblp.uni-trier.de/rdf/schema-2015-01-26#',230),
	('dbnary','http://kaiko.getalp.org/dbnary#',547),
	('dbo','http://dbpedia.org/ontology/',5),
	('dbp','http://dbpedia.org/property/',6),
	('dbpedia','http://dbpedia.org/resource/',36),
	('dbpedia2','http://dbpedia.org/property/',1290),
	('dbpediaowl','http://dbpedia.org/ontology/',208),
	('dbpo','http://dbpedia.org/ontology/',700),
	('dbpp','http://dbpedia.org/property/',454),
	('dbpprop','http://dbpedia.org/property/',42),
	('dbpr','http://dbpedia.org/resource/',1143),
	('dbprop','http://dbpedia.org/property/',250),
	('dbptmpl','http://dbpedia.org/resource/Template:',1110),
	('dbr','http://dbpedia.org/resource/',58),
	('dbrc','http://dbpedia.org/resource/Category:',1236),
	('dbt','http://dbpedia.org/resource/Template:',953),
	('dbtont','http://dbtropes.org/ont/',1155),
	('dbug','http://ontologi.es/doap-bugs#',1337),
	('dbyago','http://dbpedia.org/class/yago/',847),
	('dc','http://purl.org/dc/elements/1.1/',7),
	('dc11','http://purl.org/dc/elements/1.1/',71),
	('dcam','http://purl.org/dc/dcam/',194),
	('dcap','http://purl.org/ws-mmi-dc/terms/',1882),
	('dcat','http://www.w3.org/ns/dcat#',13),
	('dcatapit','http://dati.gov.it/onto/dcatapit#',1812),
	('dce','http://purl.org/dc/elements/1.1/',211),
	('dcite','http://purl.org/spar/datacite/',1029),
	('dcm','http://dcm.com/',902),
	('dcmit','http://purl.org/dc/dcmitype/',33),
	('dcmitype','http://purl.org/dc/dcmitype/',381),
	('dcn','http://www.w3.org/2007/uwa/context/deliverycontext.owl#',129),
	('dcndl','http://ndl.go.jp/dcndl/terms/',1119),
	('dco','http://info.deepcarbon.net/schema#',708),
	('dcodata','http://info.deepcarbon.net/data/schema#',1821),
	('dcodt','http://info.deepcarbon.net/datatype/schema#',1778),
	('dcoid','http://dx.deepcarbon.net/',1179),
	('dcosample','http://info.deepcarbon.net/sample/schema#',1740),
	('dcq','http://purl.org/dc/qualifiers/1.0/',114),
	('dcr','http://www.isocat.org/ns/dcr.rdf#',697),
	('dcs','http://ontologi.es/doap-changeset#',1458),
	('dct','http://purl.org/dc/terms/',34),
	('dcterm','http://purl.org/dc/terms/',119),
	('dcterms','http://purl.org/dc/terms/',24),
	('dctype','http://purl.org/dc/dcmitype/',235),
	('dctypes','http://purl.org/dc/dcmitype/',988),
	('ddc','http://purl.org/NET/decimalised#',276),
	('ddl','http://purl.org/vocab/riro/ddl#',340),
	('decision','https://decision-ontology.googlecode.com/svn/trunk/decision.owl#',1630),
	('decl','http://www.linkedmodel.org/1.0/schema/decl#',671),
	('defns','http://www.openarchives.org/OAI/2.0/',1250),
	('delta','http://www.w3.org/2004/delta#',1172),
	('demlab','http://www.demcare.eu/ontologies/demlab.owl#',1603),
	('deo','http://purl.org/spar/deo/',748),
	('deps','http://ontologi.es/doap-deps#',1357),
	('derecho','http://purl.org/derecho#',575),
	('dgfoaf','http://west.uni-koblenz.de/ontologies/2010/07/dgfoaf.owl#',577),
	('dgfr','http://colin.maudry.com/ontologies/dgfr#',1777),
	('dgtwc','http://data-gov.tw.rpi.edu/2009/data-gov-twc.rdf#',404),
	('diag','http://www.loc.gov/zing/srw/diagnostic/',1418),
	('dicera','http://semweb.mmlab.be/ns/dicera#',1566),
	('dicom','http://purl.org/healthcarevocab/v1#',1358),
	('dio','https://w3id.org/dio#',1696),
	('dir','http://schemas.talis.com/2005/dir/schema#',102),
	('dis','http://stanbol.apache.org/ontology/disambiguation/disambiguation#',686),
	('disco','http://rdf-vocabulary.ddialliance.org/discovery#',343),
	('disease','http://www.agfa.com/w3c/2009/humanDisorder#',1039),
	('diseasome','http://www4.wiwiss.fu-berlin.de/diseasome/resource/diseasome/',897),
	('dita','http://purl.org/dita/ns#',576),
	('dive','http://scubadive.networld.to/dive.rdf#',709),
	('dl','http://ontology.ip.rm.cnr.it/ontologies/DOLCE-Lite#',844),
	('dm2e','http://onto.dm2e.eu/schemas/dm2e/',1618),
	('dn','http://purl.org/datanode/ns/',1134),
	('dnb','http://d-nb.info/gnd/',623),
	('dnr','http://www.dotnetrdf.org/configuration#',472),
	('doac','http://ramonantonio.net/doac/0.1/#',246),
	('doap','http://usefulinc.com/ns/doap#',49),
	('doas','http://deductions.github.io/doas.owl.ttl#',1474),
	('doc','http://www.w3.org/2000/10/swap/pim/doc#',224),
	('doclist','http://www.junkwork.net/xml/DocumentList#',337),
	('doco','http://purl.org/spar/doco/',939),
	('dogont','http://elite.polito.it/ontologies/dogont.owl#',1256),
	('doi','http://dx.doi.org/',1945),
	('door','http://kannel.open.ac.uk/ontology#',1731),
	('dpc','http://hospee.org/ontologies/dpc/',1445),
	('dpd','http://www.kanzaki.com/ns/dpd#',1260),
	('dpl','http://dbpedialite.org/things/',973),
	('dpla','http://dp.la/info/developers/map/',1895),
	('dpn','http://purl.org/dpn#',1785),
	('dq','http://def.seegrid.csiro.au/isotc211/iso19115/2003/dataquality#',1327),
	('dqc','http://semwebquality.org/ontologies/dq-constraints#',1839),
	('dqm','http://purl.org/dqm-vocabulary/v1/dqm#',1065),
	('dqv','http://www.w3.org/ns/dqv#',1672),
	('dr','http://purl.org/swan/2.0/discourse-relationships/',1157),
	('driver','http://deductions.github.io/drivers.owl.ttl#',1756),
	('drm','http://vocab.data.gov/def/drm#',1153),
	('drug','http://www.agfa.com/w3c/2009/drugTherapy#',513),
	('drugbank','http://www4.wiwiss.fu-berlin.de/drugbank/resource/drugbank/',147),
	('ds','http://purl.org/ctic/dcat#',975),
	('dsfv','http://sws.ifi.uio.no/vocab/dsf/henriwi/dsf#',1820),
	('dsn','http://purl.org/dsnotify/vocab/eventset/',1442),
	('dso','http://purl.org/ontology/dso#',579),
	('dsp','http://purl.org/metainfo/terms/dsp#',817),
	('dssn','http://purl.org/net/dssn/',829),
	('dsv','http://purl.org/iso25964/DataSet/Versioning#',1755),
	('dsw','http://purl.org/dsw/',1938),
	('dt','http://dbpedia.org/datatype/',764),
	('dtype','http://www.linkedmodel.org/schema/dtype#',743),
	('dul','http://www.ontologydesignpatterns.org/ont/dul/DUL.owl#',186),
	('dummy','http://hello.com/',394),
	('duv','http://www.w3.org/ns/duv#',1808),
	('dv','http://rdf.data-vocabulary.org/#',98),
	('dvia','http://data.eurecom.fr/ontology/dvia#',985),
	('dwc','http://rs.tdwg.org/dwc/terms/',462),
	('dwciri','http://rs.tdwg.org/dwc/iri/',1792),
	('eame','http://www.semanticweb.org/ontologia_EA#',1880),
	('ean','http://openean.kaufkauf.net/id/',507),
	('earl','http://www.w3.org/ns/earl#',68),
	('eat','http://www.awesomesauce.net/urmom/',601),
	('ebu','http://semantic.eurobau.com/eurobau-utility.owl#',958),
	('ebucore','http://www.ebu.ch/metadata/ontologies/ebucore/ebucore#',1295),
	('ec','http://eulergui.sourceforge.net/contacts.owl.n3#',1000),
	('ecb','http://ecb.270a.info/class/1.0/',1030),
	('ecc','https://ns.eccenca.com/',1381),
	('eccauth','https://vocab.eccenca.com/auth/',1652),
	('eccdi','https://vocab.eccenca.com/di/',1709),
	('eccpubsub','https://vocab.eccenca.com/pubsub/',1865),
	('eccrev','https://vocab.eccenca.com/revision/',1528),
	('ecgl','http://schema.geolink.org/',1503),
	('ecglview','http://schema.geolink.org/view/',1585),
	('eclap','http://www.eclap.eu/schema/eclap/',1647),
	('eco','http://www.ebusiness-unibw.org/ontologies/eclass/5.1.4/#',584),
	('ecoll','http://purl.org/ceu/eco/1.0#',1875),
	('ecos','http://kmm.lboro.ac.uk/ecos/1.0#',1165),
	('ecowlim','http://ecowlim.tfri.gov.tw/lode/resource/',1896),
	('ecpo','http://purl.org/ontology/ecpo#',1014),
	('ecrm','http://erlangen-crm.org/current/',1167),
	('ecs','http://rdf.ecs.soton.ac.uk/ontology/ecs#',242),
	('edac','http://ontology.cybershare.utep.edu/ELSEWeb/elseweb-edac.owl#',1854),
	('edam','http://purl.bioontology.org/ontology/EDAM/',677),
	('edgar','http://edgarwrap.ontologycentral.com/vocab/edgar#',1209),
	('edgarcik','http://edgarwrap.ontologycentral.com/cik/',1686),
	('edm','http://www.europeana.eu/schemas/edm/',332),
	('eem','http://purl.org/eem#',1842),
	('efd','http://data.foodanddrinkeurope.eu/ontology#',1722),
	('efo','http://www.ebi.ac.uk/efo/',509),
	('efrbroo','http://erlangen-crm.org/efrbroo/',1837),
	('eg','http://eulergui.sourceforge.net/engine.owl#',187),
	('ekaw','http://data.semanticweb.org/conference/ekaw/2012/complete/',768),
	('elec','http://purl.org/ctic/sector-publico/elecciones#',1161),
	('eli','http://data.europa.eu/eli/ontology#',1565),
	('elod','http://linkedeconomy.org/ontology#',1763),
	('elog','http://eulersharp.sourceforge.net/2003/03swap/log-rules#',614),
	('emoca','http://ns.inria.fr/emoca#',1118),
	('emotion','http://ns.inria.fr/emoca#',911),
	('emp','http://purl.org/ctic/empleo/oferta#',1067),
	('employee','http://www.employee.com/data#',1378),
	('emtr','http://purl.org/NET/ssnext/electricmeters#',1509),
	('enc','http://www.w3.org/2001/04/xmlenc#',546),
	('ends','http://labs.mondeca.com/vocab/endpointStatus#',819),
	('enhancer','http://stanbol.apache.org/ontology/enhancer/enhancer#',696),
	('ens','http://models.okkam.org/ENS-core-vocabulary.owl#',691),
	('ensembl','http://rdf.ebi.ac.uk/resource/ensembl/',1816),
	('environ','http://eulersharp.sourceforge.net/2003/03swap/environment#',725),
	('eol','http://purl.org/biodiversity/eol/',1913),
	('ep','http://eprints.org/ontology/',1113),
	('eprints','http://eprints.org/ontology/',512),
	('erce','http://xxefe.de/',1245),
	('ero','http://purl.obolibrary.org/obo/',511),
	('es','http://eulersharp.sourceforge.net/2003/03swap/log-rules#',323),
	('esadm','http://vocab.linkeddata.es/datosabiertos/def/sector-publico/territorio#',1421),
	('esair','http://vocab.linkeddata.es/datosabiertos/def/medio-ambiente/calidad-aire#',1795),
	('esaloj','http://vocab.linkeddata.es/datosabiertos/def/turismo/alojamiento#',1351),
	('esapar','http://vocab.linkeddata.es/datosabiertos/def/urbanismo-infraestructuras/aparcamiento#',1633),
	('escjr','http://vocab.linkeddata.es/datosabiertos/def/urbanismo-infraestructuras/callejero#',1426),
	('esco','http://data.europa.eu/esco/model#',1501),
	('escom','http://vocab.linkeddata.es/datosabiertos/def/comercio/tejidoComercial#',1568),
	('esd','http://def.esd.org.uk/',610),
	('esdir','http://vocab.linkeddata.es/datosabiertos/def/urbanismo-infraestructuras/direccionPostal#',1607),
	('eseduc','http://www.purl.org/ontologia/eseduc#',888),
	('esequip','http://vocab.linkeddata.es/datosabiertos/def/urbanismo-infraestructuras/equipamiento#',1480),
	('espresup','http://vocab.linkeddata.es/datosabiertos/def/hacienda/presupuestos#',1561),
	('esproc','http://vocab.linkeddata.es/datosabiertos/def/sector-publico/procedimientos#',1847),
	('essglobal','http://purl.org/essglobal/vocab/v1.0/',1637),
	('estatgph','http://estatwrap.ontologycentral.com/id/nama_aux_gph#',1813),
	('estatwrap','http://ontologycentral.com/2009/01/eurostat/ns#',1355),
	('estrf','http://vocab.linkeddata.es/datosabiertos/def/transporte/trafico#',1750),
	('estrn','http://vocab.linkeddata.es/datosabiertos/def/urbanismo-infraestructuras/transporte#',1370),
	('ethc','http://ethoinformatics.org/ethocore/',1695),
	('eu','http://eulersharp.sourceforge.net/2003/03swap/log-rules#',504),
	('eui','http://institutions.publicdata.eu/#',971),
	('eumida','http://data.kasabi.com/dataset/eumida/terms/',913),
	('eunis','http://eunis.eea.europa.eu/rdf/species-schema.rdf#',984),
	('eurlex','http://eur-lex.publicdata.eu/ontology/',1210),
	('eurostat','http://wifo5-04.informatik.uni-mannheim.de/eurostat/resource/eurostat/',1584),
	('eustd','http://eurostat.linked-statistics.org/data#',1970),
	('ev','http://www.w3.org/2001/xml-events/',1582),
	('event','http://purl.org/NET/c4dm/event.owl#',30),
	('events','http://eulersharp.sourceforge.net/2003/03swap/event#',690),
	('evident','http://purl.org/net/evident#',1191),
	('evopat','http://ns.aksw.org/Evolution/',529),
	('evset','http://dsnotify.org/vocab/eventset/0.1/',450),
	('ex','http://example.org/',48),
	('example','http://www.example.org/rdf#',620),
	('exif','http://www.w3.org/2003/12/exif/ns#',231),
	('ext','http://def.seegrid.csiro.au/isotc211/iso19115/2003/extent#',1338),
	('exterms','http://www.example.org/terms/',693),
	('eye','http://jena.hpl.hp.com/Eyeball#',815),
	('ezcontext','http://ontologies.ezweb.morfeo-project.org/ezcontext/ns#',379),
	('eztag','http://ontologies.ezweb.morfeo-project.org/eztag/ns#',287),
	('fab','http://purl.org/fab/ns#',600),
	('fabio','http://purl.org/spar/fabio/',217),
	('factbook','http://wifo5-04.informatik.uni-mannheim.de/factbook/ns#',80),
	('faldo','http://biohackathon.org/resource/faldo#',1350),
	('fam','http://vocab.fusepool.info/fam#',1303),
	('fao','http://fao.270a.info/dataset/',1240),
	('faq','http://www.openlinksw.com/ontology/faq#',1587),
	('fb','http://rdf.freebase.com/ns/',27),
	('fbgeo','http://rdf.freebase.com/ns/location/geocode/',1277),
	('fc','http://www.freeclass.eu/freeclass_v1#',721),
	('fcm','http://eulersharp.sourceforge.net/2006/02swap/fcm#',741),
	('fcp','http://www.newmedialab.at/fcp/',1073),
	('fcs','http://clarin.eu/fcs/resource#',1286),
	('fct','http://openlinksw.com/services/facets/1.0/',839),
	('fd','http://foodable.co/ns/',757),
	('fdbp','http://fr.dbpedia.org/property/',1580),
	('fe','http://www.ontologydesignpatterns.org/ont/framenet/abox/fe/',1572),
	('fea','http://vocab.data.gov/def/fea#',945),
	('fec','http://www.rdfabout.com/rdf/schema/usfec/',265),
	('fed','http://www.openrdf.org/config/sail/federation#',378),
	('figigii','http://www.omg.org/spec/FIGI/GlobalInstrumentIdentifiers/',1583),
	('fincaselaw','http://purl.org/finlex/schema/oikeus/',1061),
	('fingal','http://vocab.deri.ie/fingal#',826),
	('finlaw','http://purl.org/finlex/schema/laki/',1062),
	('fire','http://tldp.org/HOWTO/XML-RPC-HOWTO/xmlrpc-howto-java.html#',1798),
	('fise','http://fise.iks-project.eu/ontology/',707),
	('fl','http://eulersharp.sourceforge.net/2003/03swap/fl-rules#',744),
	('flow','http://www.w3.org/2005/01/wf/flow#',737),
	('fls','http://lukasblaho.sk/football_league_schema#',714),
	('fluidops','http://www.fluidops.com/',1703),
	('fma','http://sig.uw.edu/fma#',1270),
	('fn','http://www.w3.org/2005/xpath-functions#',54),
	('fnabox','http://www.ontologydesignpatterns.org/ont/framenet/abox/',1660),
	('fno','http://w3id.org/function/ontology#',1823),
	('fntbox','http://www.ontologydesignpatterns.org/ont/framenet/tbox/',1677),
	('fo','http://www.w3.org/1999/XSL/Format#',1735),
	('foaf','http://xmlns.com/foaf/0.1/',2),
	('foo','http://filmontology.org/ontology/1.0/',1558),
	('food','http://purl.org/foodontology#',305),
	('form','http://deductions-software.com/ontologies/forms.owl.ttl#',1348),
	('formats','http://www.w3.org/ns/formats/',190),
	('fos','http://futurios.org/fos/spec/',1007),
	('fowl','http://www.w3.org/TR/2003/PR-owl-guide-20031209/food#',629),
	('fp3','http://vocab.fusepool.info/fp3#',1354),
	('frad','http://iflastandards.info/ns/fr/frad/',905),
	('frame','http://www.ontologydesignpatterns.org/ont/framenet/abox/frame/',1551),
	('frapo','http://purl.org/cerif/frapo/',776),
	('frappe','http://streamreasoning.org/ontologies/frappe#',1850),
	('frb','http://frb.270a.info/dataset/',1368),
	('frbr','http://purl.org/vocab/frbr/core#',139),
	('frbrcore','http://purl.org/vocab/frbr/core#',843),
	('frbre','http://purl.org/vocab/frbr/extended#',413),
	('frbrer','http://iflastandards.info/ns/fr/frbr/frbrer/',1080),
	('freebase','http://rdf.freebase.com/ns/',415),
	('fresnel','http://www.w3.org/2004/09/fresnel#',236),
	('frgeo','http://rdf.insee.fr/geo/',1926),
	('friends','http://www.openarchives.org/OAI/2.0/friends/',1415),
	('frir','http://purl.org/twc/ontology/frir.owl#',716),
	('frsad','http://iflastandards.info/ns/fr/frsad/',1136),
	('fssp','http://linkeddata.fssprus.ru/resource/',1966),
	('ftcontent','http://www.ft.com/ontology/content/',1235),
	('func','http://www.w3.org/2007/rif-builtin-function#',823),
	('gadm','http://gadm.geovocab.org/ontology#',1182),
	('gaf','http://groundedannotationframework.org/',1318),
	('galaksiya','http://ontoloji.galaksiya.com/vocab/',1417),
	('game','http://data.totl.net/game/',455),
	('gastro','http://www.ebsemantics.net/gastro#',1158),
	('gawd','http://gawd.atlantides.org/terms/',1117),
	('gazetteer','http://data.ordnancesurvey.co.uk/ontology/50kGazetteer/',678),
	('gbv','http://purl.org/ontology/gbv/',963),
	('gc','http://www.oegov.org/core/owl/gc#',602),
	('gci','http://ontology.eil.utoronto.ca/GCI/Foundation/GCI-Foundation.owl#',1712),
	('gcis','http://data.globalchange.gov/gcis.owl#',1188),
	('gd','http://rdf.data-vocabulary.org/#',243),
	('gelo','http://krauthammerlab.med.yale.edu/ontologies/gelo#',643),
	('gen','http://purl.org/gen/0.1#',64),
	('genab','http://eulersharp.sourceforge.net/2003/03swap/genomeAbnormality#',633),
	('genea','http://www.owl-ontologies.com/generations.owl#',869),
	('geo','http://www.w3.org/2003/01/geo/wgs84_pos#',12),
	('geocontext','http://www.geocontext.org/publ/2013/vocab#',1163),
	('geod','http://vocab.lenka.no/geo-deling#',1201),
	('geodata','http://sws.geonames.org/',567),
	('geoes','http://geo.linkeddata.es/ontology/',318),
	('geof','http://www.opengis.net/def/function/geosparql/',848),
	('geofla','http://data.ign.fr/ontologies/geofla#',934),
	('geographis','http://telegraphis.net/ontology/geography/geography#',451),
	('geojson','http://ld.geojson.org/vocab#',1641),
	('geom','http://data.ign.fr/def/geometrie#',756),
	('geonames','http://www.geonames.org/ontology#',26),
	('geop','http://aims.fao.org/aos/geopolitical.owl#',1218),
	('geor','http://www.opengis.net/def/rule/geosparql/',1952),
	('georss','http://www.georss.org/georss/',232),
	('geos','http://www.telegraphis.net/ontology/geography/geography#',1308),
	('geosp','http://rdf.geospecies.org/ont/geospecies#',1145),
	('geosparql','http://www.opengis.net/ont/geosparql#',159),
	('geospecies','http://rdf.geospecies.org/ont/geospecies#',545),
	('geovocab','http://geovocab.org/',940),
	('geovoid','http://purl.org/geovocamp/ontology/geovoid/',1433),
	('germplasm','http://purl.org/germplasm/terms#',914),
	('gesis','http://lod.gesis.org/lodpilot/ALLBUS/vocab.rdf#',904),
	('gf','http://def.seegrid.csiro.au/isotc211/iso19109/2005/feature#',1405),
	('gfo','http://www.onto-med.de/ontologies/gfo.owl#',889),
	('gist','http://ontologies.semanticarts.com/gist#',1671),
	('giving','http://ontologi.es/giving#',125),
	('gl','http://schema.geolink.org/',1386),
	('gldp','http://www.w3.org/ns/people#',22),
	('globalcube','http://kalmar32.fzi.de/triples/global-cube.ttl#',1944),
	('glview','http://schema.geolink.org/dev/view/',1514),
	('glycan','http://purl.jp/bio/12/glyco/glycan#',1749),
	('gm','http://def.seegrid.csiro.au/isotc211/iso19107/2003/geometry#',1374),
	('gml','http://www.opengis.net/ont/gml#',505),
	('gn','http://www.geonames.org/ontology#',136),
	('gnd','http://d-nb.info/gnd/',498),
	('gndo','http://d-nb.info/standards/elementset/gnd#',622),
	('gnm','http://www.geonames.org/ontology/mappings/',1190),
	('gns','http://sws.geonames.org/',1745),
	('gnvc','http://purl.org/gc/',1162),
	('go','http://purl.org/obo/owl/GO#',247),
	('gob','http://purl.org/ontology/last-fm/',390),
	('gobierno','http://www.gobierno.es/gobierno/',1942),
	('goef','http://purl.org/twc/vocab/goef#',858),
	('gold','http://purl.org/linguistics/gold/',306),
	('gont','https://gont.ch/',1642),
	('goog','http://schema.googleapis.com/',1591),
	('gov','http://gov.genealogy.net/ontology.owl#',1486),
	('govtrackus','http://www.rdfabout.com/rdf/usgov/geo/us/',662),
	('govwild','http://govwild.org/0.6/GWOntology.rdf/',670),
	('gpml','http://vocabularies.wikipathways.org/gpml#',1497),
	('gpt','http://purl.org/vocab/riro/gpt#',310),
	('gq','http://genomequest.com/',1183),
	('gr','http://purl.org/goodrelations/v1#',8),
	('graffle','http://purl.org/twc/vocab/vsr/graffle#',996),
	('granatum','http://chem.deri.ie/granatum/',201),
	('graves','http://rdf.muninn-project.org/ontologies/graves#',1164),
	('grddl','http://www.w3.org/2003/g/data-view#',401),
	('greg','http://kasei.us/about/foaf.xrdf#',798),
	('gridworks','http://purl.org/net/opmv/types/gridworks#',535),
	('grs','http://www.georss.org/georss/',885),
	('gs1','http://gs1.org/voc/',1715),
	('gso','http://www.w3.org/2006/gen/ont#',365),
	('gsp','http://www.opengis.net/ont/geosparql#',605),
	('gtfs','http://vocab.gtfs.org/terms#',1333),
	('gts','http://resource.geosciml.org/ontology/timescale/gts#',1410),
	('guo','http://purl.org/hpi/guo#',1320),
	('gv','http://rdf.data-vocabulary.org/#',586),
	('gvoi','http://assemblee-virtuelle.github.io/grands-voisins-v2/gv.owl.ttl#',1955),
	('gvoith','http://assemblee-virtuelle.github.io/grands-voisins-v2/thesaurus.ttl#',1971),
	('gvp','http://vocab.getty.edu/ontology#',395),
	('gxa','http://www.ebi.ac.uk/gxa/',749),
	('h2o','http://def.seegrid.csiro.au/isotc211/iso19150/-2/2012/basic#',1444),
	('h5','http://buzzword.org.uk/rdf/h5#',403),
	('ha','http://sensormeasurement.appspot.com/ont/home/homeActivity#',1560),
	('hard','http://www.w3.org/2007/uwa/context/hardware.owl#',320),
	('harrisons','http://harrisons.cc/',1020),
	('hartigprov','http://purl.org/net/provenance/ns#',668),
	('hasneto','http://hadatac.org/ont/hasneto#',1638),
	('hcard','http://purl.org/uF/hCard/terms/',785),
	('hcterms','http://purl.org/uF/hCard/terms/',285),
	('hdo','http://www.samos.gr/ontologies/helpdeskOnto.owl#',1379),
	('health','http://purl.org/twc/health/vocab/',813),
	('healthcare','http://www.agfa.com/w3c/2009/healthCare#',659),
	('hello','https://www.youtube.com/user/SuperTellAFriend/featured/',1701),
	('hemogram','http://www.agfa.com/w3c/2009/hemogram#',591),
	('hg','http://www.holygoat.co.uk/owl/redwood/0.1/tags/',876),
	('hgnc','http://bio2rdf.org/hgnc:',734),
	('hifm','http://purl.org/net/hifm/data#',866),
	('hints2005','http://purl.org/twc/cabig/model/HINTS2005-1.owl#',842),
	('hlisting','http://sindice.com/hlisting/0.1/',334),
	('hlygt','http://www.holygoat.co.uk/owl/redwood/0.1/tags/',1090),
	('holding','http://purl.org/ontology/holding#',1383),
	('hospital','http://www.agfa.com/w3c/2009/hospital#',688),
	('hp','http://pictogram.tokyo/vocabulary#',1439),
	('hr','http://iserve.kmi.open.ac.uk/ns/hrests#',1313),
	('htir','http://www.w3.org/2011/http#',760),
	('html','http://izmus.cz/#',1758),
	('hto','http://project-haystack.org/hto#',1719),
	('http','http://www.w3.org/2011/http#',56),
	('httph','http://www.w3.org/2007/ont/httph#',412),
	('httpm','http://www.w3.org/2011/http-methods#',906),
	('httpvoc','http://www.w3.org/2006/http#',489),
	('human','http://eulersharp.sourceforge.net/2003/03swap/human#',530),
	('humanbody','http://eulersharp.sourceforge.net/2003/03swap/humanBody#',706),
	('huto','http://ns.inria.fr/huto/',1946),
	('hva','http://www.ebusiness-unibw.org/ontologies/hva/ontology#',1958),
	('hxl','http://hxl.humanitarianresponse.info/ns/#',836),
	('hydra','http://www.w3.org/ns/hydra/core#',594),
	('iana','http://www.iana.org/assignments/relation/',1806),
	('ianarel','http://www.iana.org/assignments/relation/',1667),
	('iao','http://purl.obolibrary.org/obo/iao.owl#',745),
	('ibis','http://purl.org/ibis#',419),
	('ic','http://imi.go.jp/ns/core/rdf#',1199),
	('ical','http://www.w3.org/2002/12/cal/ical#',55),
	('icaltzd','http://www.w3.org/2002/12/cal/icaltzd#',441),
	('icane','http://www.icane.es/opendata/vocab#',1100),
	('idemo','http://rdf.insee.fr/def/demo#',589),
	('identity','http://purl.org/twc/ontologies/identity.owl#',903),
	('ideotalex','http://www.ideotalex.eu/datos/recurso/',1807),
	('ifc','http://ifcowl.openbimstandards.org/IFC2X3_Final#',1912),
	('igeo','http://rdf.insee.fr/def/geo#',705),
	('ignf','http://data.ign.fr/def/ignf#',181),
	('iiif','http://iiif.io/api/image/2#',1767),
	('ilap','http://data.posccaesar.org/ilap/',1466),
	('im','http://imgpedia.dcc.uchile.cl/resource/',1960),
	('imf','http://imf.270a.info/dataset/',1329),
	('imind','http://schema.intellimind.ns/symbology#',1626),
	('imm','http://schemas.microsoft.com/imm/',282),
	('imreg','http://www.w3.org/2004/02/image-regions#',494),
	('incident','http://vocab.resc.info/incident#',1621),
	('infection','http://www.agfa.com/w3c/2009/infectiousDisorder#',976),
	('infor','http://www.ontologydesignpatterns.org/cp/owl/informationrealization.owl#',1111),
	('infosys','http://www.infosys.com/',809),
	('inno','http://purl.org/innovation/ns#',695),
	('input','http://volt-name.space/vocab/input#',1852),
	('insdc','http://ddbj.nig.ac.jp/ontologies/sequence#',1552),
	('interval','http://reference.data.gov.uk/def/intervals/',418),
	('intervals','http://reference.data.gov.uk/def/intervals/',759),
	('iol','http://www.ontologydesignpatterns.org/ont/dul/IOLite.owl#',1109),
	('iot','http://www.linkedthings.com/iot/',899),
	('ioto','http://www.irit.fr/recherches/MELODI/ontologies/IoT-O#',1916),
	('ipad','http://www.padinthecity.com/',773),
	('ipo','http://purl.org/ipo/core#',1698),
	('ipsv','http://id.esd.org.uk/list/',1810),
	('ir','http://www.ontologydesignpatterns.org/cp/owl/informationrealization.owl#',105),
	('ire','http://www.ontologydesignpatterns.org/cpont/ire.owl#',325),
	('iron','http://purl.org/ontology/iron#',832),
	('irrl','http://www.ontologydesignpatterns.org/cp/owl/informationobjectsandrepresentationlanguages.owl#',295),
	('irstea','http://ontology.irstea.fr/',1430),
	('irsteaont','http://ontology.irstea.fr/weather/ontology#',1300),
	('irw','http://www.ontologydesignpatterns.org/ont/web/irw.owl#',226),
	('is','http://purl.org/ontology/is/core#',478),
	('isbd','http://iflastandards.info/ns/isbd/elements/',155),
	('isbdu','http://iflastandards.info/ns/isbd/unc/elements/',1682),
	('isi','http://purl.org/ontology/is/inst/',449),
	('isidore','http://www.rechercheisidore.fr/class/',1834),
	('iso','http://purl.org/iso25964/skos-thes#',909),
	('iso37120','http://ontology.eil.utoronto.ca/ISO37120.owl#',1790),
	('isocat','http://www.isocat.org/datcat/',1447),
	('isothes','http://purl.org/iso25964/skos-thes#',562),
	('ispra','http://dati.isprambiente.it/ontology/core#',1923),
	('isq','http://purl.org/ontology/is/quality/',543),
	('ist','http://purl.org/ontology/is/types/',439),
	('iswc','http://annotation.semanticweb.org/2004/iswc#',277),
	('it','http://www.influencetracker.com/ontology#',1940),
	('italy','http://data.kasabi.com/dataset/italy/schema/',955),
	('itcat','http://th-brandenburg.de/ns/itcat#',1651),
	('itm','http://spi-fm.uca.es/spdef/models/genericTools/itm/1.0#',1371),
	('itsmo','http://ontology.it/itsmo/v1#',1092),
	('itsrdf','http://www.w3.org/2005/11/its/rdf#',520),
	('java','http://www.w3.org/2007/uwa/context/java.owl#',216),
	('jdbc','http://d2rq.org/terms/jdbc/',135),
	('jerm','http://www.mygrid.org.uk/ontology/JERMOntology#',1635),
	('jita','http://aims.fao.org/aos/jita/',729),
	('jjd','http://www.joshuajeeson.com/',1076),
	('jolux','http://data.legilux.public.lu/resource/ontology/jolux#',1646),
	('jp1','http://rdf.muninn-project.org/ontologies/jp1/',1353),
	('jpost','http://jpostdb.org/ontology/jpost.owl#',1911),
	('json','https://www.ecma-international.org/publications/files/ECMA-ST/ECMA-404.pdf#',1927),
	('juso','http://rdfs.co/juso/',1769),
	('kai','http://kai.uni-kiel.de/',1198),
	('kb','http://deductions.sf.net/ontology/knowledge_base.owl#',270),
	('kbp','http://tackbp.org/2013/ontology#',941),
	('kbv','https://id.kb.se/vocab/',1734),
	('kdo','http://kdo.render-project.eu/kdo#',639),
	('kees','http://linkeddata.center/kees/v1#',1732),
	('kegg','http://bio2rdf.org/ns/kegg#',1511),
	('keys','http://purl.org/NET/c4dm/keys.owl#',1450),
	('km4c','http://www.disit.org/km4city/schema#',1802),
	('kml','http://www.opengis.net/kml/2.2#',1394),
	('koly','http://www.ensias.ma/',1402),
	('kontakt','http://richard.cyganiak.de/',582),
	('kupkb','http://www.e-lico.eu/data/kupkb/',800),
	('kw','http://kwantu.net/kw/',821),
	('kwijibo','http://kwijibo.talis.com/',278),
	('l2sp','http://www.linked2safety-project.eu/properties/',1312),
	('l4a','http://labels4all.info/ns/',805),
	('l4lod','http://ns.inria.fr/l4lod/v2/',999),
	('laabs','http://dbpedia.org/resource/',1195),
	('label','http://purl.org/net/vocab/2004/03/label#',286),
	('lang','http://ontologi.es/lang/core#',345),
	('language','http://id.loc.gov/vocabulary/iso639-1/',1266),
	('languages','http://eulersharp.sourceforge.net/2003/03swap/languages#',554),
	('laposte','http://data.lirmm.fr/ontologies/laposte#',924),
	('lark1','http://users.utcluj.ro/~raluca/ontology/Ontology1279614123500.owl#',438),
	('lastfm','http://purl.org/ontology/last-fm/',358),
	('latitude','https://www.w3.org/2006/vcard/ns#latitude#',1717),
	('lawd','http://lawd.info/ontology/',1599),
	('lc','http://semweb.mmlab.be/ns/linkedconnections#',1332),
	('lcdr','http://ns.lucid-project.org/revision/',1534),
	('lcsh','http://id.loc.gov/authorities/subjects/',1774),
	('lctr','http://data.linkedct.org/vocab/resource/',728),
	('lcy','http://purl.org/vocab/lifecycle/schema#',1036),
	('lda','http://purl.org/linked-data/api/vocab#',1393),
	('ldap','http://purl.org/net/ldap/',456),
	('lden','http://www.linklion.org/lden/',1507),
	('ldp','http://www.w3.org/ns/ldp#',165),
	('ldq','http://www.linkeddata.es/ontology/ldq#',1856),
	('ldqm','http://linkeddata.es/resource/ldqm/',1888),
	('ldr','http://purl.oclc.org/NET/ldr/ns#',1317),
	('ldvm','http://linked.opendata.cz/ontology/ldvm/',1465),
	('leak','http://data.ontotext.com/resource/leak/',1773),
	('leaks','http://data.ontotext.com/resource/leak/',1697),
	('lemon','http://lemon-model.net/lemon#',460),
	('lemonuby','http://lemon-model.net/lexica/uby/',1531),
	('lex','http://purl.org/lex#',803),
	('lexcz','http://purl.org/lex/cz#',1175),
	('lexicon','http://www.example.org/lexicon#',1369),
	('lexinfo','http://www.lexinfo.net/ontology/2.0/lexinfo#',1276),
	('lexvo','http://lexvo.org/ontology#',981),
	('lfm','http://purl.org/ontology/last-fm/',314),
	('lfn','http://www.dotnetrdf.org/leviathan#',268),
	('lfov','https://w3id.org/legal_form#',1279),
	('lgd','http://linkedgeodata.org/triplify/',177),
	('lgdm','http://linkedgeodata.org/meta/',1655),
	('lgdo','http://linkedgeodata.org/ontology/',409),
	('lgdt','http://linkedgeodata.org/triplify/',1716),
	('lgt','http://linkedgadget.com/wiki/Property:',1930),
	('lgv','http://linkedgeodata.org/ontology/',871),
	('lh','http://vocab.inf.ed.ac.uk/library/holdings#',1038),
	('lheo','http://www.conjecto.com/ontology/2015/lheo#',1644),
	('li','http://def.seegrid.csiro.au/isotc211/iso19115/2003/lineage#',1247),
	('lib','http://purl.org/library/',1401),
	('library','http://purl.org/library/',445),
	('life','http://life.deri.ie/schema/',672),
	('lifecycle','http://purl.org/vocab/lifecycle/schema#',373),
	('like','http://ontologi.es/like#',375),
	('lime','http://art.uniroma2.it/ontologies/lime#',1220),
	('limo','http://www.purl.org/limo-ontology/limo#',1412),
	('limoo','http://purl.org/LiMo/0.1/',1139),
	('lindt','http://purl.org/NET/lindt#',1499),
	('ling','http://purl.org/voc/ling/',1096),
	('lingvo','http://www.lingvoj.org/ontology#',1173),
	('lingvoj','http://www.lingvoj.org/ontology#',392),
	('link','http://www.w3.org/2006/link#',220),
	('linkedct','http://data.linkedct.org/vocab/',532),
	('linkedmdb','http://data.linkedmdb.org/sparql/',632),
	('lio','http://purl.org/net/lio#',1460),
	('list','http://www.w3.org/2000/10/swap/list#',468),
	('literal','http://www.essepuntato.it/2010/06/literalreification/',1838),
	('ljkl','http://teste.com/',1494),
	('ll','http://lodlaundromat.org/resource/',1420),
	('llalg','http://www.linklion.org/algorithm/',1968),
	('lldr','http://purl.oclc.org/NET/lldr/ns#',1019),
	('llm','http://lodlaundromat.org/metrics/ontology/',1419),
	('llo','http://lodlaundromat.org/ontology/',1356),
	('llont','http://www.linklion.org/ontology#',1620),
	('llr','http://lodlaundromat.org/resource/',1857),
	('lmf','http://www.lexinfo.net/lmf#',1341),
	('lmm1','http://www.ontologydesignpatterns.org/ont/lmm/LMM_L1.owl#',1234),
	('lmm2','http://www.ontologydesignpatterns.org/ont/lmm/LMM_L2.owl#',1200),
	('lmx','http://www.w3.org/XML/1998/namespace/',1573),
	('loc','http://www.w3.org/2007/uwa/context/location.owl#',176),
	('locah','http://data.archiveshub.ac.uk/def/',1453),
	('location','http://sw.deri.org/2006/07/location/loc#',1265),
	('locn','http://www.w3.org/ns/locn#',663),
	('locwd','http://purl.org/locwd/schema#',1074),
	('lod2','http://lod2.eu/schema/',822),
	('lodac','http://lod.ac/ns/lodac#',1016),
	('lode','http://linkedevents.org/ontology/',202),
	('lofv','http://purl.org/legal_form/vocab#',1400),
	('log','http://www.w3.org/2000/10/swap/log#',88),
	('lom','http://ltsc.ieee.org/rdf/lomv1p0/lom#',383),
	('lomvoc','http://ltsc.ieee.org/rdf/lomv1p0/vocabulary#',123),
	('loted','http://loted.eu/ontology#',1463),
	('lotico','http://www.lotico.com/resource/',389),
	('loticoowl','http://www.lotico.com/ontology/',564),
	('lp','http://launchpad.net/rdf/launchpad#',488),
	('lpeu','http://purl.org/linkedpolitics/vocabulary/eu/plenary/',1452),
	('lr','http://linkedrecipes.org/schema/',838),
	('ls','http://linkedspending.aksw.org/instance/',1435),
	('lsc','http://linkedscience.org/lsc/ns#',1150),
	('lsd','http://linkedwidgets.org/statisticaldata/ontology/',1530),
	('lslife','http://ontology.cybershare.utep.edu/ELSEWeb/elseweb-lifemapper.owl#',1694),
	('lsmap','http://ontology.cybershare.utep.edu/ELSEWeb/elseweb-data.owl#',1668),
	('lso','http://linkedspending.aksw.org/ontology/',1437),
	('lsq','http://lsq.aksw.org/vocab#',1799),
	('lsqv','http://lsq.aksw.org/vocab#',1586),
	('lsweb','http://ontology.cybershare.utep.edu/ELSEWeb/elseweb-data.owl#',1707),
	('lswmo','http://ontology.cybershare.utep.edu/ELSEWeb/elseweb-modelling.owl#',1721),
	('lswpm','http://ontology.cybershare.utep.edu/ELSEWeb/elseweb-lifemapper-parameters.owl#',1687),
	('lt','http://diplomski.nelakolundzija.org/LTontology.rdf#',422),
	('lu','http://www.ontologydesignpatterns.org/ont/framenet/abox/lu/',1493),
	('luc','http://www.ontotext.com/owlim/lucene#',1602),
	('ludo','http://ns.inria.fr/ludo/v1#',718),
	('lv','http://purl.org/lobid/lv#',179),
	('lvont','http://lexvo.org/ontology#',539),
	('lw','http://linkedwidgets.org/ontologies/',1529),
	('lx','http://purl.org/NET/lx#',284),
	('lyon','http://dbpedia.org/resource/Lyon/',1909),
	('lyou','http://purl.org/linkingyou/',185),
	('ma','http://www.w3.org/ns/ma-ont#',44),
	('mads','http://www.loc.gov/mads/rdf/v1#',1072),
	('madsrdf','http://www.loc.gov/mads/rdf/v1#',76),
	('maeco','http://edg.topbraid.solutions/maeco/',1831),
	('maet','http://edg.topbraid.solutions/taxonomy/macroeconomics/',1781),
	('malignneo','http://www.agfa.com/w3c/2009/malignantNeoplasm#',834),
	('mammal','http://lod.taxonconcept.org/ontology/p01/Mammalia/index.owl#',1241),
	('marcrel','http://id.loc.gov/vocabulary/relators/',143),
	('marcrole','http://id.loc.gov/vocabulary/relators/',1972),
	('markus','http://www.markus.com/',1797),
	('marl','http://www.gsi.dit.upm.es/ontologies/marl/ns#',606),
	('marshall','http://sites.google.com/site/xgmaitc/',840),
	('maso','http://securitytoolbox.appspot.com/MASO#',1376),
	('master1','http://idl.u-grenoble3.fr/',1827),
	('math','http://www.w3.org/2000/10/swap/math#',132),
	('mb','http://dbtune.org/musicbrainz/resource/instrument/',1239),
	('mbgd','http://mbgd.genome.ad.jp/owl/mbgd.owl#',1636),
	('md','http://www.w3.org/ns/md#',35),
	('mdi','http://w3id.org/multidimensional-interface/ontology#',1768),
	('mds','http://doc.metalex.eu/id/',1225),
	('meat','http://example.com/',1851),
	('meb','http://rdf.myexperiment.org/ontologies/base/',1140),
	('media','http://search.yahoo.com/searchmonkey/media/',86),
	('meetup','http://www.lotico.com/meetup/',335),
	('mei','http://www.music-encoding.org/ns/mei/',692),
	('memo','http://ontologies.smile.deri.ie/2009/02/27/memo#',126),
	('merge','http://jazz.net/ns/lqe/merge/',1724),
	('mesh','http://id.nlm.nih.gov/mesh/',1910),
	('meshv','http://id.nlm.nih.gov/mesh/vocab#',1833),
	('meta','http://www.openrdf.org/rdf/2009/metadata#',429),
	('metadata','http://purl.oreilly.com/ns/meta/',1413),
	('metalex','http://www.metalex.eu/schema/1.0#',712),
	('meteo','http://purl.org/ns/meteo#',274),
	('mexalgo','http://mex.aksw.org/mex-algo#',1663),
	('mexcore','http://mex.aksw.org/mex-core#',1622),
	('mexperf','http://mex.aksw.org/mex-perf#',1727),
	('mexv','http://mex.aksw.org/mex-algo#',1576),
	('mf','http://www.w3.org/2001/sw/DataAccess/tests/test-manifest#',371),
	('mged','http://mged.sourceforge.net/ontologies/MGEDOntology.owl#',1124),
	('mico','http://www.mico-project.eu/ns/platform/1.0/schema#',1336),
	('mil','http://rdf.muninn-project.org/ontologies/military#',962),
	('mime','http://purl.org/NET/mediatypes/',852),
	('minim','http://purl.org/minim/minim#',1684),
	('mit','http://purl.org/ontology/mo/mit#',234),
	('mls','http://www.w3.org/ns/mls#',1906),
	('mm','http://linkedmultimedia.org/sparql-mm/ns/2.0.0/function#',1075),
	('mmd','http://musicbrainz.org/ns/mmd-1.0#',1389),
	('mmf','http://linkedmultimedia.org/sparql-mm/ns/1.0.0/function#',1468),
	('mmm','http://www.mico-project.eu/ns/mmm/2.0/schema#',1794),
	('mmoon','http://mmoon.org/mmoon/',1775),
	('mmt','http://linkedmultimedia.org/sparql-mm/functions/temporal#',1310),
	('mo','http://purl.org/ontology/mo/',75),
	('moac','http://observedchange.com/moac/ns#',1115),
	('moat','http://moat-project.org/ns#',356),
	('moby','http://www.mygrid.org.uk/mygrid-moby-service#',922),
	('mocanal','http://www.semanticweb.org/asow/ontologies/2013/9/untitled-ontology-36#',1211),
	('mod','http://www.isibang.ac.in/ns/mod#',1800),
	('mods','http://www.loc.gov/mods/v3#',626),
	('mohammad','http://manesht.ir/',987),
	('money','http://purl.org/net/rdf-money/',324),
	('moo','http://www.movieontology.org/2009/11/09/movieontology.owl#',1661),
	('movie','http://data.linkedmdb.org/resource/movie/',163),
	('mp','http://jicamaro.info/mp#',1133),
	('mpeg7','http://rhizomik.net/ontologies/2005/03/Mpeg7-2001.owl#',799),
	('mrel','http://id.loc.gov/vocabulary/relators/',969),
	('ms','http://purl.org/obo/owl/MS#',750),
	('msm','http://iserve.kmi.open.ac.uk/ns/msm#',1284),
	('msr','http://www.telegraphis.net/ontology/measurement/measurement#',1068),
	('mt','http://www.w3.org/2001/sw/DataAccess/tests/test-manifest#',1246),
	('mte','http://nl.ijs.si/ME/owl/',742),
	('mtecore','http://purl.org/olia/mte/multext-east.owl#',788),
	('mtlo','http://www.ics.forth.gr/isl/MarineTLO/v4/marinetlo.owl#',1525),
	('mu','http://mu.semte.ch/vocabularies/core/',117),
	('muldicat','http://iflastandards.info/ns/muldicat#',1224),
	('muni','http://vocab.linkeddata.es/urbanismo-infraestructuras/territorio#',641),
	('muo','http://purl.oclc.org/NET/muo/muo#',533),
	('music','http://musicontology.com/',203),
	('musim','http://purl.org/ontology/similarity/',100),
	('muto','http://purl.org/muto/core#',502),
	('mv','http://schema.mobivoc.org/',1619),
	('mvco','http://purl.oclc.org/NET/mvco.owl#',1159),
	('my','http://www.mobile.com/model/',1251),
	('mygrid','http://www.mygrid.org.uk/ontology#',630),
	('myprefix','http://myprefix.org/',746),
	('myspace','http://purl.org/ontology/myspace#',120),
	('myspo','http://purl.org/ontology/myspace#',300),
	('mysql','http://web-semantics.org/ns/mysql/',399),
	('name','http://example.org/name#',583),
	('namespaces','https://vg.no/',859),
	('nao','http://www.semanticdesktop.org/ontologies/2007/08/15/nao#',289),
	('nature','http://deductions.github.io/nature_observation.owl.ttl#',1977),
	('naval','http://rdf.muninn-project.org/ontologies/naval#',1443),
	('navm','https://w3id.org/navigation_menu#',1432),
	('ncal','http://www.semanticdesktop.org/ontologies/2007/04/02/ncal#',424),
	('ncbigene','http://identifiers.org/ncbigene/',1932),
	('ncbitaxon','http://purl.org/obo/owl/NCBITaxon#',667),
	('ncicp','http://ncicb.nci.nih.gov/xml/owl/EVS/Thesaurus.owl#',1787),
	('ncit','http://ncicb.nci.nih.gov/xml/owl/EVS/Thesaurus.owl#',1596),
	('nco','http://www.semanticdesktop.org/ontologies/2007/03/22/nco#',269),
	('ndl','http://schemas.ogf.org/nml/2013/05/base#',197),
	('ndnp','http://chroniclingamerica.loc.gov/terms#',1898),
	('ne','http://umbel.org/umbel/ne/',367),
	('neotec','http://neotec.rc.unesp.br/resource/Neotectonics/',1748),
	('neotecbib','http://neotec.rc.unesp.br/resource/NeotectonicsBibliography/',1828),
	('nerd','http://nerd.eurecom.fr/ontology#',1457),
	('net','http://www.w3.org/2007/uwa/context/network.owl#',380),
	('newsevents','http://www.aifb.uni-karlsruhe.de/WBS/uhe/ontologies#',1643),
	('nex','http://www.nexml.org/2009/',1407),
	('nexif','http://www.semanticdesktop.org/ontologies/2007/05/10/nexif#',317),
	('nfo','http://www.semanticdesktop.org/ontologies/2007/03/22/nfo#',151),
	('ngeo','http://geovocab.org/geometry#',308),
	('ngeoi','http://vocab.lenka.no/geo-deling#',804),
	('nid3','http://www.semanticdesktop.org/ontologies/2007/05/10/nid3#',425),
	('nidm','http://nidm.nidash.org/',1051),
	('nie','http://www.semanticdesktop.org/ontologies/2007/01/19/nie#',66),
	('nif','http://persistence.uni-leipzig.org/nlp2rdf/ontologies/nif-core#',350),
	('nlon','http://lod.nl.go.kr/ontology/',1678),
	('nmo','http://www.semanticdesktop.org/ontologies/2007/03/22/nmo#',304),
	('nndsr','http://semanticdiet.com/schema/usda/nndsr/',587),
	('no','http://km.aifb.kit.edu/projects/numbers/number#',898),
	('nobel','http://data.nobelprize.org/terms/',1934),
	('nocal','http://vocab.deri.ie/nocal#',644),
	('np','http://www.nanopub.org/nschema#',887),
	('npdv','http://sws.ifi.uio.no/vocab/npd#',1483),
	('npg','http://ns.nature.com/terms/',490),
	('npgd','http://ns.nature.com/datasets/',923),
	('npgg','http://ns.nature.com/graphs/',968),
	('npgx','http://ns.nature.com/extensions/',928),
	('nrl','http://www.semanticdesktop.org/ontologies/2007/08/15/nrl#',302),
	('ns1','http://www.w3.org/1999/xhtml/vocab#',1685),
	('nsa','http://multimedialab.elis.ugent.be/organon/ontologies/ninsuna#',534),
	('nsl','http://purl.org/ontology/storyline/',1002),
	('nsogi','http://prefix.cc/nsogi:',192),
	('nt','http://ns.inria.fr/nicetag/2010/09/09/voc#',596),
	('ntag','http://ns.inria.fr/nicetag/2010/09/09/voc#',1141),
	('nuts','http://dd.eionet.europa.eu/vocabulary/common/nuts/',910),
	('nxp','http://purl.org/nxp/schema/v1/',801),
	('nxs','http://www.neclimateus.org/',1293),
	('nyt','http://data.nytimes.com/',992),
	('nytimes','http://data.nytimes.com/elements/',807),
	('oa','http://www.w3.org/ns/oa#',164),
	('oac','http://www.openannotation.org/ns/',792),
	('oad','http://lod.xdams.org/reload/oad/',1425),
	('oae','http://www.ics.forth.gr/isl/oae/core#',1543),
	('oan','http://data.lirmm.fr/ontologies/oan/',1345),
	('oarj','http://opendepot.org/reference/linked/1.0/',1048),
	('oat','http://openlinksw.com/schemas/oat/',465),
	('oauth','http://demiblog.org/vocab/oauth#',228),
	('oax','http://www.w3.org/ns/openannotation/extensions/',808),
	('obeu','http://data.openbudgets.eu/ontology/',1862),
	('obj','http://www.openrdf.org/rdf/2009/object#',344),
	('obo','http://purl.obolibrary.org/obo/',559),
	('oboe','http://ecoinformatics.org/oboe/oboe.1.0/oboe-core.owl#',647),
	('oboinowl','http://www.geneontology.org/formats/oboInOwl#',1301),
	('oboro','http://obofoundry.org/ro/ro.owl#',574),
	('oboso','http://purl.org/obo/owl/SO#',684),
	('obsm','http://rdf.geospecies.org/methods/observationMethod#',1132),
	('oc','http://opencoinage.org/rdf/',313),
	('occult','http://data.totl.net/occult/',933),
	('ocd','http://dati.camera.it/ocd/',517),
	('od','http://purl.org/twc/vocab/opendap#',1196),
	('odapp','http://vocab.deri.ie/odapp#',1178),
	('odapps','http://semweb.mmlab.be/ns/odapps#',1294),
	('odbc','http://www.openlinksw.com/ontology/odbc#',1555),
	('odcs','http://opendata.cz/infrastructure/odcleanstore/',932),
	('odo','http://ocean-data.org/schema/',1366),
	('odp','http://ontologydesignpatterns.org/',702),
	('odpart','http://www.ontologydesignpatterns.org/cp/owl/participation.owl#',1212),
	('odrl','http://www.w3.org/ns/odrl/2/',1221),
	('odrs','http://schema.theodi.org/odrs#',1431),
	('odv','http://reference.data.gov.uk/def/organogram/',1081),
	('odw','http://odw.tw/',1754),
	('oecc','http://www.oegov.org/core/owl/cc#',1142),
	('oecd','http://oecd.270a.info/dataset/',1026),
	('of','http://owlrep.eu01.aws.af.cm/fridge#',1269),
	('ofrd','http://purl.org/opdm/refrigerator#',1617),
	('og','http://opengraphprotocol.org/schema/',79),
	('ogbd','http://www.ogbd.fr/2012/ontologie#',1185),
	('ogc','http://www.opengis.net/def/',1604),
	('ogorg','http://opengraph.org/schema/',830),
	('ogp','http://ogp.me/ns#',588),
	('oh','http://semweb.mmlab.be/ns/oh#',1347),
	('oils','http://lemon-model.net/oils#',1346),
	('oj','http://ontojob.at/',900),
	('ok','http://okkam.org/terms#',130),
	('okg','http://openknowledgegraph.org/ontology/',946),
	('okkam','http://models.okkam.org/ENS-core-vocabulary#',469),
	('olac','http://www.language-archives.org/OLAC/1.0/',1288),
	('olac11','http://www.language-archives.org/OLAC/1.1/',1274),
	('olad','http://openlad.org/vocab#',1149),
	('olca','http://www.lingvoj.org/olca#',1485),
	('olia','http://purl.org/olia/olia.owl#',657),
	('oliasystem','http://purl.org/olia/system.owl#',1219),
	('olo','http://purl.org/ontology/olo/core#',549),
	('om','http://opendata.caceres.es/def/ontomunicipio#',942),
	('omapi','http://purl.org/omapi/0.2/#',927),
	('omb','http://purl.org/ontomedia/ext/common/being#',239),
	('omc','http://purl.org/ontomedia/ext/common/bestiary#',319),
	('omdoc','http://omdoc.org/ontology/',1275),
	('ome','http://purl.org/ontomedia/core/expression#',107),
	('oml','http://def.seegrid.csiro.au/ontology/om/om-lite#',1554),
	('omm','http://purl.org/ontomedia/core/media#',400),
	('omn','http://open-multinet.info/ontology/omn#',154),
	('omnfed','http://open-multinet.info/ontology/omn-federation#',1536),
	('omnlife','http://open-multinet.info/ontology/omn-lifecycle#',1280),
	('omp','http://purl.org/ontomedia/ext/common/profession#',349),
	('omt','http://purl.org/ontomedia/ext/common/trait#',221),
	('omv','http://omv.ontoware.org/2005/05/ontology#',846),
	('onc','http://www.ics.forth.gr/isl/oncm/core#',1372),
	('ondc','http://www.semanticweb.org/ontologies/2012/1/Ontology1329913965202.owl#',1883),
	('onisep','http://rdf.onisep.fr/resource/',1304),
	('onssprel','http://www.ordnancesurvey.co.uk/ontology/SpatialRelations/v0.2/SpatialRelations.owl#',1052),
	('ont','http://purl.org/net/ns/ontology-annot#',15),
	('onto','http://www.ontotext.com/',18),
	('ontolex','http://www.w3.org/ns/lemon/ontolex#',1924),
	('ontology','http://dbpedia.org/ontology/',175),
	('ontop','https://w3id.org/ontop/',1899),
	('ontopic','http://www.ontologydesignpatterns.org/ont/dul/ontopic.owl#',1206),
	('ontosec','http://www.semanticweb.org/ontologies/2008/11/OntologySecurity.owl#',1505),
	('onyx','http://www.gsi.dit.upm.es/ontologies/onyx/ns#',1085),
	('oo','http://purl.org/openorg/',65),
	('op','http://environment.data.gov.au/def/op#',1170),
	('opa','https://w3id.org/laas-iot/adream#',1975),
	('open','http://open.vocab.org/terms/',878),
	('open311','http://ontology.eil.utoronto.ca/open311#',1704),
	('opencyc','http://sw.opencyc.org/concept/',1258),
	('opengov','http://www.w3.org/opengov#',1515),
	('openlinks','http://www.openlinksw.com/schemas/virtrdf#',433),
	('opensearch','http://a9.com/-/spec/opensearch/1.1/',283),
	('openskos','http://openskos.org/xmlns#',1272),
	('oper','http://sweet.jpl.nasa.gov/2.0/mathOperation.owl#',763),
	('opl','http://openlinksw.com/schema/attribution#',1082),
	('oplacl','http://www.openlinksw.com/ontology/acl#',1422),
	('oplangel','http://www.openlinksw.com/schemas/angel#',1969),
	('oplcb','http://www.openlinksw.com/schemas/crunchbase#',1513),
	('oplcert','http://www.openlinksw.com/schemas/cert#',1397),
	('oplecrm','http://www.openlinksw.com/ontology/ecrm#',1484),
	('opllic','http://www.openlinksw.com/ontology/licenses#',1267),
	('opllog','http://www.openlinksw.com/ontology/logging#',1728),
	('oplmkt','http://www.openlinksw.com/ontology/market#',1535),
	('oplp','http://www.openlinksw.com/ontology/purchases#',1951),
	('oplprod','http://www.openlinksw.com/ontology/products#',1259),
	('oplres','http://www.openlinksw.com/ontology/restrictions#',1297),
	('oplstocks','http://www.openlinksw.com/ontology/stocks#',1967),
	('oplweb','http://www.openlinksw.com/schemas/oplweb#',1650),
	('opm','http://openprovenance.org/ontology#',252),
	('opmo','http://openprovenance.org/model/opmo#',1192),
	('opmv','http://purl.org/net/opmv/ns#',572),
	('opmw','http://www.opmw.org/ontology/',816),
	('opo','http://online-presence.net/opo/ns#',388),
	('oprovo','http://openprovenance.org/ontology#',1217),
	('ops','http://vocabularies.bridgedb.org/ops#',1639),
	('opus','http://lsdis.cs.uga.edu/projects/semdis/opus#',466),
	('opwn','http://www.ontologyportal.org/WordNet.owl#',597),
	('or','http://openresearch.org/vocab/',1809),
	('orca','http://geni-orca.renci.org/owl/topology.owl#',870),
	('orcid','http://orcid.org/',1957),
	('ordf','http://purl.org/NET/ordf/',1208),
	('ore','http://www.openarchives.org/ore/terms/',173),
	('org','http://www.w3.org/ns/org#',20),
	('organ','http://www.univalle.edu.co/ontologies/Organ#',1814),
	('organism','http://eulersharp.sourceforge.net/2003/03swap/organism#',281),
	('organiz','http://eulersharp.sourceforge.net/2003/03swap/organization#',603),
	('orges','http://datos.gob.es/def/sector-publico/organizacion#',1675),
	('orgesv2','http://datos.gob.es/sites/default/files/OntologiaDIR3/orges.owl#',1751),
	('origins','http://origins.link/',1414),
	('orth','http://purl.jp/bio/11/orth#',1690),
	('os','http://www.w3.org/2000/10/swap/os#',271),
	('osadm','http://data.ordnancesurvey.co.uk/ontology/admingeo/',1222),
	('osag','http://www.ordnancesurvey.co.uk/ontology/AdministrativeGeography/v2.0/AdministrativeGeography.rdf#',104),
	('osgb','http://data.ordnancesurvey.co.uk/id/',459),
	('osgeom','http://data.ordnancesurvey.co.uk/ontology/geometry/',1154),
	('oslc','http://open-services.net/ns/core#',618),
	('oslo','http://purl.org/oslo/ns/localgov#',1416),
	('osmsemnet','http://spatial.ucd.ie/2012/08/osmsemnet/',890),
	('osn','http://spatial.ucd.ie/lod/osn/',794),
	('osoc','http://web-semantics.org/ns/opensocial#',470),
	('osp','http://data.lirmm.fr/ontologies/osp#',947),
	('ospost','http://data.ordnancesurvey.co.uk/ontology/postcode/',635),
	('osr','http://dati.senato.it/osr/',893),
	('oss','http://opendata.caceres.es/def/ontosemanasanta#',1471),
	('osspr','http://data.ordnancesurvey.co.uk/ontology/spatialrelations/',1056),
	('ost','http://w3id.org/ost/ns#',1648),
	('ostop','http://www.ordnancesurvey.co.uk/ontology/Topography/v0.1/Topography.owl#',1171),
	('osukdt','http://www.ordnancesurvey.co.uk/ontology/Datatypes.owl#',926),
	('ou','http://opendata.unex.es/def/ontouniversidad#',1780),
	('out','http://ontologies.hypios.com/out#',699),
	('output','http://volt-name.space/vocab/output#',1752),
	('ov','http://open.vocab.org/terms/',140),
	('overheid','http://standaarden.overheid.nl/owms/',883),
	('owl','http://www.w3.org/2002/07/owl#',9),
	('owl2xml','http://www.w3.org/2006/12/owl2-xml#',1742),
	('owlim','http://www.ontotext.com/trree/owlim#',133),
	('owls','http://www.daml.org/services/owl-s/1.2/Service.owl#',664),
	('owlse','http://www.daml.org/services/owl-s/1.2/generic/Expression.owl#',1091),
	('owltime','http://www.w3.org/TR/owl-time#',758),
	('owsom','https://onlinesocialmeasures.wordpress.com/',1547),
	('ox','http://vocab.ox.ac.uk/projectfunding#',1123),
	('oxi','http://omerxi.com/ontologies/core.owl.ttl#',1569),
	('p20','http://zbw.eu/beta/p20/vocab/',824),
	('p3p','http://www.w3.org/2002/01/p3prdfv1#',299),
	('paia','http://purl.org/ontology/paia#',1060),
	('pam','http://prismstandard.org/namespaces/pam/2.0/',970),
	('parl','http://reference.data.gov.uk/def/parliament/',1287),
	('part','http://purl.org/vocab/participation/schema#',1089),
	('particip','http://purl.org/vocab/participation/schema#',1138),
	('passim','http://data.lirmm.fr/ontologies/passim#',1215),
	('pat','http://purl.org/hpi/patchr#',585),
	('pattern','http://www.essepuntato.it/2008/12/pattern#',1382),
	('pav','http://purl.org/pav/',619),
	('pay','http://reference.data.gov.uk/def/payment#',665),
	('payment','http://reference.data.gov.uk/def/payment#',590),
	('pbo','http://purl.org/ontology/pbo/core#',541),
	('pbody','http://reference.data.gov.uk/def/public-body/',1817),
	('pc','http://purl.org/procurement/public-contracts#',85),
	('pccz','http://purl.org/procurement/public-contracts-czech#',703),
	('pcdm','http://pcdm.org/models#',1840),
	('pcdt','http://purl.org/procurement/public-contracts-datatypes#',1733),
	('pcit','http://public-contracts.nexacenter.org/id/propertiesRole/',1714),
	('pco','http://purl.org/procurement/public-contracts#',1339),
	('pdf','http://ns.adobe.com/pdf/1.3/',1744),
	('pdo','http://ontologies.smile.deri.ie/pdo#',519),
	('penis','http://penis.to/#',1146),
	('penn','http://purl.org/olia/penn.owl#',935),
	('persee','http://data.persee.fr/ontology/persee_ontology/',1939),
	('person','http://www.w3.org/ns/person#',580),
	('pext','http://www.ontotext.com/proton/protonext#',872),
	('pf','http://jena.hpl.hp.com/ARQ/property#',660),
	('pgterms','http://www.gutenberg.org/2009/pgterms/',486),
	('phdd','http://rdf-vocabulary.ddialliance.org/phdd#',1532),
	('phil','http://philosurfical.open.ac.uk/ontology/philosurfical.owl#',516),
	('photoshop','http://ns.adobe.com/photoshop/1.0/',81),
	('phss','http://ns.poundhill.com/phss/1.0/',364),
	('physo','http://merlin.phys.uni.lodz.pl/onto/physo/physo.owl#',1359),
	('pic','http://www.ipaw.info/ns/picaso#',1331),
	('pid','http://permid.org/ontology/organization/',1708),
	('piero','http://reactionontology.org/piero/',1632),
	('pim','http://www.w3.org/ns/pim/space#',1255),
	('pimo','http://www.semanticdesktop.org/ontologies/2007/11/01/pimo#',497),
	('ping','http://purl.org/net/pingback/',397),
	('pingback','http://purl.org/net/pingback/',1121),
	('pizza','http://www.co-ode.org/ontologies/pizza/pizza.owl#',1098),
	('pkgsrc','http://pkgsrc.co/schema#',1059),
	('pkm','http://www.ontotext.com/proton/protonkm#',1395),
	('pkmn','http://pokedex.dataincubator.org/pkm/',782),
	('place','http://purl.org/ontology/places/',860),
	('places','http://purl.org/ontology/places#',482),
	('planet','http://dbpedia.org/',1866),
	('play','http://uriplay.org/spec/ontology/#',487),
	('ple','http://pleiades.stoa.org/places/',884),
	('plink','http://buzzword.org.uk/rdf/personal-link-types#',476),
	('plo','http://purl.org/net/po#',1455),
	('pm','http://premon.fbk.eu/resource/',1713),
	('pmd','http://publishmydata.com/def/dataset#',1786),
	('pmhb','http://pmhb.org/',1746),
	('pml','http://provenanceweb.org/ns/pml#',548),
	('pmlj','http://inference-web.org/2.0/pml-justification.owl#',204),
	('pmlp','http://inference-web.org/2.0/pml-provenance.owl#',321),
	('pmlr','http://inference-web.org/2.0/pml-relation.owl#',393),
	('pmlt','http://inference-web.org/2.0/pml-trust.owl#',527),
	('pmo','http://premon.fbk.eu/ontology/core#',1762),
	('pmofn','http://premon.fbk.eu/ontology/fn#',1791),
	('pmonb','http://premon.fbk.eu/ontology/nb#',1747),
	('pmopb','http://premon.fbk.eu/ontology/pb#',1796),
	('pmovn','http://premon.fbk.eu/ontology/vn#',1784),
	('pmt','http://tipsy.googlecode.com/svn/trunk/vocab/pmt#',327),
	('pna','http://data.press.net/ontology/asset/',882),
	('pnc','http://data.press.net/ontology/classification/',1292),
	('pne','http://data.press.net/ontology/event/',825),
	('pni','http://data.press.net/ontology/identifier/',1454),
	('pns','http://data.press.net/ontology/stuff/',682),
	('pnt','http://data.press.net/ontology/tag/',1423),
	('po','http://purl.org/ontology/po/',180),
	('pobo','http://purl.obolibrary.org/obo/',443),
	('pod','https://project-open-data.cio.gov/v1.1/schema/#',1409),
	('poder','http://poderopedia.com/vocab/',921),
	('pois','http://purl.oclc.org/POIS/vcblr#',1232),
	('pol','http://escience.rpi.edu/ontology/semanteco/2/0/pollution.owl#',777),
	('politico','http://www.rdfabout.com/rdf/schema/politico/',229),
	('pom','http://maven.apache.org/POM/4.0.0#',762),
	('pos','http://www.w3.org/2003/01/geo/wgs84_pos#',680),
	('posh','http://poshrdf.org/ns/posh/',573),
	('postcode','http://data.ordnancesurvey.co.uk/id/postcodeunit/',372),
	('poste','http://data.lirmm.fr/ontologies/poste#',1126),
	('powder','http://www.w3.org/2007/05/powder#',275),
	('pp','http://peoplesplaces.de/ontology#',1720),
	('ppo','http://vocab.deri.ie/ppo#',751),
	('ppr','http://purl.org/datanode/ppr/ns/',1894),
	('pproc','http://contsem.unizar.es/def/sector-publico/pproc#',1227),
	('pr','http://purl.org/ontology/prv/core#',200),
	('prefix','http://prefix.cc/',661),
	('premis','http://multimedialab.elis.ugent.be/users/samcoppe/ontologies/Premis/premis.owl#',948),
	('prf','http://www.openmobilealliance.org/tech/profiles/UAPROF/ccppschema-20021212#',957),
	('prism','http://prismstandard.org/namespaces/basic/2.0/',160),
	('prism21','http://prismstandard.org/namespaces/basic/2.1/',915),
	('prissma','http://ns.inria.fr/prissma/v1#',338),
	('prj','http://purl.org/stuff/project/',292),
	('pro','http://purl.org/hpi/patchr#',609),
	('product','http://purl.org/commerce/product#',355),
	('profiling','http://ontologi.es/profiling#',434),
	('prog','http://purl.org/prog/',38),
	('prohow','https://w3id.org/prohow#',1864),
	('prolog','http://eulersharp.sourceforge.net/2003/03swap/prolog#',917),
	('proms','http://promsns.org/def/proms#',1614),
	('pronom','http://reference.data.gov.uk/technical-registry/',789),
	('prot','http://www.proteinontology.info/po.owl#',503),
	('protege','http://protege.stanford.edu/system#',238),
	('protegedc','http://protege.stanford.edu/plugins/owl/dc/protege-dc.owl#',833),
	('protons','http://proton.semanticweb.org/2005/04/protons#',515),
	('prov','http://www.w3.org/ns/prov#',23),
	('provenir','http://knoesis.wright.edu/provenir/provenir.owl#',674),
	('provinsi','http://provinsi.com/',1948),
	('provoc','http://ns.inria.fr/provoc/',1805),
	('provone','http://purl.org/provone#',1228),
	('prv','http://purl.org/net/provenance/ns#',184),
	('prviv','http://purl.org/net/provenance/integrity#',1128),
	('prvr','http://purl.org/ontology/prv/rules#',719),
	('prvt','http://purl.org/net/provenance/types#',1012),
	('prvtypes','http://purl.org/net/provenance/types#',538),
	('ps','https://w3id.org/payswarm#',467),
	('psh','http://psh.techlib.cz/skos/',1021),
	('pso','http://purl.org/spar/pso/',1122),
	('psv','http://www.wikidata.org/prop/statement/value/',1753),
	('psych','http://purl.org/vocab/psychometric-profile/',414),
	('psys','http://www.ontotext.com/proton/protonsys#',1449),
	('pto','http://www.productontology.org/id/',43),
	('ptop','http://www.ontotext.com/proton/protontop#',1088),
	('ptr','http://www.w3.org/2009/pointers#',170),
	('pubmed','http://bio2rdf.org/pubmed_vocabulary:',1105),
	('puc','http://purl.org/NET/puc#',440),
	('puelia','http://kwijibo.talis.com/vocabs/puelia#',954),
	('puml','http://plantuml.com/ontology#',1674),
	('purl','http://www.purl.org/',936),
	('push','http://www.w3.org/2007/uwa/context/push.owl#',427),
	('pv','http://ns.inria.fr/provoc#',1670),
	('pvcs','http://purl.org/twc/vocab/pvcs#',1252),
	('pwo','http://purl.org/spar/pwo/',1197),
	('qa','http://www.mit.jyu.fi/ai/TRUST_Ontologies/QA.owl#',720),
	('qb','http://purl.org/linked-data/cube#',16),
	('qb4o','http://purl.org/olap#',1025),
	('qbe','http://citydata.wu.ac.at/qb-equations#',1929),
	('qdoslf','http://foaf.qdos.com/lastfm/schema/',382),
	('ql','http://www.w3.org/2004/ql#',995),
	('qms','http://data.europa.eu/esco/qms#',1783),
	('qrl','http://www.aifb.kit.edu/project/ld-retriever/qrl#',961),
	('qu','http://purl.oclc.org/NET/ssnx/qu/qu#',1273),
	('quak','http://dev.w3.org/cvsweb/2000/quacken/vocab#',615),
	('quantities','http://eulersharp.sourceforge.net/2003/03swap/quantitiesExtension#',881),
	('quantity','http://qudt.org/schema/quantity#',1597),
	('qud','http://qudt.org/1.1/schema/qudt#',1023),
	('qudt','http://qudt.org/1.1/schema/qudt#',255),
	('quty','http://www.telegraphis.net/ontology/measurement/quantity#',1160),
	('qvoc','http://mlode.nlp2rdf.org/quranvocab#',1078),
	('r2r','http://www4.wiwiss.fu-berlin.de/bizer/r2r/',648),
	('r2rml','http://www.w3.org/ns/r2rml#',1045),
	('r4r','http://guava.iis.sinica.edu.tw/r4r/',1664),
	('r4ta','http://ns.inria.fr/ratio4ta/v1#',1032),
	('rad','http://www.w3.org/ns/rad#',812),
	('radion','http://www.w3.org/ns/radion#',1137),
	('rail','http://ontologi.es/rail/vocab#',561),
	('ramon','http://rdfdata.eionet.europa.eu/ramon/ontology/',1504),
	('rating','http://www.tvblob.com/ratings/#',787),
	('raul','http://vocab.deri.ie/raul#',1226),
	('rda','http://www.rdaregistry.info/',766),
	('rdaa','http://rdaregistry.info/Elements/a/',1174),
	('rdaad','http://rdaregistry.info/Elements/a/datatype/',1943),
	('rdaar','http://rdaregistry.info/termList/AspectRatio/',1776),
	('rdabf','http://rdaregistry.info/termList/bookFormat/',1590),
	('rdabm','http://rdaregistry.info/termList/RDABaseMaterial/',1487),
	('rdabs','http://rdaregistry.info/termList/broadcastStand/',1868),
	('rdac','http://rdaregistry.info/Elements/c/',983),
	('rdacarrier','http://rdvocab.info/termList/RDACarrierType/',1005),
	('rdacarx','http://rdaregistry.info/termList/RDACarrierEU/',1803),
	('rdacc','http://rdaregistry.info/termList/RDAColourContent/',1550),
	('rdacct','http://rdaregistry.info/termList/CollTitle/',1475),
	('rdacdt','http://rdaregistry.info/termList/RDACartoDT/',1801),
	('rdaco','http://rdaregistry.info/termList/RDAContentType/',1553),
	('rdacontent','http://rdvocab.info/termList/RDAContentType/',1017),
	('rdacpc','http://rdaregistry.info/termList/configPlayback/',1815),
	('rdact','http://rdaregistry.info/termList/RDACarrierType/',1570),
	('rdae','http://rdaregistry.info/Elements/e/',1116),
	('rdaemm','http://rdaregistry.info/termList/emulsionMicro/',1519),
	('rdafmn','http://rdaregistry.info/termList/MusNotation/',1548),
	('rdafnm','http://rdaregistry.info/termList/FormNoteMus/',1522),
	('rdafnv','http://rdaregistry.info/termList/noteForm/',1592),
	('rdafr','http://rdaregistry.info/termList/frequency/',1489),
	('rdafrbr','http://rdvocab.info/uri/schema/FRBRentitiesRDA/',1103),
	('rdafs','http://rdaregistry.info/termList/fontSize/',1588),
	('rdaft','http://rdaregistry.info/termList/fileType/',1845),
	('rdaftn','http://rdaregistry.info/termList/TacNotation/',1562),
	('rdag1','http://rdvocab.info/Elements/',1213),
	('rdag2','http://rdvocab.info/ElementsGr2/',1482),
	('rdag3','http://rdvocab.info/ElementsGr3/',1194),
	('rdagd','http://rdaregistry.info/termList/gender/',1510),
	('rdagen','http://rdaregistry.info/termList/RDAGeneration/',1859),
	('rdagr1','http://rdvocab.info/Elements/',542),
	('rdagrp','http://rdaregistry.info/termList/groovePitch/',1541),
	('rdagw','http://rdaregistry.info/termList/grooveWidth/',1502),
	('rdai','http://rdaregistry.info/Elements/i/',1193),
	('rdaill','http://rdaregistry.info/termList/IllusContent/',1876),
	('rdakit','http://metadataregistry.org/uri/profile/rdakit/',1501),
	('rdalay','http://rdaregistry.info/termList/layout/',1878),
	('rdam','http://rdaregistry.info/Elements/m/',874),
	('rdamedia','http://rdvocab.info/termList/RDAMediaType/',982),
	('rdami','http://rdaregistry.info/termList/modeIssue/',1563),
	('rdamt','http://rdaregistry.info/termList/RDAMediaType/',1498),
	('rdapf','http://rdaregistry.info/termList/presFormat/',1874),
	('rdapm','http://rdaregistry.info/termList/RDAproductionMethod/',1879),
	('rdapmt','http://rdaregistry.info/termList/prodTactile/',1575),
	('rdapo','http://rdaregistry.info/termList/RDAPolarity/',1491),
	('rdare','http://rdaregistry.info/termList/RDARegionalEncoding/',1950),
	('rdarel','http://rdvocab.info/RDARelationshipsWEMI/',1107),
	('rdarel2','http://metadataregistry.org/uri/schema/RDARelationshipsGR2/',1411),
	('rdarm','http://registry.info/termList/recMedium/',1512),
	('rdarole','http://rdvocab.info/roles/',990),
	('rdarr','http://rdaregistry.info/termList/RDAReductionRatio/',1557),
	('rdasco','http://rdaregistry.info/termList/soundCont/',1544),
	('rdasoi','http://rdaregistry.info/termList/statIdentification/',1518),
	('rdaspc','http://rdaregistry.info/termList/specPlayback/',1892),
	('rdatc','http://rdaregistry.info/termList/trackConfig/',1524),
	('rdaterm','http://rdaregistry.info/termList/RDATerms/',1793),
	('rdatr','http://rdaregistry.info/termList/typeRec/',1608),
	('rdau','http://rdaregistry.info/Elements/u/',715),
	('rdavf','http://rdaregistry.info/termList/videoFormat/',1887),
	('rdaw','http://rdaregistry.info/Elements/w/',978),
	('rdax','http://rdaregistry.info/Elements/x/',1922),
	('rdaz','http://rdaregistry.info/Elements/z/',1606),
	('rdb','http://www.dbs.cs.uni-duesseldorf.de/RDF/relational#',1388),
	('rdf','http://www.w3.org/1999/02/22-rdf-syntax-ns#',1),
	('rdf123','http://rdf123.umbc.edu/ns/',1079),
	('rdfa','http://www.w3.org/ns/rdfa#',353),
	('rdfdata','http://rdf.data-vocabulary.org/rdf.xml#',1207),
	('rdfdf','http://www.openlinksw.com/virtrdf-data-formats#',814),
	('rdfg','http://www.w3.org/2004/03/trix/rdfg-1/',83),
	('rdfp','https://w3id.org/rdfp/',1873),
	('rdfs','http://www.w3.org/2000/01/rdf-schema#',4),
	('rdfsharp','https://rdfsharp.codeplex.com/',1908),
	('rdl','http://data.posccaesar.org/rdl/',1261),
	('rdo','http://purl.org/rdo/ns#',701),
	('rdrel','http://rdvocab.info/RDARelationshipsWEMI/',526),
	('re','http://www.w3.org/2000/10/swap/reason#',784),
	('rec','http://purl.org/ontology/rec/core#',215),
	('rec54','http://www.w3.org/2001/02pd/rec54.rdf#',877),
	('recipe','http://linkedrecipes.org/schema/',907),
	('reco','http://purl.org/reco#',108),
	('reegle','http://reegle.info/schema#',1479),
	('ref','http://purl.org/vocab/relationship/',406),
	('refe','http://orion.tw.rpi.edu/~xgmatwc/refe/',1094),
	('reg','http://metadataregistry.org/uri/profile/regap/',1500),
	('regorg','http://www.w3.org/ns/regorg#',1726),
	('rei','http://www.w3.org/2004/06/rei#',288),
	('rel','http://purl.org/vocab/relationship/',72),
	('religion','http://rdf.muninn-project.org/ontologies/religion#',1539),
	('remetca','http://www.purl.org/net/remetca#',1654),
	('remus','http://www.semanticweb.org/ontologies/2010/6/Ontology1279614123500.owl#',506),
	('rep','http://www.openrdf.org/config/repository#',261),
	('req','http://purl.org/req/',607),
	('res','http://dbpedia.org/resource/',566),
	('resex','http://resex.rkbexplorer.com/ontologies/resex#',333),
	('resist','http://www.rkbexplorer.com/ontologies/resist#',266),
	('resource','http://purl.org/vocab/resourcelist/schema#',279),
	('rev','http://purl.org/stuff/rev#',122),
	('reve','http://data.eurecom.fr/ontology/reve#',857),
	('rfd','http://com.intrinsec//ontology#',1700),
	('rgml','http://purl.org/puninj/2001/05/rgml-schema#',1705),
	('rich','http://rdf.data-vocabulary.org/',943),
	('rif','http://www.w3.org/2007/rif#',121),
	('rimmf','http://rimmf.com/vocab/',1872),
	('rlno','http://rdflivenews.aksw.org/ontology/',765),
	('rlnr','http://rdflivenews.aksw.org/resource/',1064),
	('rlog','http://persistence.uni-leipzig.org/nlp2rdf/ontologies/rlog#',710),
	('rm','http://jazz.net/ns/rm#',1730),
	('rml','http://semweb.mmlab.be/ns/rml#',1556),
	('rmo','http://eatld.et.tu-dresden.de/rmo#',1477),
	('rnews','http://iptc.org/std/rNews/2011-10-07#',244),
	('ro','http://purl.org/wf4ever/ro#',444),
	('roadmap','http://mappings.roadmap.org/',1377),
	('roevo','http://purl.org/wf4ever/roevo#',1058),
	('rofch','http://rdaregistry.info/termList/rofch/',1612),
	('rofem','http://rdaregistry.info/termList/rofem/',1616),
	('rofer','http://rdaregistry.info/termList/rofer/',1615),
	('rofet','http://rdaregistry.info/termList/rofet/',1702),
	('rofhf','http://rdaregistry.info/termList/rofhf/',1706),
	('rofid','http://rdaregistry.info/termList/rofid/',1692),
	('rofim','http://rdaregistry.info/termList/rofim/',1680),
	('rofin','http://rdaregistry.info/termList/rofin/',1693),
	('rofit','http://rdaregistry.info/termList/rofit/',1624),
	('rofrm','http://rdaregistry.info/termList/rofrm/',1665),
	('rofrr','http://rdaregistry.info/termList/rofrr/',1649),
	('rofrt','http://rdaregistry.info/termList/rofrt/',1770),
	('rofsf','http://rdaregistry.info/termList/rofsf/',1743),
	('rofsm','http://rdaregistry.info/termList/rofsm/',1710),
	('role','https://w3id.org/role/',862),
	('room','http://vocab.deri.ie/rooms#',189),
	('rooms','http://vocab.deri.ie/rooms#',544),
	('roterms','http://purl.org/wf4ever/roterms#',1129),
	('rov','http://www.w3.org/ns/regorg#',485),
	('rpath','https://w3id.org/lodsight/rdf-path#',1764),
	('rpubl','http://rinfo.lagrummet.se/ns/2008/11/rinfo/publ#',919),
	('rr','http://www.w3.org/ns/r2rml#',41),
	('rs','http://spektrum.ctu.cz/ontologies/radio-spectrum#',1481),
	('rsa','http://www.w3.org/ns/auth/rsa#',161),
	('rso','http://www.researchspace.org/ontology/',1069),
	('rss','http://purl.org/rss/1.0/',21),
	('rssynd','http://web.resource.org/rss/1.0/modules/syndication/',1035),
	('ru','http://purl.org/imbi/ru-meta.owl#',1230),
	('ruian','https://data.cssz.cz/ontology/ruian/',1891),
	('rulz','http://purl.org/NET/rulz#',480),
	('rut','http://rdfunit.aksw.org/ns/core#',1689),
	('ruto','http://rdfunit.aksw.org/ns/core#',1305),
	('rv','http://wifo-ravensburg.de/semanticweb.rdf#',780),
	('rvdata','http://data.rvdata.us/',1490),
	('rvl','http://purl.org/rvl/',1326),
	('s2s','http://escience.rpi.edu/ontology/sesf/s2s/4/0/',920),
	('s3db','http://www.s3db.org/core#',1186),
	('s4ac','http://ns.inria.fr/s4ac/v2#',651),
	('sad','http://vocab.deri.ie/sad#',1243),
	('saif','http://wwwiti.cs.uni-magdeburg.de/~srahman/',1135),
	('sail','http://www.openrdf.org/config/sail#',351),
	('sakthi','http://infotech.nitk.ac.in/research-scholars/sakthi-murugan-r/',1520),
	('sam','http://def.seegrid.csiro.au/isotc211/iso19156/2011/sampling#',1291),
	('samfl','http://def.seegrid.csiro.au/ontology/om/sam-lite#',1625),
	('san','http://www.irit.fr/recherches/MELODI/ontologies/SAN#',1390),
	('sao','http://salt.semanticauthoring.org/ontologies/sao#',1464),
	('saref','http://ontology.tno.nl/saref#',1759),
	('saws','http://purl.org/saws/ontology#',1540),
	('sawsdl','http://www.w3.org/ns/sawsdl#',437),
	('saxon','http://saxon.sf.net/',837),
	('sbench','http://swat.cse.lehigh.edu/onto/univ-bench.owl#',1361),
	('sc','http://purl.org/science/owl/sciencecommons/',31),
	('scco','http://rdf.ebi.ac.uk/terms/surechembl#',1841),
	('schema','http://schema.org/',45),
	('scholl','http://menemeneml.com/school#',1804),
	('sci','http://data.scientology.org/ns/',916),
	('scip','http://lod.taxonconcept.org/ontology/sci_people.owl#',1360),
	('scms','http://ns.aksw.org/scms/annotations/',1084),
	('sco','http://purl.org/ontology/sco#',446),
	('scor','http://purl.org/eis/vocab/scor#',1657),
	('scoro','http://purl.org/spar/scoro/',1456),
	('scot','http://rdfs.org/scot/ns#',240),
	('scovo','http://purl.org/NET/scovo#',198),
	('scowt','http://purl.org/weso/ontologies/scowt#',711),
	('scsv','http://purl.org/NET/schema-org-csv#',828),
	('sct','http://snomed.info/sct/',1699),
	('scufl2','http://ns.taverna.org.uk/2010/scufl2#',1027),
	('scv','http://purl.org/NET/scovo#',342),
	('sd','http://www.w3.org/ns/sparql-service-description#',29),
	('sdgp','http://stats.data-gov.ie/property/',879),
	('sdl','http://purl.org/vocab/riro/sdl#',290),
	('sdm','http://standard.k-history.kr/resource/',1914),
	('sdmx','http://purl.org/linked-data/sdmx#',156),
	('sdmxa','http://purl.org/linked-data/sdmx/2009/attribute#',113),
	('sdmxc','http://purl.org/linked-data/sdmx/2009/concept#',1902),
	('sdmxcode','http://purl.org/linked-data/sdmx/2009/code#',1904),
	('sdmxd','http://purl.org/linked-data/sdmx/2009/dimension#',1071),
	('sdmxdim','http://purl.org/linked-data/sdmx/2009/dimension#',63),
	('sdmxm','http://purl.org/linked-data/sdmx/2009/measure#',1920),
	('sdo','http://schema.org/',791),
	('sdshare','http://www.sdshare.org/2012/extension/',1681),
	('sdt','http://statisticaldata.linkedwidgets.org/terms/',1826),
	('sdterms','http://statisticaldata.linkedwidgets.org/terms/',1818),
	('search','http://sindice.com/vocab/search#',553),
	('seas','https://w3id.org/seas/',1264),
	('sec','https://w3id.org/security#',297),
	('security','http://securitytoolbox.appspot.com/securityMain#',1476),
	('sede','http://eventography.org/sede/0.1/',331),
	('seeds','http://deductions.github.io/seeds.owl.ttl#',1961),
	('sem','http://www.ontologydesignpatterns.org/cp/owl/semiotics.owl#',912),
	('semio','http://www.lingvoj.org/semio#',1189),
	('semiot','http://w3id.org/semiot/ontologies/semiot#',1877),
	('semtweet','http://semantictweet.com/',723),
	('seq','http://www.ontologydesignpatterns.org/cp/owl/sequence.owl#',1156),
	('service','http://purl.org/ontology/service#',178),
	('ses','http://lod.taxonconcept.org/ses/',1254),
	('sesame','http://www.openrdf.org/schema/sesame#',257),
	('session','http://redfoot.net/2005/session#',537),
	('set','http://www.w3.org/2000/10/swap/set#',775),
	('sf','http://www.opengis.net/ont/sf#',153),
	('sfn','http://semweb.datasciencelab.be/ns/sfn#',1947),
	('sg','http://www.springernature.com/scigraph/ontologies/core/',1662),
	('sgfn','http://w3id.org/sparql-generate/fn/',1925),
	('sgg','http://www.springernature.com/scigraph/graphs/',1688),
	('sgiter','http://w3id.org/sparql-generate/iter/',1918),
	('sgv','http://www.w3.org/TR/SVG/',783),
	('sh','http://www.w3.org/ns/shacl#',1285),
	('shacl','http://www.w3.org/ns/shacl#',1937),
	('shex','http://www.w3.org/2013/ShEx/ns#',1362),
	('shoah','http://dati.cdec.it/lod/shoah/',1473),
	('shv','http://ns.aksw.org/spatialHierarchy/',797),
	('shw','http://paul.staroch.name/thesis/SmartHomeWeather.owl#',1448),
	('si','http://sisteminformasi.com/',1723),
	('sider','http://www4.wiwiss.fu-berlin.de/sider/resource/sider/',168),
	('sig','http://purl.org/signature#',868),
	('sim','http://purl.org/ontology/similarity/',352),
	('sindice','http://vocab.sindice.net/',570),
	('sio','http://semanticscience.org/resource/',293),
	('sioc','http://rdfs.org/sioc/ns#',17),
	('sioca','http://rdfs.org/sioc/actions#',500),
	('siocserv','http://rdfs.org/sioc/services#',1257),
	('sioct','http://rdfs.org/sioc/types#',146),
	('sioctypes','http://rdfs.org/sioc/types#',867),
	('sism','http://purl.oclc.org/NET/sism/0.1/',118),
	('sit','http://www.ontologydesignpatterns.org/cp/owl/situation.owl#',362),
	('site','http://ns.ontowiki.net/SysOnt/Site/',405),
	('situ','http://www.ontologydesignpatterns.org/cp/owl/situation.owl#',1104),
	('skip','http://skipforward.net/skipforward/resource/',704),
	('skiresort','http://www.openlinksw.com/ski_resorts/schema#',944),
	('skos','http://www.w3.org/2004/02/skos/core#',11),
	('skos08','http://www.w3.org/2008/05/skos#',1319),
	('skosxl','http://www.w3.org/2008/05/skos-xl#',191),
	('sl','http://www.semanlink.net/2001/00/semanlink-schema#',531),
	('sm','http://topbraid.org/sparqlmotion#',442),
	('smf','http://topbraid.org/sparqlmotionfunctions#',348),
	('smg','http://ns.cerise-project.nl/energy/def/cim-smartgrid#',1344),
	('smiley','http://www.smileyontology.com/ns#',360),
	('sml','http://topbraid.org/sparqlmotionlib#',463),
	('smxm','http://smxm.ga/',1844),
	('snac','http://socialarchive.iath.virginia.edu/',1921),
	('snarm','http://rdf.myexperiment.org/ontologies/snarm/',1187),
	('so','http://purl.org/ontology/symbolic-music/',316),
	('soap','http://www.w3.org/2003/05/soap-envelope/',771),
	('soc','http://purl.org/net/hdlipcores/ontology/soc#',1231),
	('soch','http://kulturarvsdata.se/ksamsok#',1885),
	('soft','http://www.w3.org/2007/uwa/context/software.owl#',495),
	('solid','http://www.w3.org/ns/solid/terms#',1669),
	('sor','http://purl.org/net/soron/',1611),
	('sorg','http://schema.org/',1782),
	('sp','http://spinrdf.org/sp#',195),
	('space','http://purl.org/net/schemas/space/',206),
	('spacerel','http://data.ordnancesurvey.co.uk/ontology/spatialrelations/',10),
	('span','http://www.ifomis.org/bfo/1.1/span#',666),
	('sparql','http://ontologi.es/sparql#',329),
	('spatial','http://geovocab.org/spatial#',679),
	('spc','http://purl.org/ontomedia/core/space#',347),
	('spcm','http://spi-fm.uca.es/spdef/models/deployment/spcm/1.0#',1517),
	('spdx','http://spdx.org/rdf/terms#',1322),
	('spfood','http://kmi.open.ac.uk/projects/smartproducts/ontologies/food.owl#',1438),
	('spif','http://spinrdf.org/spif#',761),
	('spin','http://spinrdf.org/spin#',219),
	('spl','http://spinrdf.org/spl#',322),
	('sport','http://www.bbc.co.uk/ontologies/sport/',423),
	('spt','http://spitfire-project.eu/ontology/ns/',1168),
	('spv','http://completeness.inf.unibz.it/sp-vocab#',1832),
	('sql','http://ns.inria.fr/ast/sql#',820),
	('sr','http://www.openrdf.org/config/repository/sail#',115),
	('sro','http://salt.semanticauthoring.org/ontologies/sro#',1364),
	('sru','http://www.loc.gov/zing/srw/',1314),
	('srx','http://www.w3.org/2005/sparql-results#',1757),
	('ssn','http://purl.oclc.org/NET/ssnx/ssn#',193),
	('sso','http://nlp2rdf.lod2.eu/schema/sso/',964),
	('ssso','http://purl.org/ontology/ssso#',1144),
	('st','http://semweb.mmlab.be/ns/stoptimes#',1315),
	('stac','http://securitytoolbox.appspot.com/stac#',1063),
	('stanford','http://purl.org/olia/stanford.owl#',1349),
	('states','http://www.w3.org/2005/07/aaa#',432),
	('static','http://vocab-ld.org/vocab/static-ld#',1306),
	('stats','http://purl.org/rdfstats/stats#',1176),
	('status','http://ontologi.es/status#',556),
	('steel','http://ontorule-project.eu/resources/steel-30#',1043),
	('step','http://purl.org/net/step#',1673),
	('sto','https://w3id.org/i40/sto#',1941),
	('stories','http://purl.org/ontology/stories/',1459),
	('str','http://nlp2rdf.lod2.eu/schema/string/',930),
	('strdf','http://strdf.di.uoa.gr/ontology#',1042),
	('stream','http://dbpedia.org/ontology/Stream/',986),
	('string','http://www.w3.org/2000/10/swap/string#',448),
	('studiop','http://purl.org/resource/pilatesstudio/',1915),
	('sv','http://schemas.talis.com/2005/service/schema#',330),
	('svcs','http://rdfs.org/sioc/services#',1976),
	('sw','http://linkedwidgets.org/statisticalwidget/ontology/',1408),
	('swanag','http://purl.org/swan/1.2/agents/',518),
	('swanci','http://purl.org/swan/1.2/citations/',492),
	('swanco','http://purl.org/swan/1.2/swan-commons/',402),
	('swande','http://purl.org/swan/1.2/discourse-elements/',128),
	('swandr','http://purl.org/swan/1.2/discourse-relationships/',311),
	('swanpav','http://purl.org/swan/1.2/pav/',508),
	('swanq','http://purl.org/swan/1.2/qualifiers/',127),
	('swanqs','http://purl.org/swan/1.2/qualifiers/',357),
	('swc','http://data.semanticweb.org/ns/swc/ontology#',53),
	('swcomp','https://github.com/ali1k/ld-reactor/blob/master/vocabulary/index.ttl#',1676),
	('swh','http://plugin.org.uk/swh-plugins/',346),
	('swid','http://semanticweb.org/id/',205),
	('swivt','http://semantic-mediawiki.org/swivt/1.0#',296),
	('swp','http://www.w3.org/2004/03/trix/swp-2/',359),
	('swpatho','http://swpatho.ag-nbi.de/context/meta.owl#',1033),
	('swperson','http://data.semanticweb.org/person/',1087),
	('swpm','http://spi-fm.uca.es/spdef/models/deployment/swpm/1.0#',1472),
	('swpo','http://sw-portal.deri.org/ontologies/swportal#',1057),
	('swrc','http://swrc.ontoware.org/ontology#',39),
	('swrcfe','http://www.morelab.deusto.es/ontologies/swrcfe#',137),
	('swrl','http://www.w3.org/2003/11/swrl#',142),
	('swrlb','http://www.w3.org/2003/11/swrlb#',144),
	('sx','http://shex.io/ns/shex#',1855),
	('sysont','http://ns.ontowiki.net/SysOnt/',447),
	('system','http://www.univalle.edu.co/ontologies/System#',1829),
	('tac','http://ns.bergnet.org/tac/0.1/triple-access-control#',1396),
	('tadirah','http://tadirah.dariah.eu/vocab/',1574),
	('tag','http://www.holygoat.co.uk/owl/redwood/0.1/tags/',96),
	('tags','http://www.holygoat.co.uk/owl/redwood/0.1/tags/',369),
	('tao','http://vocab.deri.ie/tao#',1242),
	('tarot','http://data.totl.net/tarot/card/',569),
	('tarql','http://tarql.github.io/tarql#',1933),
	('tavprov','http://ns.taverna.org.uk/2012/tavernaprov/',1392),
	('taxo','http://purl.org/rss/1.0/modules/taxonomy/',249),
	('taxon','http://purl.org/biodiversity/taxon/',1365),
	('tblcard','http://www.w3.org/People/Berners-Lee/card#',993),
	('tcga','http://purl.org/tcga/core#',685),
	('td5','http://td5.org/#',1594),
	('tdb','http://jena.hpl.hp.com/2008/tdb#',370),
	('tddo','http://databugger.aksw.org/ns/core#',1214),
	('te','http://www.w3.org/2006/time-entry#',1054),
	('teach','http://linkedscience.org/teach/ns#',698),
	('teamwork','http://topbraid.org/teamwork#',1761),
	('tei','http://www.tei-c.org/ns/1.0/',747),
	('telix','http://purl.org/telix#',1046),
	('telmap','http://purl.org/telmap/',997),
	('test','http://test2.example.com/',174),
	('test2','http://this.invalid/test2#',73),
	('text','http://jena.apache.org/text#',1729),
	('tg','http://www.turnguard.com/turnguard#',1949),
	('tgm','http://id.loc.gov/vocabulary/graphicMaterials/',1789),
	('tgn','http://vocab.getty.edu/tgn/',461),
	('theatre','http://purl.org/theatre#',689),
	('theme','http://voc.odw.tw/theme/',1905),
	('thors','http://resource.geosciml.org/ontology/timescale/thors#',1325),
	('ti','http://www.ontologydesignpatterns.org/cp/owl/timeinterval.owl#',237),
	('time','http://www.w3.org/2006/time#',134),
	('timeline','http://purl.org/NET/c4dm/timeline.owl#',471),
	('tio','http://purl.org/tio/ns#',368),
	('tis','http://www.ontologydesignpatterns.org/cp/owl/timeindexedsituation.owl#',1177),
	('tisc','http://observedchange.com/tisc/ns#',1050),
	('tissue','http://www.univalle.edu.co/ontologies/Tissue#',1858),
	('tix','http://toptix.com/2010/esro/',1653),
	('tl','http://purl.org/NET/c4dm/timeline.owl#',51),
	('tm','http://def.seegrid.csiro.au/isotc211/iso19108/2002/temporal#',1316),
	('tmo','http://www.semanticdesktop.org/ontologies/2008/05/20/tmo#',248),
	('tmpl','http://purl.org/restdesc/http-template#',835),
	('toby','http://tobyinkster.co.uk/#',654),
	('topo','http://data.ign.fr/def/topo#',1424),
	('tosh','http://topbraid.org/tosh#',1959),
	('tp','http://tour-pedia.org/download/tp.owl#',1601),
	('tr','http://www.thomsonreuters.com/',713),
	('trackback','http://madskills.com/public/xml/rss/module/trackback/',411),
	('traffic','http://www.sensormeasurement.appspot.com/ont/transport/traffic#',1579),
	('trait','http://contextus.net/ontology/ontomedia/ext/common/trait#',1237),
	('transit','http://vocab.org/transit/terms/',781),
	('transmed','http://www.w3.org/2001/sw/hcls/ns/transmed/',863),
	('travel','http://www.co-ode.org/roberts/travel.owl#',1391),
	('trig','http://www.w3.org/2004/03/trix/rdfg-1/',1380),
	('tripfs','http://purl.org/tripfs/2010/02#',428),
	('tripfs2','http://purl.org/tripfs/2010/06#',864),
	('tsioc','http://rdfs.org/sioc/types#',1202),
	('tsn','http://purl.org/net/tsn#',1954),
	('tsnchange','http://purl.org/net/tsnchange#',1964),
	('ttl','http://www.w3.org/2008/turtle#',417),
	('ttla','https://w3id.org/ttla/',1900),
	('turismo','http://idi.fundacionctic.org/cruzar/turismo#',1169),
	('tvc','http://www.essepuntato.it/2012/04/tvc/',956),
	('tw','http://tw.rpi.edu/schema/',1233),
	('twaapi','http://purl.org/twc/vocab/aapi-schema#',1034),
	('tx','http://swtmp.gitlab.io/vocabulary/templates.owl#',1974),
	('txn','http://lod.taxonconcept.org/ontology/txn.owl#',524),
	('type','http://info.deepcarbon.net/schema/type#',141),
	('tzont','http://www.w3.org/2006/timezone#',89),
	('ub','http://www.lehigh.edu/~zhp2/2004/0401/univ-bench.owl#',611),
	('ubiq','http://server.ubiqore.com/ubiq/core#',1581),
	('uby','http://purl.org/olia/ubyCat.owl#',1683),
	('uco','http://purl.org/uco/ns#',675),
	('ufmedia','http://purl.org/microformat/hmedia/',656),
	('ui','http://www.w3.org/ns/ui#',484),
	('uis','http://uis.270a.info/dataset/',1309),
	('ulan','http://vocab.getty.edu/ulan/',483),
	('um','http://intelleo.eu/ontologies/user-model/ns/',1628),
	('umbel','http://umbel.org/umbel#',222),
	('umbelrc','http://umbel.org/umbel/rc/',408),
	('un','http://www.w3.org/2007/ont/unit#',853),
	('undata','http://citydata.wu.ac.at/Linked-UNData/data/',1935),
	('uneskos','http://purl.org/voc/uneskos#',1609),
	('uni','http://purl.org/weso/uni/uni.html#',649),
	('uniprot','http://purl.uniprot.org/core/',183),
	('unit','http://qudt.org/vocab/unit#',171),
	('units','http://eulersharp.sourceforge.net/2003/03swap/units#',724),
	('unspsc','http://ontoview.org/schema/unspsc/1#',1429),
	('uom','http://www.opengis.net/def/uom/OGC/1.0/',1772),
	('up','http://users.ugent.be/~tdenies/up/',1037),
	('uri','http://purl.org/NET/uri#',501),
	('uri4uri','http://uri4uri.net/vocab#',1384),
	('urn','http://fliqz.com/',458),
	('user','http://schemas.talis.com/2005/user/schema#',225),
	('usgov','http://www.rdfabout.com/rdf/schema/usgovt/',251),
	('uta','http://uptheasset.org/ontology#',1147),
	('va','http://code-research.eu/ontology/visual-analytics#',1253),
	('vacseen1','http://www.semanticweb.org/parthasb/ontologies/2014/6/vacseen1/',1613),
	('vaem','http://www.linkedmodel.org/schema/vaem#',918),
	('vag','http://www.essepuntato.it/2013/10/vagueness/',1571),
	('valueflows','https://w3id.org/valueflows/',1860),
	('vam','http://www.metmuseum.org/',1825),
	('vann','http://purl.org/vocab/vann/',46),
	('vapour','http://vapour.sourceforge.net/vocab.rdf#',1114),
	('vcard','http://www.w3.org/2006/vcard/ns#',40),
	('vcard2006','http://www.w3.org/2006/vcard/ns#',1131),
	('vcardx','http://buzzword.org.uk/rdf/vcardx#',1009),
	('vdpp','http://data.lirmm.fr/ontologies/vdpp#',1127),
	('ver','https://w3id.org/version/ontology#',1953),
	('verb','https://w3id.org/verb/',1526),
	('vext','http://ldf.fi/void-ext#',1311),
	('vf','https://w3id.org/valueflows/',1718),
	('vgo','http://purl.org/net/VideoGameOntology#',1263),
	('viaf','http://viaf.org/ontology/1.1/#',560),
	('video','http://purl.org/media/video#',354),
	('videogame','http://purl.org/net/vgo#',1282),
	('vidont','http://vidont.org/',1567),
	('vin','http://www.w3.org/TR/2003/PR-owl-guide-20031209/wine#',1229),
	('visit','http://purl.org/net/vocab/2004/07/visit#',722),
	('visko','http://trust.utep.edu/visko/ontology/visko-operator-v3.owl#',977),
	('viskoo','http://trust.utep.edu/visko/ontology/visko-operator-v3.owl#',1148),
	('viskov','http://trust.utep.edu/visko/ontology/visko-view-v3.owl#',1099),
	('viso','http://purl.org/viso/',1204),
	('vitro','http://vitro.mannlib.cornell.edu/ns/vitro/public#',558),
	('vivo','http://vivoweb.org/ontology/core#',770),
	('vmm','http://spi-fm.uca.es/spdef/models/genericTools/vmm/1.0#',1436),
	('voaf','http://purl.org/vocommons/voaf#',148),
	('voag','http://voag.linkedmodel.org/schema/voag#',652),
	('voc','http://voc.odw.tw/',1711),
	('vocab','http://rdf.ontology2.com/vocab#',931),
	('vocnet','http://schema.vocnet.org/',1656),
	('vogd','http://ogd.ifs.tuwien.ac.at/vienna/geo/',1907),
	('void','http://rdfs.org/ns/void#',25),
	('voidex','http://www.swi-prolog.org/rdf/library/',1822),
	('voidext','http://rdfs.org/ns/void-ext#',1398),
	('voidp','http://www.enakting.org/provenance/voidp/',1010),
	('voidwh','http://www.ics.forth.gr/isl/VoIDWarehouse/VoID_Extension_Schema.owl#',1461),
	('volt','http://volt-name.space/ontology/',1771),
	('vort','http://rockets.topbraid.solutions/vort/',1853),
	('vote','http://www.rdfabout.com/rdf/schema/vote/',303),
	('vplan','http://www.ifs.tuwien.ac.at/~miksa/ontologies/VPlan.owl#',1889),
	('vra','http://simile.mit.edu/2003/10/ontologies/vraCore3#',1296),
	('vrank','http://purl.org/voc/vrank#',974),
	('vs','http://www.w3.org/2003/06/sw-vocab-status/ns#',60),
	('vsearch','http://vocab.sti2.at/vsearch#',1928),
	('vso','http://purl.org/vso/ns#',617),
	('vsr','http://purl.org/twc/vocab/vsr#',540),
	('vsto','http://escience.rpi.edu/ontology/vsto/2/0/vsto.owl#',979),
	('vstoi','http://hadatac.org/ont/vstoi#',1593),
	('vsw','http://verticalsearchworks.com/ontology/',994),
	('vsws','http://verticalsearchworks.com/ontology/synset#',1066),
	('vvo','http://purl.org/vvo/ns#',1151),
	('w3con','http://www.w3.org/2000/10/swap/pim/contact#',1040),
	('w3p','http://prov4j.org/w3p/',621),
	('w3po','http://purl.org/provenance/w3p/w3po#',1047),
	('wab','http://wab.uib.no/cost-a32_philospace/wittgenstein.owl#',1886),
	('wai','http://purl.org/wai#',735),
	('wail','http://www.eyrie.org/~zednenem/2002/wail/',1867),
	('wairole','http://www.w3.org/2005/01/wai-rdf/GUIRoleTaxonomy#',481),
	('wao','http://webtlab.it.uc3m.es/2010/10/WebAppsOntology#',752),
	('wapp','http://ns.rww.io/wapp#',908),
	('water','http://escience.rpi.edu/ontology/semanteco/2/0/water.owl#',1044),
	('wb','http://data.worldbank.org/',1542),
	('wbc','http://worldbank.270a.info/classification/',850),
	('wbp','http://worldbank.270a.info/property/',1013),
	('wd','http://www.wikidata.org/entity/',259),
	('wde','http://www.wikidata.org/entity/',1819),
	('wdr','http://www.w3.org/2007/05/powder#',410),
	('wdrs','http://www.w3.org/2007/05/powder-s#',267),
	('wdt','http://www.wikidata.org/prop/direct/',1627),
	('wdv','http://www.wikidata.org/value/',1836),
	('web','http://www.w3.org/2007/uwa/context/web.owl#',363),
	('webac','http://fedora.info/definitions/v4/webac#',1893),
	('webbox','http://webbox.ecs.soton.ac.uk/ns#',1015),
	('webservice','http://www.openlinksw.com/ontology/webservices#',1640),
	('webtlab','http://webtlab.it.uc3m.es/',604),
	('wf','http://www.w3.org/2005/01/wf/flow#',810),
	('wf4ever','http://purl.org/wf4ever/wf4ever#',1077),
	('wfdesc','http://purl.org/wf4ever/wfdesc#',733),
	('wfm','http://purl.org/net/wf-motifs#',861),
	('wfn','http://webofcode.org/wfn/',1289),
	('wfprov','http://purl.org/wf4ever/wfprov#',740),
	('wfs','http://schemas.opengis.net/wfs/',571),
	('wgs','http://www.w3.org/2003/01/geo/wgs84_pos#',431),
	('wgs84','http://www.w3.org/2003/01/geo/wgs84_pos#',341),
	('wgspos','http://www.w3.org/2003/01/geo/wgs84_pos#',628),
	('whisky','http://vocab.org/whisky/terms/',1399),
	('who','http://www.who.int/vocab/ontology#',1125),
	('whois','http://www.kanzaki.com/ns/whois#',210),
	('wi','http://purl.org/ontology/wi/core#',989),
	('wiki','http://en.wikipedia.org/wiki/',966),
	('wikibase','http://wikiba.se/ontology#',1658),
	('wikidata','http://www.wikidata.org/entity/',960),
	('wikim','http://spi-fm.uca.es/spdef/models/genericTools/wikim/1.0#',1324),
	('wikimedia','http://upload.wikimedia.org/wikipedia/commons/f/f6/',1434),
	('wikipedia','http://wikipedia.no/rdf/',736),
	('wikterms','http://wiktionary.dbpedia.org/terms/',1041),
	('wimpo','http://rdfex.org/withImports?uri=',1737),
	('wisski','http://wiss-ki.eu/',522),
	('wkd','http://schema.wolterskluwer.de/',949),
	('wl','http://www.wsmo.org/ns/wsmo-lite#',1004),
	('wlo','http://purl.org/ontology/wo/',1112),
	('wlp','http://weblab-project.org/core/model/property/processing/',592),
	('wm','http://ns.inria.fr/webmarks#',790),
	('wn','http://xmlns.com/wordnet/1.6/',166),
	('wn20','http://www.w3.org/2006/03/wn/wn20/',1095),
	('wn20schema','http://www.w3.org/2006/03/wn/wn20/schema/',167),
	('wn30','http://purl.org/vocabularies/princeton/wn30/',1427),
	('wn31','http://wordnet-rdf.princeton.edu/wn31/',1440),
	('wno','http://wordnet-rdf.princeton.edu/ontology#',1302),
	('wnschema','http://www.cogsci.princeton.edu/~wn/schema/',435),
	('wo','http://purl.org/ontology/wo/',209),
	('won','http://purl.org/webofneeds/model#',1055),
	('wordmap','http://purl.org/net/ns/wordmap#',312),
	('wordnet','http://purl.org/vocabularies/princeton/wordnet/schema#',599),
	('worldbank','http://worldbank.270a.info/dataset/',937),
	('wot','http://xmlns.com/wot/0.1/',59),
	('wp','http://vocabularies.wikipathways.org/wp#',856),
	('wro','http://purl.org/net/wf4ever/ro#',1403),
	('ws','http://www.w3.org/ns/pim/space#',1846),
	('wsc','http://www.openk.org/wscaim.owl#',952),
	('wscaim','http://www.openk.org/wscaim.owl#',849),
	('wsdl','http://www.w3.org/ns/wsdl-rdf#',1811),
	('wsl','http://www.wsmo.org/ns/wsmo-lite#',1018),
	('wv','http://vocab.org/waiver/terms/',309),
	('xapi','http://purl.org/xapi/ontology#',1441),
	('xbrli','http://www.xbrl.org/2003/instance#',536),
	('xch','http://oanda2rdf.appspot.com/xch/',796),
	('xcql','http://docs.oasis-open.org/ns/search-ws/xcql#',1521),
	('xds','http://www.w3.org/2001/XMLSchema#',653),
	('xen','http://buzzword.org.uk/rdf/xen#',339),
	('xesam','http://freedesktop.org/standards/xesam/1.0/core#',514),
	('xf','http://www.w3.org/2002/xforms/',124),
	('xfn','http://gmpg.org/xfn/11#',109),
	('xfnv','http://vocab.sindice.com/xfn#',612),
	('xforms','http://www.w3.org/2002/xforms/',396),
	('xhe','http://buzzword.org.uk/rdf/xhtml-elements#',336),
	('xhtml','http://www.w3.org/1999/xhtml#',61),
	('xhtmlvocab','http://www.w3.org/1999/xhtml/vocab/',464),
	('xhv','http://www.w3.org/1999/xhtml/vocab#',77),
	('xkos','http://rdf-vocabulary.ddialliance.org/xkos#',637),
	('xl','http://langegger.at/xlwrap/vocab#',374),
	('xlime','http://xlime-project.org/vocab/',1451),
	('xlink','http://www.w3.org/1999/xlink/',886),
	('xml','http://www.w3.org/XML/1998/namespace/',925),
	('xmls','http://www.w3.org/2001/XMLSchema#',929),
	('xmp','http://ns.adobe.com/xap/1.0/',50),
	('xrd','http://docs.oasis-open.org/ns/xri/xrd-1.0#',1545),
	('xro','http://purl.org/xro/ns#',301),
	('xs','http://www.w3.org/2001/XMLSchema#',116),
	('xsd','http://www.w3.org/2001/XMLSchema#',14),
	('xsi','http://www.w3.org/2001/XMLSchema-instance#',755),
	('xsl','http://www.w3.org/1999/XSL/Transform#',613),
	('xslopm','http://purl.org/net/opmv/types/xslt#',1406),
	('xt','http://purl.org/twc/vocab/cross-topix#',894),
	('xtypes','http://purl.org/xtypes/',19),
	('ya','http://blogs.yandex.ru/schema/foaf/',227),
	('yago','http://yago-knowledge.org/resource/',3),
	('yd','https://yodata.io/',1766),
	('year','http://www.w3.org/year/',1861),
	('yo','http://yovisto.com/',1508),
	('yoda','http://purl.org/NET/yoda#',525),
	('yso','http://www.yso.fi/onto/yso/',1890),
	('zbwext','http://zbw.eu/namespaces/zbw-extensions/',616),
	('zem','http://s.zemanta.com/ns#',640),
	('zoology','http://purl.org/NET/biol/zoology#',188),
	('zoomaterms','http://rdf.ebi.ac.uk/vocabulary/zooma/',901),
	('zr','http://explain.z3950.org/dtd/2.0/',1404);


INSERT INTO `reg_schema` (`id`, `agent_id`, `created_at`, `updated_at`, `deleted_at`, `created_user_id`, `updated_user_id`, `deleted_user_id`, `child_updated_at`, `child_updated_user_id`, `name`, `note`, `uri`, `url`, `base_domain`, `token`, `community`, `last_uri_id`, `status_id`, `language`, `profile_id`, `ns_type`, `prefixes`, `languages`, `repo`, `prefix`) VALUES 
	(83,177,'2014-01-13 10:17:24','2017-05-11 13:01:42',NULL,422,422,NULL,NULL,NULL,'RDA Classes','Classes derived from RDA entities based on FRBR and FRAD entities.','http://rdaregistry.info/Elements/c/','http://www.rdaregistry.info/Elements/c/','http://rdaregistry.info/','rdac','',100000,1,'en',1,'slash','a:1:{s:4:"rdac";s:35:"http://rdaregistry.info/Elements/c/";}','a:21:{i:0;s:2:"ar";i:1;s:2:"ca";i:2;s:2:"zh";i:3;s:2:"da";i:4;s:2:"nl";i:5;s:2:"en";i:6;s:2:"fi";i:7;s:2:"fr";i:8;s:2:"de";i:9;s:2:"el";i:10;s:2:"he";i:11;s:2:"hu";i:12;s:2:"it";i:13;s:2:"no";i:14;s:2:"pl";i:15;s:2:"pt";i:16;s:2:"sk";i:17;s:2:"es";i:18;s:2:"sv";i:19;s:2:"uk";i:20;s:2:"vi";}','RDA-Vocabularies','rdac'),
	(84,179,'2017-05-13 15:30:29','2017-05-13 15:30:29',NULL,86,87,88,NULL,NULL,'Cathy Price','Voluptate nostrum qui fuga culpa. Error exercitationem architecto iusto assumenda. Harum minus qui vitae itaque quis exercitationem. Deleniti dolorem et a fugit odio.','magnam','http://www.konopelski.biz/at-magnam-velit-deserunt-consectetur-ipsam-ea','et','ducimus','natus',30194423,6,'sunt',1,'repudi','s:148:"Tenetur aut porro iste ea. Minima in sed id ad. Et ea dolores consequatur voluptatem non dolor. Voluptas non deserunt non consectetur soluta itaque.";','s:107:"Soluta asperiores aut facilis omnis. Deserunt cum quas maxime et. Eos dolorum perferendis dolores expedita.";','nam','magnam'),
	(85,181,'2017-05-13 15:30:29','2017-05-13 15:30:29',NULL,93,94,95,NULL,NULL,'Beaulah Bergstrom','Perspiciatis iure earum assumenda facere omnis tenetur. Sequi quas reprehenderit dignissimos vel voluptatem dolorem. Totam quia autem est id.','hic','https://greenfelder.com/est-voluptatem-et-eaque-ipsam.html','nam','mollitia','voluptatem',944759,2,'quis',1,'id','s:116:"Est beatae earum accusamus quod non. Sed error ipsa et quos placeat. Doloribus qui accusantium sit nulla temporibus.";','s:191:"Reprehenderit ullam ut est aut porro fugit et veniam. Possimus eaque magni sed tenetur illo nemo eveniet sint. Harum earum facilis et laboriosam harum. Qui hic est voluptatem ipsam voluptate.";','sunt','ad');




INSERT INTO `reg_schema_property` (`id`, `created_at`, `updated_at`, `deleted_at`, `created_user_id`, `updated_user_id`, `schema_id`, `name`, `label`, `definition`, `comment`, `type`, `is_subproperty_of`, `parent_uri`, `uri`, `status_id`, `language`, `note`, `domain`, `orange`, `is_deprecated`, `url`, `lexical_alias`, `hash_id`) VALUES 
	(14328,'2014-01-19 03:43:38','2016-12-16 13:58:42',NULL,422,422,83,'Work','work','A distinct intellectual or artistic creation, that is, the intellectual or artistic content.','','class',25154,'http://rdaregistry.info/Elements/c/C10013','http://rdaregistry.info/Elements/c/C10001',1,'en','','','',NULL,NULL,'http://rdaregistry.info/Elements/c/Work.en',''),
	(14329,'2014-01-19 03:43:38','2016-12-16 13:59:04',NULL,422,422,83,'Agent','agent','A person, family, or corporate body.','','class',25154,'http://rdaregistry.info/Elements/c/C10013','http://rdaregistry.info/Elements/c/C10002',1,'en','','','',NULL,NULL,'http://rdaregistry.info/Elements/c/Agent.en',''),
	(14330,'2014-01-19 03:43:38','2016-12-16 13:55:21',NULL,422,422,83,'Item','item','A single exemplar or instance of a manifestation.',NULL,'class',25154,'http://rdaregistry.info/Elements/c/C10013','http://rdaregistry.info/Elements/c/C10003',1,'en',NULL,NULL,NULL,NULL,NULL,'http://rdaregistry.info/Elements/c/Item.en',''),
	(14331,'2014-01-19 03:43:38','2016-12-16 13:55:20',NULL,422,422,83,'Person','person','An individual or an identity established by an individual, either alone or in collaboration with one or more other individuals.',NULL,'class',14329,'http://rdaregistry.info/Elements/c/C10002','http://rdaregistry.info/Elements/c/C10004',1,'en',NULL,NULL,NULL,NULL,NULL,'http://rdaregistry.info/Elements/c/Person.en',''),
	(14332,'2014-01-19 03:43:38','2016-12-16 13:55:21',NULL,422,422,83,'CorporateBody','corporate body','An organization or group of persons and/or organizations that is identified by a particular name and that acts, or may act, as a unit.',NULL,'class',25152,'http://rdaregistry.info/Elements/c/C10011','http://rdaregistry.info/Elements/c/C10005',1,'en',NULL,NULL,NULL,NULL,NULL,'http://rdaregistry.info/Elements/c/CorporateBody.en',''),
	(14333,'2014-01-19 03:43:38','2016-12-16 13:55:21',NULL,422,422,83,'Expression','expression','An intellectual or artistic realization of a work in the form of alpha-numeric, musical or choreographic notation, sound, image, object, movement, etc., or any combination of such forms.',NULL,'class',25154,'http://rdaregistry.info/Elements/c/C10013','http://rdaregistry.info/Elements/c/C10006',1,'en',NULL,NULL,NULL,NULL,NULL,'http://rdaregistry.info/Elements/c/Expression.en',''),
	(14334,'2014-01-19 03:43:38','2016-12-16 13:55:21',NULL,422,422,83,'Manifestation','manifestation','A physical embodiment of an expression of a work.',NULL,'class',25154,'http://rdaregistry.info/Elements/c/C10013','http://rdaregistry.info/Elements/c/C10007',1,'en',NULL,NULL,NULL,NULL,NULL,'http://rdaregistry.info/Elements/c/Manifestation.en',''),
	(14335,'2014-01-19 03:43:38','2016-12-16 13:55:21',NULL,422,422,83,'Family','family','Two or more persons related by birth, marriage, adoption, civil union, or similar legal status, or who otherwise present themselves as a family.',NULL,'class',25152,'http://rdaregistry.info/Elements/c/C10011','http://rdaregistry.info/Elements/c/C10008',1,'en',NULL,NULL,NULL,NULL,NULL,'http://rdaregistry.info/Elements/c/Family.en',''),
	(22989,'2016-07-11 21:38:17','2016-12-16 13:55:21',NULL,422,422,83,'Place','place','A given extent of space.',NULL,'class',25154,'http://rdaregistry.info/Elements/c/C10013','http://rdaregistry.info/Elements/c/C10009',1,'en',NULL,NULL,NULL,NULL,NULL,'http://rdaregistry.info/Elements/c/Place.en',''),
	(25151,'2016-12-16 13:55:21','2016-12-16 14:00:15',NULL,422,422,83,'Timespan','time-span','A temporal extent having a beginning, an end and a duration.','','class',25154,'http://rdaregistry.info/Elements/c/C10013','http://rdaregistry.info/Elements/c/C10010',1,'en','','','',NULL,NULL,'http://rdaregistry.info/Elements/c/Timespan.en',''),
	(25152,'2016-12-16 13:55:21','2016-12-16 13:57:48',NULL,422,422,83,'CollectiveAgent','collective agent','A gathering or organization of persons bearing a particular name and capable of acting as a unit.','','class',25154,'http://rdaregistry.info/Elements/c/C10013','http://rdaregistry.info/Elements/c/C10011',1,'en','A collective agent includes a corporate body and a family.','','',NULL,NULL,'http://rdaregistry.info/Elements/c/CollectiveAgent.en',''),
	(25153,'2016-12-16 13:55:21','2016-12-16 14:00:42',NULL,422,422,83,'Nomen','nomen','A designation that refers to an RDA entity.','','class',25154,'http://rdaregistry.info/Elements/c/C10013','http://rdaregistry.info/Elements/c/C10012',1,'en','A designation includes a name, title, access point, identifier, and subject classification codes and headings.','','',NULL,NULL,'http://rdaregistry.info/Elements/c/Nomen.en',''),
	(25154,'2016-12-16 13:55:21','2017-02-10 11:55:04',NULL,422,422,83,'RDAEntity','RDA entity','An abstract class of key conceptual objects in the universe of human discourse that is a focus of interest to users of RDA metadata in library information systems.','','class',25173,'','http://rdaregistry.info/Elements/c/C10013',1,'en','An RDA entity includes an agent, collective agent, corporate body, expression, family, item, manifestation, nomen, person, place, time-span, and work.','','',NULL,NULL,'http://rdaregistry.info/Elements/c/RDAEntity.en','');


INSERT INTO `reg_schema_property_element` (`id`, `created_at`, `updated_at`, `deleted_at`, `created_user_id`, `updated_user_id`, `deleted_user_id`, `schema_property_id`, `profile_property_id`, `is_schema_property`, `object`, `related_schema_property_id`, `language`, `status_id`, `is_generated`) VALUES 
	(107697,'2014-01-19 03:43:38','2016-12-16 11:12:17','2016-12-16 11:12:17',422,422,NULL,14328,1,1,'Work',NULL,'en',1,0),
	(107698,'2014-01-19 03:43:38','2016-08-29 08:59:09',NULL,422,422,NULL,14328,2,1,'work',NULL,'en',1,0),
	(107699,'2014-01-19 03:43:38','2016-07-11 21:38:17',NULL,422,422,NULL,14328,3,1,'A distinct intellectual or artistic creation, that is, the intellectual or artistic content.',NULL,'en',1,0),
	(107700,'2014-01-19 03:43:38','2014-01-18 22:43:38',NULL,422,422,NULL,14328,4,1,'class',NULL,'',1,0),
	(107701,'2014-01-19 03:43:38','2014-01-18 22:43:38',NULL,422,422,NULL,14328,13,1,'http://rdaregistry.info/Elements/c/C10001',14328,'',1,0),
	(107702,'2014-01-19 03:43:38','2016-12-16 13:58:42',NULL,422,422,NULL,14328,14,1,'1',NULL,'',1,0),
	(107703,'2014-01-19 03:43:38','2015-06-20 19:37:45','2015-06-20 19:37:45',422,422,NULL,14328,16,NULL,'http://rdaregistry.info/Elements/c/Work',14328,'',1,0),
	(107704,'2014-01-19 03:43:38','2014-01-18 22:43:38',NULL,422,422,NULL,14329,1,1,'Agent',NULL,'en',1,0),
	(107705,'2014-01-19 03:43:38','2016-08-29 08:59:09',NULL,422,422,NULL,14329,2,1,'agent',NULL,'en',1,0),
	(107706,'2014-01-19 03:43:38','2014-01-18 22:43:38',NULL,422,422,NULL,14329,3,1,'A person, family, or corporate body.',NULL,'en',1,0),
	(107707,'2014-01-19 03:43:38','2014-01-18 22:43:38',NULL,422,422,NULL,14329,4,1,'class',NULL,'',1,0),
	(107708,'2014-01-19 03:43:38','2014-01-18 22:43:38',NULL,422,422,NULL,14329,13,1,'http://rdaregistry.info/Elements/c/C10002',14329,'',1,0),
	(107709,'2014-01-19 03:43:38','2016-12-16 13:59:04',NULL,422,422,NULL,14329,14,1,'1',NULL,'',1,0),
	(107710,'2014-01-19 03:43:38','2015-06-20 19:37:45','2015-06-20 19:37:45',422,422,NULL,14329,16,NULL,'http://rdaregistry.info/Elements/c/Agent',14329,'',1,0),
	(107711,'2014-01-19 03:43:38','2016-12-16 11:12:17','2016-12-16 11:12:17',422,422,NULL,14330,1,1,'Item',NULL,'en',1,0),
	(107712,'2014-01-19 03:43:38','2016-08-29 08:59:09',NULL,422,422,NULL,14330,2,1,'item',NULL,'en',1,0),
	(107713,'2014-01-19 03:43:38','2014-01-18 22:43:38',NULL,422,422,NULL,14330,3,1,'A single exemplar or instance of a manifestation.',NULL,'en',1,0),
	(107714,'2014-01-19 03:43:38','2014-01-18 22:43:38',NULL,422,422,NULL,14330,4,1,'class',NULL,'',1,0),
	(107715,'2014-01-19 03:43:38','2014-01-18 22:43:38',NULL,422,422,NULL,14330,13,1,'http://rdaregistry.info/Elements/c/C10003',14330,'',1,0),
	(107716,'2014-01-19 03:43:38','2014-01-18 22:43:38',NULL,422,422,NULL,14330,14,1,'1',NULL,'',1,0),
	(107717,'2014-01-19 03:43:38','2015-06-20 19:37:45','2015-06-20 19:37:45',422,422,NULL,14330,16,NULL,'http://rdaregistry.info/Elements/c/Item',14330,'',1,0),
	(107718,'2014-01-19 03:43:38','2016-12-16 11:12:17','2016-12-16 11:12:17',422,422,NULL,14331,1,1,'Person',NULL,'en',1,0),
	(107719,'2014-01-19 03:43:38','2016-08-29 08:59:09',NULL,422,422,NULL,14331,2,1,'person',NULL,'en',1,0),
	(107720,'2014-01-19 03:43:38','2016-07-11 21:38:17',NULL,422,422,NULL,14331,3,1,'An individual or an identity established by an individual, either alone or in collaboration with one or more other individuals.',NULL,'en',1,0),
	(107721,'2014-01-19 03:43:38','2014-01-18 22:43:38',NULL,422,422,NULL,14331,4,1,'class',NULL,'',1,0),
	(107722,'2014-01-19 03:43:38','2014-01-18 22:43:38',NULL,422,422,NULL,14331,13,1,'http://rdaregistry.info/Elements/c/C10004',14331,'',1,0),
	(107723,'2014-01-19 03:43:38','2014-01-18 22:43:38',NULL,422,422,NULL,14331,14,1,'1',NULL,'',1,0),
	(107724,'2014-01-19 03:43:38','2014-01-18 22:51:02',NULL,422,422,NULL,14331,9,1,'http://rdaregistry.info/Elements/c/C10002',14329,'',1,0),
	(107725,'2014-01-19 03:43:38','2015-06-20 19:37:45','2015-06-20 19:37:45',422,422,NULL,14331,16,NULL,'http://rdaregistry.info/Elements/c/Person',14331,'',1,0),
	(107726,'2014-01-19 03:43:38','2016-12-16 11:12:17','2016-12-16 11:12:17',422,422,NULL,14332,1,1,'CorporateBody',NULL,'en',1,0),
	(107727,'2014-01-19 03:43:38','2016-08-29 08:59:09',NULL,422,422,NULL,14332,2,1,'corporate body',NULL,'en',1,0),
	(107728,'2014-01-19 03:43:38','2014-01-18 22:43:38',NULL,422,422,NULL,14332,3,1,'An organization or group of persons and/or organizations that is identified by a particular name and that acts, or may act, as a unit.',NULL,'en',1,0),
	(107729,'2014-01-19 03:43:38','2014-01-18 22:43:38',NULL,422,422,NULL,14332,4,1,'class',NULL,'',1,0),
	(107730,'2014-01-19 03:43:38','2014-01-18 22:43:38',NULL,422,422,NULL,14332,13,1,'http://rdaregistry.info/Elements/c/C10005',14332,'',1,0),
	(107731,'2014-01-19 03:43:38','2014-01-18 22:43:38',NULL,422,422,NULL,14332,14,1,'1',NULL,'',1,0),
	(107732,'2014-01-19 03:43:38','2016-12-16 13:55:21',NULL,422,422,NULL,14332,9,1,'http://rdaregistry.info/Elements/c/C10011',25152,'',1,0),
	(107733,'2014-01-19 03:43:38','2015-06-20 19:37:45','2015-06-20 19:37:45',422,422,NULL,14332,16,NULL,'http://rdaregistry.info/Elements/c/CorporateBody',14332,'',1,0),
	(107734,'2014-01-19 03:43:38','2016-12-16 11:12:17','2016-12-16 11:12:17',422,422,NULL,14333,1,1,'Expression',NULL,'en',1,0),
	(107735,'2014-01-19 03:43:38','2016-08-29 08:59:09',NULL,422,422,NULL,14333,2,1,'expression',NULL,'en',1,0),
	(107736,'2014-01-19 03:43:38','2016-07-11 21:38:17',NULL,422,422,NULL,14333,3,1,'An intellectual or artistic realization of a work in the form of alpha-numeric, musical or choreographic notation, sound, image, object, movement, etc., or any combination of such forms.',NULL,'en',1,0),
	(107737,'2014-01-19 03:43:38','2014-01-18 22:43:38',NULL,422,422,NULL,14333,4,1,'class',NULL,'',1,0),
	(107738,'2014-01-19 03:43:38','2014-01-18 22:43:38',NULL,422,422,NULL,14333,13,1,'http://rdaregistry.info/Elements/c/C10006',14333,'',1,0),
	(107739,'2014-01-19 03:43:38','2014-01-18 22:43:38',NULL,422,422,NULL,14333,14,1,'1',NULL,'',1,0),
	(107740,'2014-01-19 03:43:38','2015-06-20 19:37:46','2015-06-20 19:37:46',422,422,NULL,14333,16,NULL,'http://rdaregistry.info/Elements/c/Expression',14333,'',1,0),
	(107741,'2014-01-19 03:43:38','2016-12-16 11:12:17','2016-12-16 11:12:17',422,422,NULL,14334,1,1,'Manifestation',NULL,'en',1,0),
	(107742,'2014-01-19 03:43:38','2016-08-29 08:59:10',NULL,422,422,NULL,14334,2,1,'manifestation',NULL,'en',1,0),
	(107743,'2014-01-19 03:43:38','2016-07-11 21:38:17',NULL,422,422,NULL,14334,3,1,'A physical embodiment of an expression of a work.',NULL,'en',1,0),
	(107744,'2014-01-19 03:43:38','2014-01-18 22:43:38',NULL,422,422,NULL,14334,4,1,'class',NULL,'',1,0),
	(107745,'2014-01-19 03:43:38','2014-01-18 22:43:38',NULL,422,422,NULL,14334,13,1,'http://rdaregistry.info/Elements/c/C10007',14334,'',1,0),
	(107746,'2014-01-19 03:43:38','2014-01-18 22:43:38',NULL,422,422,NULL,14334,14,1,'1',NULL,'',1,0),
	(107747,'2014-01-19 03:43:38','2015-06-20 19:37:46','2015-06-20 19:37:46',422,422,NULL,14334,16,NULL,'http://rdaregistry.info/Elements/c/Manifestation',14334,'',1,0),
	(107748,'2014-01-19 03:43:38','2014-01-18 22:43:38',NULL,422,422,NULL,14335,1,1,'Family',NULL,'en',1,0),
	(107749,'2014-01-19 03:43:38','2016-08-29 08:59:10',NULL,422,422,NULL,14335,2,1,'family',NULL,'en',1,0),
	(107750,'2014-01-19 03:43:38','2014-01-18 22:43:38',NULL,422,422,NULL,14335,3,1,'Two or more persons related by birth, marriage, adoption, civil union, or similar legal status, or who otherwise present themselves as a family.',NULL,'en',1,0),
	(107751,'2014-01-19 03:43:38','2014-01-18 22:43:38',NULL,422,422,NULL,14335,4,1,'class',NULL,'',1,0),
	(107752,'2014-01-19 03:43:38','2014-01-18 22:43:38',NULL,422,422,NULL,14335,13,1,'http://rdaregistry.info/Elements/c/C10008',14335,'',1,0),
	(107753,'2014-01-19 03:43:38','2014-01-18 22:43:38',NULL,422,422,NULL,14335,14,1,'1',NULL,'',1,0),
	(107754,'2014-01-19 03:43:38','2016-12-16 13:55:21',NULL,422,422,NULL,14335,9,1,'http://rdaregistry.info/Elements/c/C10011',25152,'',1,0),
	(107755,'2014-01-19 03:43:38','2015-06-20 19:37:46','2015-06-20 19:37:46',422,422,NULL,14335,16,NULL,'http://rdaregistry.info/Elements/c/Family',14335,'',1,0),
	(119923,'2014-01-19 03:51:02','2014-01-18 22:51:02',NULL,422,422,NULL,14329,10,NULL,'http://rdaregistry.info/Elements/c/C10004',14331,'',1,1),
	(119924,'2014-01-19 03:51:02','2014-01-18 22:51:02',NULL,422,422,NULL,14329,10,NULL,'http://rdaregistry.info/Elements/c/C10005',14332,'',1,1),
	(119925,'2014-01-19 03:51:02','2014-01-18 22:51:02',NULL,422,422,NULL,14329,10,NULL,'http://rdaregistry.info/Elements/c/C10008',14335,'',1,1),
	(128168,'2015-06-20 19:37:45','2015-06-20 19:37:45',NULL,422,422,NULL,14328,27,1,'http://rdaregistry.info/Elements/c/Work.en',14328,'en',1,0),
	(128169,'2015-06-20 19:37:45','2015-06-20 19:37:45',NULL,422,422,NULL,14329,27,1,'http://rdaregistry.info/Elements/c/Agent.en',14329,'en',1,0),
	(128170,'2015-06-20 19:37:45','2015-06-20 19:37:45',NULL,422,422,NULL,14330,27,1,'http://rdaregistry.info/Elements/c/Item.en',14330,'en',1,0),
	(128171,'2015-06-20 19:37:45','2015-06-20 19:37:45',NULL,422,422,NULL,14331,27,1,'http://rdaregistry.info/Elements/c/Person.en',14331,'en',1,0),
	(128172,'2015-06-20 19:37:46','2015-06-20 19:37:46',NULL,422,422,NULL,14332,27,1,'http://rdaregistry.info/Elements/c/CorporateBody.en',14332,'en',1,0),
	(128173,'2015-06-20 19:37:46','2015-06-20 19:37:46',NULL,422,422,NULL,14333,27,1,'http://rdaregistry.info/Elements/c/Expression.en',14333,'en',1,0),
	(128174,'2015-06-20 19:37:46','2015-06-20 19:37:46',NULL,422,422,NULL,14334,27,1,'http://rdaregistry.info/Elements/c/Manifestation.en',14334,'en',1,0),
	(128175,'2015-06-20 19:37:46','2015-06-20 19:37:46',NULL,422,422,NULL,14335,27,1,'http://rdaregistry.info/Elements/c/Family.en',14335,'en',1,0),
	(139429,'2015-12-06 17:35:20','2016-07-11 21:38:17',NULL,422,422,NULL,14328,32,NULL,'work',NULL,'en',1,0),
	(139430,'2015-12-06 17:35:20','2016-07-11 21:38:17',NULL,422,422,NULL,14328,33,NULL,'A distinct intellectual or artistic creation, that is, the intellectual or artistic content.',NULL,'en',1,0),
	(139431,'2015-12-06 17:35:20','2016-07-11 21:38:17',NULL,422,422,NULL,14329,32,NULL,'agent',NULL,'en',1,0),
	(139432,'2015-12-06 17:35:20','2015-12-06 17:35:20',NULL,422,422,NULL,14329,33,NULL,'A person, family, or corporate body.',NULL,'en',1,0),
	(139433,'2015-12-06 17:35:20','2016-07-11 21:38:17',NULL,422,422,NULL,14330,32,NULL,'item',NULL,'en',1,0),
	(139434,'2015-12-06 17:35:20','2015-12-06 17:35:20',NULL,422,422,NULL,14330,33,NULL,'A single exemplar or instance of a manifestation.',NULL,'en',1,0),
	(139435,'2015-12-06 17:35:20','2016-07-11 21:38:17',NULL,422,422,NULL,14331,32,NULL,'person',NULL,'en',1,0),
	(139436,'2015-12-06 17:35:20','2016-07-28 09:47:16',NULL,422,422,NULL,14331,33,NULL,'An individual or an identity established by an individual, either alone or in collaboration with one or more other individuals.',NULL,'en',1,0),
	(139437,'2015-12-06 17:35:20','2016-07-11 21:38:17',NULL,422,422,NULL,14332,32,NULL,'corporate body',NULL,'en',1,0),
	(139438,'2015-12-06 17:35:20','2015-12-06 17:35:20',NULL,422,422,NULL,14332,33,NULL,'An organization or group of persons and/or organizations that is identified by a particular name and that acts, or may act, as a unit.',NULL,'en',1,0),
	(139439,'2015-12-06 17:35:20','2016-07-11 21:38:17',NULL,422,422,NULL,14333,32,NULL,'expression',NULL,'en',1,0),
	(139440,'2015-12-06 17:35:20','2016-07-11 21:38:17',NULL,422,422,NULL,14333,33,NULL,'An intellectual or artistic realization of a work in the form of alpha-numeric, musical or choreographic notation, sound, image, object, movement, etc., or any combination of such forms.',NULL,'en',1,0),
	(139441,'2015-12-06 17:35:20','2016-07-11 21:38:17',NULL,422,422,NULL,14334,32,NULL,'manifestation',NULL,'en',1,0),
	(139442,'2015-12-06 17:35:20','2016-07-11 21:38:17',NULL,422,422,NULL,14334,33,NULL,'A physical embodiment of an expression of a work.',NULL,'en',1,0),
	(139443,'2015-12-06 17:35:20','2016-07-11 21:38:17',NULL,422,422,NULL,14335,32,NULL,'family',NULL,'en',1,0),
	(139444,'2015-12-06 17:35:20','2015-12-06 17:35:20',NULL,422,422,NULL,14335,33,NULL,'Two or more persons related by birth, marriage, adoption, civil union, or similar legal status, or who otherwise present themselves as a family.',NULL,'en',1,0),
	(180568,'2016-02-17 10:14:07','2016-02-17 10:14:07',NULL,422,422,NULL,14328,2,NULL,'uvre',NULL,'fr',1,0),
	(180569,'2016-02-17 10:14:07','2016-07-28 09:56:35',NULL,422,422,NULL,14328,3,NULL,'Cration intellectuelle ou artistique dtermine, cest--dire le contenu intellectuel ou artistique.',NULL,'fr',1,0),
	(180570,'2016-02-17 10:14:07','2016-02-17 10:14:07',NULL,422,422,NULL,14328,32,NULL,'uvre',NULL,'fr',1,0),
	(180571,'2016-02-17 10:14:07','2016-07-28 09:56:35',NULL,422,422,NULL,14328,33,NULL,'Cration intellectuelle ou artistique dtermine, cest--dire le contenu intellectuel ou artistique.',NULL,'fr',1,0),
	(180572,'2016-02-17 10:14:07','2016-02-17 10:14:07',NULL,422,422,NULL,14329,2,NULL,'Agent',NULL,'fr',1,0),
	(180573,'2016-02-17 10:14:07','2016-02-17 10:14:07',NULL,422,422,NULL,14329,3,NULL,'Personne, famille ou collectivit.',NULL,'fr',1,0),
	(180574,'2016-02-17 10:14:07','2016-02-17 10:14:07',NULL,422,422,NULL,14329,32,NULL,'Agent',NULL,'fr',1,0),
	(180575,'2016-02-17 10:14:07','2016-02-17 10:14:07',NULL,422,422,NULL,14329,33,NULL,'Personne, famille ou collectivit.',NULL,'fr',1,0),
	(180576,'2016-02-17 10:14:07','2016-02-17 10:14:07',NULL,422,422,NULL,14330,2,NULL,'Item',NULL,'fr',1,0),
	(180577,'2016-02-17 10:14:07','2016-02-17 10:14:07',NULL,422,422,NULL,14330,3,NULL,'Exemplaire isol ou occurrence dune manifestation.',NULL,'fr',1,0),
	(180578,'2016-02-17 10:14:07','2016-02-17 10:14:07',NULL,422,422,NULL,14330,32,NULL,'Item',NULL,'fr',1,0),
	(180579,'2016-02-17 10:14:07','2016-02-17 10:14:07',NULL,422,422,NULL,14330,33,NULL,'Exemplaire isol ou occurrence dune manifestation.',NULL,'fr',1,0),
	(180580,'2016-02-17 10:14:07','2016-02-17 10:14:07',NULL,422,422,NULL,14331,2,NULL,'Personne',NULL,'fr',1,0),
	(180581,'2016-02-17 10:14:07','2016-07-28 09:56:35',NULL,422,422,NULL,14331,3,NULL,'Individu ou identit tablie par un individu, seul ou en collaboration avec un ou plusieurs autres individus.',NULL,'fr',1,0),
	(180582,'2016-02-17 10:14:07','2016-02-17 10:14:07',NULL,422,422,NULL,14331,32,NULL,'Personne',NULL,'fr',1,0),
	(180583,'2016-02-17 10:14:07','2016-07-28 09:56:35',NULL,422,422,NULL,14331,33,NULL,'Individu ou identit tablie par un individu, seul ou en collaboration avec un ou plusieurs autres individus.',NULL,'fr',1,0),
	(180584,'2016-02-17 10:14:07','2016-02-17 10:14:07',NULL,422,422,NULL,14332,2,NULL,'Collectivit',NULL,'fr',1,0),
	(180585,'2016-02-17 10:14:07','2016-02-17 10:14:07',NULL,422,422,NULL,14332,3,NULL,'Organisation, ou groupe de personnes et/ou dorganisations, qui est identifie par un nom particulier et qui agit ou peut agir comme une unit.',NULL,'fr',1,0),
	(180586,'2016-02-17 10:14:07','2016-02-17 10:14:07',NULL,422,422,NULL,14332,32,NULL,'Collectivit',NULL,'fr',1,0),
	(180587,'2016-02-17 10:14:07','2016-02-17 10:14:07',NULL,422,422,NULL,14332,33,NULL,'Organisation, ou groupe de personnes et/ou dorganisations, qui est identifie par un nom particulier et qui agit ou peut agir comme une unit.',NULL,'fr',1,0),
	(180588,'2016-02-17 10:14:07','2016-02-17 10:14:07',NULL,422,422,NULL,14333,2,NULL,'Expression',NULL,'fr',1,0),
	(180589,'2016-02-17 10:14:07','2016-02-17 10:14:07',NULL,422,422,NULL,14333,3,NULL,'La ralisation intellectuelle ou artistique dune uvre sous la forme dune notation alphanumrique, musicale ou chorgraphique, de son, dimage, dobjet, de mouvement, etc. ou de toute combinaison de ces formes.',NULL,'fr',1,0),
	(180590,'2016-02-17 10:14:07','2016-02-17 10:14:07',NULL,422,422,NULL,14333,32,NULL,'Expression',NULL,'fr',1,0),
	(180591,'2016-02-17 10:14:07','2016-02-17 10:14:07',NULL,422,422,NULL,14333,33,NULL,'La ralisation intellectuelle ou artistique dune uvre sous la forme dune notation alphanumrique, musicale ou chorgraphique, de son, dimage, dobjet, de mouvement, etc. ou de toute combinaison de ces formes.',NULL,'fr',1,0),
	(180592,'2016-02-17 10:14:07','2016-02-17 10:14:07',NULL,422,422,NULL,14334,2,NULL,'Manifestation',NULL,'fr',1,0),
	(180593,'2016-02-17 10:14:07','2016-02-17 10:14:07',NULL,422,422,NULL,14334,3,NULL,'La matrialisation dune expression dune uvre.',NULL,'fr',1,0),
	(180594,'2016-02-17 10:14:07','2016-02-17 10:14:07',NULL,422,422,NULL,14334,32,NULL,'Manifestation',NULL,'fr',1,0),
	(180595,'2016-02-17 10:14:07','2016-02-17 10:14:07',NULL,422,422,NULL,14334,33,NULL,'La matrialisation dune expression dune uvre.',NULL,'fr',1,0),
	(180596,'2016-02-17 10:14:07','2016-02-17 10:14:07',NULL,422,422,NULL,14335,2,NULL,'Famille',NULL,'fr',1,0),
	(180597,'2016-02-17 10:14:07','2016-02-17 10:14:07',NULL,422,422,NULL,14335,3,NULL,'Deux ou plusieurs personnes lies par la naissance, le mariage, ladoption, lunion civile ou tout autre statut lgal de mme ordre ou bien des personnes qui, pour toute autre raison, se prsentent elles-mmes comme une famille.',NULL,'fr',1,0),
	(180598,'2016-02-17 10:14:07','2016-02-17 10:14:07',NULL,422,422,NULL,14335,32,NULL,'Famille',NULL,'fr',1,0),
	(180599,'2016-02-17 10:14:07','2016-02-17 10:14:07',NULL,422,422,NULL,14335,33,NULL,'Deux ou plusieurs personnes lies par la naissance, le mariage, ladoption, lunion civile ou tout autre statut lgal de mme ordre ou bien des personnes qui, pour toute autre raison, se prsentent elles-mmes comme une famille.',NULL,'fr',1,0),
	(187494,'2016-07-11 21:38:17','2016-07-11 21:38:17',NULL,422,422,NULL,22989,13,1,'http://rdaregistry.info/Elements/c/C10009',22989,'',1,0),
	(187495,'2016-07-11 21:38:17','2016-07-11 21:38:17',NULL,422,422,NULL,22989,4,1,'class',NULL,'',1,0),
	(187496,'2016-07-11 21:38:17','2016-07-11 21:38:17',NULL,422,422,NULL,22989,1,1,'Place',NULL,'en',1,0),
	(187497,'2016-07-11 21:38:17','2016-08-29 08:59:10',NULL,422,422,NULL,22989,2,1,'place',NULL,'en',1,0),
	(187498,'2016-07-11 21:38:17','2016-07-11 21:38:17',NULL,422,422,NULL,22989,27,1,'http://rdaregistry.info/Elements/c/Place.en',22989,'en',1,0),
	(187499,'2016-07-11 21:38:17','2016-07-11 21:38:17',NULL,422,422,NULL,22989,3,1,'A given extent of space.',NULL,'en',1,0),
	(187500,'2016-07-11 21:38:17','2016-07-11 21:38:17',NULL,422,422,NULL,22989,14,1,'1',NULL,'',1,0),
	(187501,'2016-07-11 21:38:17','2016-07-11 21:38:17',NULL,422,422,NULL,22989,32,NULL,'place',NULL,'en',1,0),
	(187502,'2016-07-11 21:38:17','2016-07-11 21:38:17',NULL,422,422,NULL,22989,33,NULL,'A given extent of space.',NULL,'en',1,0),
	(190279,'2016-09-15 09:45:00','2016-09-15 09:45:00',NULL,422,422,NULL,14328,31,NULL,'5.1.2',NULL,'',1,0),
	(190280,'2016-09-15 09:45:00','2016-09-15 09:45:00',NULL,422,422,NULL,14330,31,NULL,'1.1.5',NULL,'',1,0),
	(190281,'2016-09-15 09:45:00','2016-09-15 09:45:00',NULL,422,422,NULL,14331,31,NULL,'8.1.2',NULL,'',1,0),
	(190282,'2016-09-15 09:45:00','2016-09-15 09:45:00',NULL,422,422,NULL,14332,31,NULL,'8.1.2',NULL,'',1,0),
	(190283,'2016-09-15 09:45:00','2016-09-15 09:45:00',NULL,422,422,NULL,14333,31,NULL,'5.1.2',NULL,'',1,0),
	(190284,'2016-09-15 09:45:00','2016-09-15 09:45:00',NULL,422,422,NULL,14334,31,NULL,'1.1.5',NULL,'',1,0),
	(190285,'2016-09-15 09:45:00','2016-09-15 09:45:00',NULL,422,422,NULL,14335,31,NULL,'8.1.2',NULL,'',1,0),
	(213450,'2016-12-16 13:55:20','2016-12-16 13:55:20',NULL,422,422,NULL,14328,1,1,'Work',NULL,'en',1,0),
	(213451,'2016-12-16 13:55:20','2016-12-16 13:55:21',NULL,422,422,NULL,14330,9,NULL,'http://rdaregistry.info/Elements/c/C10013',25154,'',1,0),
	(213452,'2016-12-16 13:55:20','2016-12-16 13:55:20',NULL,422,422,NULL,14330,1,1,'Item',NULL,'en',1,0),
	(213453,'2016-12-16 13:55:20','2016-12-16 13:55:20',NULL,422,422,NULL,14331,1,1,'Person',NULL,'en',1,0),
	(213454,'2016-12-16 13:55:21','2016-12-16 13:55:21',NULL,422,422,NULL,14332,1,1,'CorporateBody',NULL,'en',1,0),
	(213455,'2016-12-16 13:55:21','2016-12-16 13:55:21',NULL,422,422,NULL,14333,9,NULL,'http://rdaregistry.info/Elements/c/C10013',25154,'',1,0),
	(213456,'2016-12-16 13:55:21','2016-12-16 13:55:21',NULL,422,422,NULL,14333,1,1,'Expression',NULL,'en',1,0),
	(213457,'2016-12-16 13:55:21','2016-12-16 13:55:21',NULL,422,422,NULL,14334,9,NULL,'http://rdaregistry.info/Elements/c/C10013',25154,'',1,0),
	(213458,'2016-12-16 13:55:21','2016-12-16 13:55:21',NULL,422,422,NULL,14334,1,1,'Manifestation',NULL,'en',1,0),
	(213459,'2016-12-16 13:55:21','2016-12-16 13:55:21',NULL,422,422,NULL,22989,9,NULL,'http://rdaregistry.info/Elements/c/C10013',25154,'',1,0),
	(213461,'2016-12-16 13:55:21','2016-12-16 13:55:21',NULL,422,422,NULL,25151,13,1,'http://rdaregistry.info/Elements/c/C10010',25151,'',1,0),
	(213462,'2016-12-16 13:55:21','2016-12-16 13:55:21',NULL,422,422,NULL,25151,4,1,'class',NULL,'',1,0),
	(213463,'2016-12-16 13:55:21','2016-12-16 13:55:21',NULL,422,422,NULL,25151,1,1,'Timespan',NULL,'en',1,0),
	(213464,'2016-12-16 13:55:21','2016-12-16 13:55:21',NULL,422,422,NULL,25151,2,1,'time-span',NULL,'en',1,0),
	(213465,'2016-12-16 13:55:21','2016-12-16 13:55:21',NULL,422,422,NULL,25151,27,1,'http://rdaregistry.info/Elements/c/Timespan.en',25151,'en',1,0),
	(213466,'2016-12-16 13:55:21','2016-12-16 13:55:21',NULL,422,422,NULL,25151,3,1,'A temporal extent having a beginning, an end and a duration.',NULL,'en',1,0),
	(213467,'2016-12-16 13:55:21','2016-12-16 13:55:21','2016-12-18 16:23:30',422,422,NULL,25151,14,NULL,'1',NULL,'',1,0),
	(213468,'2016-12-16 13:55:21','2016-12-16 13:55:21',NULL,422,422,NULL,25151,32,NULL,'time-span',NULL,'en',1,0),
	(213469,'2016-12-16 13:55:21','2016-12-16 13:55:21',NULL,422,422,NULL,25152,9,NULL,'http://rdaregistry.info/Elements/c/C10002',14329,'',1,0),
	(213470,'2016-12-16 13:55:21','2016-12-16 13:55:21',NULL,422,422,NULL,25152,13,1,'http://rdaregistry.info/Elements/c/C10011',25152,'',1,0),
	(213471,'2016-12-16 13:55:21','2016-12-16 13:55:21',NULL,422,422,NULL,25152,4,1,'class',NULL,'',1,0),
	(213472,'2016-12-16 13:55:21','2016-12-16 13:55:21',NULL,422,422,NULL,25152,1,1,'CollectiveAgent',NULL,'en',1,0),
	(213473,'2016-12-16 13:55:21','2016-12-16 13:55:21',NULL,422,422,NULL,25152,2,1,'collective agent',NULL,'en',1,0),
	(213474,'2016-12-16 13:55:21','2016-12-16 13:55:21',NULL,422,422,NULL,25152,27,1,'http://rdaregistry.info/Elements/c/CollectiveAgent.en',25152,'en',1,0),
	(213475,'2016-12-16 13:55:21','2016-12-16 13:55:21',NULL,422,422,NULL,25152,3,1,'A gathering or organization of persons bearing a particular name and capable of acting as a unit.',NULL,'en',1,0),
	(213476,'2016-12-16 13:55:21','2016-12-16 13:55:21',NULL,422,422,NULL,25152,7,1,'A collective agent includes a corporate body and a family.',NULL,'en',1,0),
	(213477,'2016-12-16 13:55:21','2016-12-16 13:55:21','2016-12-18 16:23:43',422,422,NULL,25152,14,NULL,'1',NULL,'',1,0),
	(213478,'2016-12-16 13:55:21','2016-12-16 13:55:21',NULL,422,422,NULL,25152,32,NULL,'collective agent',NULL,'en',1,0),
	(213479,'2016-12-16 13:55:21','2016-12-16 13:55:21',NULL,422,422,NULL,25152,33,NULL,'A gathering or organization of persons bearing a particular name and capable of acting as a unit.',NULL,'en',1,0),
	(213481,'2016-12-16 13:55:21','2016-12-16 13:55:21',NULL,422,422,NULL,25153,13,1,'http://rdaregistry.info/Elements/c/C10012',25153,'',1,0),
	(213482,'2016-12-16 13:55:21','2016-12-16 13:55:21',NULL,422,422,NULL,25153,4,1,'class',NULL,'',1,0),
	(213483,'2016-12-16 13:55:21','2016-12-16 13:55:21',NULL,422,422,NULL,25153,1,1,'Nomen',NULL,'en',1,0),
	(213484,'2016-12-16 13:55:21','2016-12-16 13:55:21',NULL,422,422,NULL,25153,2,1,'nomen',NULL,'en',1,0),
	(213485,'2016-12-16 13:55:21','2016-12-16 13:55:21',NULL,422,422,NULL,25153,27,1,'http://rdaregistry.info/Elements/c/Nomen.en',25153,'en',1,0),
	(213486,'2016-12-16 13:55:21','2016-12-16 13:55:21',NULL,422,422,NULL,25153,3,1,'A designation that refers to an RDA entity.',NULL,'en',1,0),
	(213487,'2016-12-16 13:55:21','2016-12-16 13:55:21',NULL,422,422,NULL,25153,7,1,'A designation includes a name, title, access point, identifier, and subject classification codes and headings.',NULL,'en',1,0),
	(213488,'2016-12-16 13:55:21','2016-12-16 13:55:21','2016-12-18 16:23:52',422,422,NULL,25153,14,NULL,'1',NULL,'',1,0),
	(213489,'2016-12-16 13:55:21','2016-12-16 13:55:21',NULL,422,422,NULL,25153,32,NULL,'nomen',NULL,'en',1,0),
	(213490,'2016-12-16 13:55:21','2016-12-16 13:55:21',NULL,422,422,NULL,25153,33,NULL,'A designation that refers to an RDA entity.',NULL,'en',1,0),
	(213491,'2016-12-16 13:55:21','2016-12-16 13:55:21',NULL,422,422,NULL,25154,13,1,'http://rdaregistry.info/Elements/c/C10013',25154,'',1,0),
	(213492,'2016-12-16 13:55:21','2016-12-16 13:55:21',NULL,422,422,NULL,25154,4,1,'class',NULL,'',1,0),
	(213493,'2016-12-16 13:55:21','2016-12-16 13:55:21',NULL,422,422,NULL,25154,1,1,'RDAEntity',NULL,'en',1,0),
	(213494,'2016-12-16 13:55:21','2016-12-16 13:55:21',NULL,422,422,NULL,25154,2,1,'RDA entity',NULL,'en',1,0),
	(213495,'2016-12-16 13:55:21','2016-12-16 13:55:21',NULL,422,422,NULL,25154,27,1,'http://rdaregistry.info/Elements/c/RDAEntity.en',25154,'en',1,0),
	(213496,'2016-12-16 13:55:21','2016-12-16 13:55:21',NULL,422,422,NULL,25154,3,1,'An abstract class of key conceptual objects in the universe of human discourse that is a focus of interest to users of RDA metadata in library information systems.',NULL,'en',1,0),
	(213497,'2016-12-16 13:55:21','2017-02-10 11:55:04','2017-02-10 11:55:04',422,422,NULL,25154,7,NULL,'An RDA entity includes an agent, collective agent, corporate body, expression, family,item, manifestation, nomen, person, place, time-span, and work.',NULL,'en',1,0),
	(213498,'2016-12-16 13:55:21','2016-12-16 13:55:21','2016-12-18 16:24:00',422,422,NULL,25154,14,NULL,'1',NULL,'',1,0),
	(213499,'2016-12-16 13:55:21','2016-12-16 13:55:21',NULL,422,422,NULL,25154,32,NULL,'RDA entity',NULL,'en',1,0),
	(213500,'2016-12-16 13:55:21','2016-12-16 13:55:21',NULL,422,422,NULL,25154,33,NULL,'An abstract class of key conceptual objects in the universe of human discourse that is a focus of interest to users of RDA metadata in library information systems.',NULL,'en',1,0),
	(213501,'2016-12-16 13:55:21','2016-12-16 13:55:21',NULL,422,422,NULL,25154,10,NULL,'http://rdaregistry.info/Elements/c/C10003',14330,'',1,0),
	(213502,'2016-12-16 13:55:21','2016-12-16 13:55:21',NULL,422,422,NULL,25154,10,NULL,'http://rdaregistry.info/Elements/c/C10006',14333,'',1,0),
	(213503,'2016-12-16 13:55:21','2016-12-16 13:55:21',NULL,422,422,NULL,25154,10,NULL,'http://rdaregistry.info/Elements/c/C10007',14334,'',1,0),
	(213504,'2016-12-16 13:55:21','2016-12-16 13:55:21',NULL,422,422,NULL,25154,10,NULL,'http://rdaregistry.info/Elements/c/C10009',22989,'',1,0),
	(213505,'2016-12-16 13:55:21','2016-12-16 13:55:21',NULL,422,422,NULL,25154,10,NULL,'http://rdaregistry.info/Elements/c/C10010',25151,'',1,0),
	(213506,'2016-12-16 13:55:21','2016-12-16 13:55:21',NULL,422,422,NULL,14329,10,NULL,'http://rdaregistry.info/Elements/c/C10011',25152,'',1,0),
	(213507,'2016-12-16 13:55:21','2016-12-16 13:55:21',NULL,422,422,NULL,25154,10,NULL,'http://rdaregistry.info/Elements/c/C10012',25153,'',1,0),
	(213508,'2016-12-16 13:56:05','2016-12-16 13:56:05',NULL,422,422,NULL,25154,14,1,'1',NULL,'',1,0),
	(213509,'2016-12-16 13:56:05','2016-12-16 13:56:05',NULL,422,422,NULL,25154,7,1,'An RDA entity includes an agent, collective agent, corporate body, expression, family, item, manifestation, nomen, person, place, time-span, and work.',NULL,'en',1,0),
	(213510,'2016-12-16 13:57:48','2016-12-16 13:57:48',NULL,422,422,NULL,25152,9,1,'http://rdaregistry.info/Elements/c/C10013',25154,'',1,0),
	(213511,'2016-12-16 13:57:48','2016-12-16 13:57:48',NULL,422,422,NULL,25152,14,1,'1',NULL,'',1,0),
	(213512,'2016-12-16 13:58:42','2016-12-16 13:58:42',NULL,422,422,NULL,14328,9,1,'http://rdaregistry.info/Elements/c/C10013',25154,'',1,0),
	(213513,'2016-12-16 13:59:04','2016-12-16 13:59:04',NULL,422,422,NULL,14329,9,1,'http://rdaregistry.info/Elements/c/C10013',25154,'',1,0),
	(213514,'2016-12-16 14:00:15','2016-12-16 14:00:15',NULL,422,422,NULL,25151,9,1,'http://rdaregistry.info/Elements/c/C10013',25154,'',1,0),
	(213515,'2016-12-16 14:00:15','2016-12-16 14:00:15',NULL,422,422,NULL,25151,14,1,'1',NULL,'',1,0),
	(213516,'2016-12-16 14:00:42','2016-12-16 14:00:42',NULL,422,422,NULL,25153,9,1,'http://rdaregistry.info/Elements/c/C10013',25154,'',1,0),
	(213517,'2016-12-16 14:00:42','2016-12-16 14:00:42',NULL,422,422,NULL,25153,14,1,'1',NULL,'',1,0),
	(288390,'2017-02-10 11:58:57','2017-02-10 11:58:57',NULL,422,422,NULL,25151,33,NULL,'A temporal extent having a beginning, an end and a duration.',NULL,'en',1,0);




INSERT INTO `reg_skos_property` (`id`, `parent_id`, `inverse_id`, `name`, `uri`, `object_type`, `display_order`, `picklist_order`, `label`, `definition`, `comment`, `examples`, `is_required`, `is_reciprocal`, `is_singleton`, `is_scheme`, `is_in_picklist`) VALUES 
	(1,0,NULL,'altLabel','http://www.w3.org/2004/02/skos/core#altLabel','literal',1,110,'alternative label','An alternative lexical label for a resource.','Acronyms, abbreviations, spelling variants, and irregular plural/singular forms may be included among the alternative labels for a concept. Mis-spelled terms are normally included as hidden labels (see skos:hiddenLabel).','http://www.w3.org/2004/02/skos/core/examples/altLabel.rdf.xml',0,0,0,0,1),
	(2,26,NULL,'altSymbol','http://www.w3.org/2004/02/skos/core#altSymbol','literal',2,NULL,'alternative symbolic label','An alternative symbolic label for a resource.',NULL,'http://www.w3.org/2004/02/skos/core/examples/altSymbol.rdf.xml',0,0,0,0,0),
	(3,NULL,16,'broader','http://www.w3.org/2004/02/skos/core#broader','resource',3,400,'has broader','A concept that is more general in meaning.','Broader concepts are typically rendered as parents in a concept hierarchy (tree).','http://www.w3.org/2004/02/skos/core/examples/broader.rdf.xml',0,0,0,0,1),
	(4,17,NULL,'changeNote','http://www.w3.org/2004/02/skos/core#changeNote','literal',4,320,'change note','A note about a modification to a concept.',NULL,'http://www.w3.org/2004/02/skos/core/examples/changeNote.rdf.xml',0,0,0,0,1),
	(5,17,NULL,'definition','http://www.w3.org/2004/02/skos/core#definition','literal',NULL,205,'definition','A statement or formal explanation of the meaning of a concept.',NULL,'http://www.w3.org/2004/02/skos/core/examples/definition.rdf.xml',0,0,0,0,1),
	(6,17,NULL,'editorialNote','http://www.w3.org/2004/02/skos/core#editorialNote','literal',NULL,310,'editorial note','A note for an editor, translator or maintainer of the vocabulary.',NULL,'http://www.w3.org/2004/02/skos/core/examples/editorialNote.rdf.xml',0,0,0,0,1),
	(7,17,NULL,'example','http://www.w3.org/2004/02/skos/core#example','literal',NULL,210,'example','An example of the use of a concept.',NULL,'http://www.w3.org/2004/02/skos/core/examples/example.rdf.xml',0,0,0,0,1),
	(9,0,NULL,'hiddenLabel','http://www.w3.org/2004/02/skos/core#hiddenLabel','literal',NULL,120,'hidden label','A lexical label for a resource that should be hidden when generating visual displays of the resource, but should still be accessible to free text search operations.',NULL,'http://www.w3.org/2004/02/skos/core/examples/hiddenLabel.rdf.xml',0,0,0,0,1),
	(10,17,NULL,'historyNote','http://www.w3.org/2004/02/skos/core#historyNote','literal',NULL,330,'history note',NULL,'A note about the past state/use/meaning of a concept.','http://www.w3.org/2004/02/skos/core/examples/historyNote.rdf.xml',0,0,0,0,1),
	(11,NULL,0,'inScheme','http://www.w3.org/2004/02/skos/core#inScheme','resource',NULL,600,'in scheme','A concept scheme in which the concept is included.','A concept may be a member of more than one concept scheme.','http://www.w3.org/2004/02/skos/core/examples/inScheme.rdf.xml',1,0,0,0,0),
	(12,NULL,24,'isSubjectOf','http://www.w3.org/2004/02/skos/core#isSubjectOf','resource',NULL,NULL,'is subject of','A resource for which the concept is a subject.',NULL,'http://www.w3.org/2004/02/skos/core/examples/isSubjectOf.rdf.xml',0,0,0,0,0),
	(13,12,20,'isPrimarySubjectOf','http://www.w3.org/2004/02/skos/core#isPrimarySubjectOf','resource',NULL,NULL,'is primary subject of','A resource for which the concept is the primary subject.',NULL,NULL,0,0,0,0,0),
	(16,NULL,3,'narrower','http://www.w3.org/2004/02/skos/core#narrower','resource',NULL,410,'has narrower','A concept that is more specific in meaning.','Narrower concepts are typically rendered as children in a concept hierarchy (tree).','http://www.w3.org/2004/02/skos/core/examples/narrower.rdf.xml',0,0,0,0,1),
	(17,NULL,NULL,'note','http://www.w3.org/2004/02/skos/core#note','literal',NULL,200,'note','A general note, for any purpose.','This property may be used directly, or as a super-property for more specific note types.','http://www.w3.org/2004/02/skos/core/examples/note.rdf.xml',0,0,0,0,1),
	(18,26,NULL,'prefSymbol','http://www.w3.org/2004/02/skos/core#prefSymbol','literal',NULL,NULL,'preferred symbolic label','The preferred symbolic label for a resource.','No two concepts in the same concept scheme may have the same value for skos:prefSymbol.','http://www.w3.org/2004/02/skos/core/examples/prefSymbol.rdf.xml',0,0,0,0,0),
	(19,0,NULL,'prefLabel','http://www.w3.org/2004/02/skos/core#prefLabel','literal',NULL,100,'preferred label','The preferred lexical label for a resource, in a given language.','No two concepts in the same concept scheme may have the same value for skos:prefLabel in a given language.','http://www.w3.org/2004/02/skos/core/examples/prefLabel.rdf.xml',1,0,0,0,1),
	(20,24,NULL,'primarySubject','http://www.w3.org/2004/02/skos/core#primarySubject','literal',NULL,NULL,'has primary subject','A concept that is the primary subject of the resource.','A resource may have only one primary subject per concept scheme.','http://www.w3.org/2004/02/skos/core/examples/primarySubject.rdf.xml',0,0,0,0,0),
	(21,NULL,21,'related','http://www.w3.org/2004/02/skos/core#related','resource',NULL,420,'related to','A concept with which there is an associative semantic relationship.',NULL,'http://www.w3.org/2004/02/skos/core/examples/related.rdf.xml',0,1,0,0,1),
	(22,17,NULL,'scopeNote','http://www.w3.org/2004/02/skos/core#scopeNote','literal',NULL,300,'scope note','A note that helps to clarify the meaning of a concept.',NULL,'http://www.w3.org/2004/02/skos/core/examples/scopeNote.rdf.xml',0,0,0,0,1),
	(24,NULL,12,'subject','http://www.w3.org/2004/02/skos/core#subject','resource',NULL,NULL,'has subject','A concept that is a subject of the resource.','The following rule may be applied for this property: [(?d skos:subject ?x)(?x skos:broader ?y) implies (?d skos:subject ?y)]','http://www.w3.org/2004/02/skos/core/examples/subject.rdf.xml',0,0,0,0,0),
	(25,NULL,NULL,'subjectIndicator','http://www.w3.org/2004/02/skos/core#subjectIndicator','resource',NULL,NULL,'subject indicator','A subject indicator for a concept. [The notion of \'subject indicator\' is defined here with reference to the latest definition endorsed by the OASIS Published Subjects Technical Committee.]','This property allows subject indicators to be used for concept identification in place of or in addition to directly assigned URIs.','http://www.w3.org/2004/02/skos/core/examples/subjectIndicator.rdf.xml',0,0,0,0,0),
	(26,NULL,NULL,'symbol','http://www.w3.org/2004/02/skos/core#symbol','literal',NULL,NULL,'symbolic label','An image that is a symbolic label for the resource.','This property is roughly analagous to rdfs:label, but for labelling resources with images that have retrievable representations, rather than RDF literals.','http://www.w3.org/2004/02/skos/core/examples/symbol.rdf.xml',0,0,0,0,0),
	(27,NULL,NULL,'label','http://www.w3.org/2000/01/rdf-schema#label','literal',NULL,90,'label','A human-readable name for the subject.',NULL,NULL,0,0,0,0,0),
	(28,NULL,29,'hasTopConcept','http://www.w3.org/2004/02/skos/core#hasTopConcept','literal',NULL,NULL,'has top concept','Relates, by convention, a concept scheme to a concept which is topmost in the broader/narrower concept hierarchies for that scheme, providing an entry point to these hierarchies.',NULL,NULL,0,0,0,0,0),
	(29,11,28,'topConceptOf','http://www.w3.org/2004/02/skos/core#topConceptOf','resource',NULL,610,'top concept of','Relates a concept to the concept scheme that it is a top level concept of.',NULL,NULL,0,0,0,0,0),
	(30,NULL,NULL,'notation','http://www.w3.org/2004/02/skos/core#notation','literal',NULL,140,'notation',NULL,NULL,NULL,0,0,0,0,1),
	(31,NULL,NULL,'ConceptScheme','http://www.w3.org/2004/02/skos/core#ConceptScheme','resource',NULL,NULL,'Concept Scheme','A set of concepts, optionally including statements about semantic relationships between those concepts.','A concept scheme may be defined to include concepts from different sources.',NULL,0,0,0,0,0),
	(32,37,33,'broadMatch','http://www.w3.org/2004/02/skos/core#broadMatch','resource',NULL,500,'has broader match','skos:broadMatch is used to state a hierarchical mapping link between two conceptual resources in different concept schemes.',NULL,NULL,0,0,0,0,1),
	(33,37,32,'narrowMatch','http://www.w3.org/2004/02/skos/core#narrowMatch','resource',NULL,510,'has narrower match','skos:narrowMatch is used to state a hierarchical mapping link between two conceptual resources in different concept schemes.',NULL,NULL,0,0,0,0,1),
	(34,37,34,'relatedMatch','http://www.w3.org/2004/02/skos/core#relatedMatch','resource',NULL,520,'has related match','skos:relatedMatch is used to state an associative mapping link between two conceptual resources in different concept schemes.',NULL,NULL,0,1,0,0,1),
	(35,37,35,'exactMatch','http://www.w3.org/2004/02/skos/core#exactMatch','resource',NULL,540,'has exact match','skos:exactMatch is used to link two concepts, indicating a high degree of confidence that the concepts can be used interchangeably across a wide range of information retrieval applications. skos:exactMatch is a transitive property, and is a sub-property of skos:closeMatch.','skos:exactMatch is disjoint with each of the properties skos:broadMatch and skos:relatedMatch.',NULL,0,1,0,0,1),
	(36,37,36,'closeMatch','http://www.w3.org/2004/02/skos/core#closeMatch','resource',NULL,530,'has close match','skos:closeMatch is used to link two concepts that are sufficiently similar that they can be used interchangeably in some information retrieval applications. In order to avoid the possibility of "compound errors" when combining mappings across more than two concept schemes, skos:closeMatch is not declared to be a transitive property.',NULL,NULL,0,1,0,0,1),
	(37,NULL,NULL,'mappingRelation','http://www.w3.org/2004/02/skos/core#mappingRelation','resource',NULL,490,'is in mapping relation with','Relates two concepts coming, by convention, from different schemes, and that have comparable meanings','These concept mapping relations mirror semantic relations, and the data model defined below is similar (with the exception of skos:exactMatch) to the data model defined for semantic relations. A distinct vocabulary is provided for concept mapping relations, to provide a convenient way to differentiate links within a concept scheme from links between concept schemes. However, this pattern of usage is not a formal requirement of the SKOS data model, and relies on informal definitions of best practice.',NULL,0,0,0,0,1),
	(40,NULL,NULL,'statusId','reg:statusId','resource',NULL,NULL,NULL,NULL,NULL,NULL,0,0,0,0,1),
	(41,NULL,NULL,'uri','reg:uri','resource',NULL,NULL,NULL,NULL,NULL,NULL,0,0,0,0,1),
	(42,NULL,NULL,'ToolkitDefinition','rdakit:toolkitDefinition','literal',NULL,NULL,NULL,NULL,NULL,NULL,0,0,0,0,1),
	(43,NULL,NULL,'ToolkitLabel','rdakit:toolkitLabel','literal',NULL,NULL,NULL,NULL,NULL,NULL,0,0,0,0,1);


INSERT INTO `reg_status` (`id`, `display_order`, `display_name`, `uri`) VALUES 
	(1,7,'Published','http://metadataregistry.org/uri/RegStatus/1001'),
	(2,1,'New-Proposed','http://metadataregistry.org/uri/RegStatus/1002'),
	(3,2,'Change-Proposed','http://metadataregistry.org/uri/RegStatus/1003'),
	(4,3,'Deprecate-Proposed','http://metadataregistry.org/uri/RegStatus/1004'),
	(5,4,'New-Under Review','http://metadataregistry.org/uri/RegStatus/1005'),
	(6,5,'Change-Under Review','http://metadataregistry.org/uri/RegStatus/1006'),
	(7,6,'Deprecate-Under Review','http://metadataregistry.org/uri/RegStatus/1007'),
	(8,8,'Deprecated','http://metadataregistry.org/uri/RegStatus/1008'),
	(9,9,'Not Approved','http://metadataregistry.org/uri/RegStatus/1009');


INSERT INTO `reg_user` (`id`, `created_at`, `updated_at`, `deleted_at`, `last_updated`, `nickname`, `salutation`, `first_name`, `last_name`, `email`, `sha1_password`, `salt`, `want_to_be_moderator`, `is_moderator`, `is_administrator`, `deletions`, `password`, `status`, `culture`, `confirmation_code`, `name`, `confirmed`, `remember_token`) VALUES 
	(1,'2017-05-13 15:30:15','2017-05-13 15:30:15',NULL,'2017-05-13 11:30:16','adminuser',NULL,'Admin','User','admin@admin.com',NULL,NULL,0,0,0,0,'$2y$10$XJ1tO3DuLwOvgjtUGzR52.gHSneJyAevivr5pLzK1xiiiPXAwqMaC',1,'en_US','a98e46ebfbfab8cecf6e64278c218ffa','adminuser',1,NULL),
	(2,'2017-05-13 15:30:15','2017-05-13 15:30:15',NULL,'2017-05-13 11:30:16','backenduser',NULL,'Backend','User','executive@executive.com',NULL,NULL,0,0,0,0,'$2y$10$ltYLVoxJL4SfzEpXLoaCqe4hiroRZfdRep/eRmaAqef0g9JavMN52',1,'en_US','a88408c49ae689d986530c30f587bb11','backenduser',1,NULL),
	(3,'2017-05-13 15:30:15','2017-05-13 15:30:15',NULL,'2017-05-13 11:30:16','defaultuser',NULL,'Default','User','user@user.com',NULL,NULL,0,0,0,0,'$2y$10$BxZrBPtI1TuO2IOYmg.geeCqUlO28mR3j9sjJxQfhva/qEocbWDmK',1,'en_US','985831763c899560c2e49481bd1e47d3','defaultuser',1,NULL),
	(36,'2017-05-13 15:30:16','2017-05-13 15:30:16',NULL,'2017-05-13 11:30:16','jonphipps',NULL,'Jon','Phipps','jphipps@madcreek.com',NULL,NULL,0,0,0,0,'$2y$10$VxbWqy2mVSptVg2JcCcZn.YOVD1MSNe1FBtImVdaBA3vwYM5//OT.',1,'en_US','b8e093b304c36b986be49c447bd69639','jonphipps',1,NULL),
	(37,'2006-04-07 15:53:03',NULL,NULL,'2008-02-18 14:09:13','dih1',NULL,'','','dih1@cornell.edu','66847957407d8ce3dd58ef69a5bb5846608873a6','6bc1f40df4ea1e066c8e28fc16071296',NULL,0,0,0,NULL,1,'en_US','','',0,NULL),
	(39,'2017-05-13 15:30:16','2017-05-13 15:30:16',NULL,'2017-05-13 11:30:16','Diane',NULL,'Diane','Hillmann','diane.hillmann@cornell.edu',NULL,NULL,0,0,0,0,'$2y$10$zm1UWBVhCcM87Axu/X9W0up1N1R1rj4q8YiJYefvn.q0NdYg.yIv2',1,'en_US','83c2fa9ebee320f63cfcccc91d04d5f0','Diane',1,NULL),
	(73,'2007-12-05 10:42:00',NULL,NULL,'2007-12-12 17:24:01','DianeH',NULL,'','','diane.hillmann@cornell.edu','fcee2989a5eb6bac2c3bc1679897bba18c75403e','56dfea0f9080fa8a0c1fe3d58f013de1',NULL,0,0,0,NULL,1,'en_US','','',0,NULL),
	(82,'2017-05-13 15:30:29','2017-05-13 15:30:29',NULL,'2017-05-13 11:30:29','ozella97',NULL,NULL,NULL,'jschaefer@example.net','4d62099656182b62337a7b52535f4f1e1a214542','a4f51ef3ff29a5162c98c684581250de',0,0,0,0,'$2y$10$Chi7vhaKgo9DAiNuQS7rF.1m7QPxQWPiPIdLsSA3fFv8bvDEy.Uwu',1,'en_US','3c3cbbf1c740fd71ceea612d2deabc97','ozella97',0,'KrtIdQMzzf'),
	(83,'2017-05-13 15:30:29','2017-05-13 15:30:29',NULL,'2017-05-13 11:30:29','ukoepp',NULL,NULL,NULL,'heloise.spinka@example.org','4d62099656182b62337a7b52535f4f1e1a214542','a4f51ef3ff29a5162c98c684581250de',0,0,0,0,'$2y$10$Chi7vhaKgo9DAiNuQS7rF.1m7QPxQWPiPIdLsSA3fFv8bvDEy.Uwu',1,'en_US','6a5a3ff11c899adfcf8260237172a65d','ukoepp',0,'2RPTfM4QHo'),
	(84,'2017-05-13 15:30:29','2017-05-13 15:30:29',NULL,'2017-05-13 11:30:29','corbin.moore',NULL,NULL,NULL,'arely29@example.com','4d62099656182b62337a7b52535f4f1e1a214542','a4f51ef3ff29a5162c98c684581250de',0,0,0,0,'$2y$10$Chi7vhaKgo9DAiNuQS7rF.1m7QPxQWPiPIdLsSA3fFv8bvDEy.Uwu',1,'en_US','b37d2610f9f6bcbe0486a1d260ce7608','corbin.moore',0,'ASWf6okuWw'),
	(85,'2017-05-13 15:30:29','2017-05-13 15:30:29',NULL,'2017-05-13 11:30:29','bergstrom.susan',NULL,NULL,NULL,'adietrich@example.org','4d62099656182b62337a7b52535f4f1e1a214542','a4f51ef3ff29a5162c98c684581250de',0,0,0,0,'$2y$10$Chi7vhaKgo9DAiNuQS7rF.1m7QPxQWPiPIdLsSA3fFv8bvDEy.Uwu',1,'en_US','b5238673756c68aaae8d4c8b2724e561','bergstrom.susan',0,'Po0TYKbsXB'),
	(86,'2017-05-13 15:30:29','2017-05-13 15:30:29',NULL,'2017-05-13 11:30:29','ypfeffer',NULL,NULL,NULL,'hodkiewicz.jermaine@example.org','4d62099656182b62337a7b52535f4f1e1a214542','a4f51ef3ff29a5162c98c684581250de',0,0,0,0,'$2y$10$Chi7vhaKgo9DAiNuQS7rF.1m7QPxQWPiPIdLsSA3fFv8bvDEy.Uwu',1,'en_US','fbdc088d31d08def2da0df05d8431b8f','ypfeffer',0,'U1MnUQ7CiN'),
	(87,'2017-05-13 15:30:29','2017-05-13 15:30:29',NULL,'2017-05-13 11:30:29','maude.harris',NULL,NULL,NULL,'madeline10@example.net','4d62099656182b62337a7b52535f4f1e1a214542','a4f51ef3ff29a5162c98c684581250de',0,0,0,0,'$2y$10$Chi7vhaKgo9DAiNuQS7rF.1m7QPxQWPiPIdLsSA3fFv8bvDEy.Uwu',1,'en_US','5380b77da8351b3f6ac5b217567a78dc','maude.harris',0,'fgZvk7dh4S'),
	(88,'2017-05-13 15:30:29','2017-05-13 15:30:29',NULL,'2017-05-13 11:30:29','kali13',NULL,NULL,NULL,'demetrius05@example.net','4d62099656182b62337a7b52535f4f1e1a214542','a4f51ef3ff29a5162c98c684581250de',0,0,0,0,'$2y$10$Chi7vhaKgo9DAiNuQS7rF.1m7QPxQWPiPIdLsSA3fFv8bvDEy.Uwu',1,'en_US','a68dfd42cffe79795e1aa24eaa76f34f','kali13',0,'76psnjGr89'),
	(89,'2017-05-13 15:30:29','2017-05-13 15:30:29',NULL,'2017-05-13 11:30:29','xborer',NULL,NULL,NULL,'grayson12@example.org','4d62099656182b62337a7b52535f4f1e1a214542','a4f51ef3ff29a5162c98c684581250de',0,0,0,0,'$2y$10$kjiWKt1izxHbeIPxNftKtuzE4CVRq8uHpKzyOyfBKlEwj.IN1.EBS',1,'en_US','92ed2598007bc54a8109d6caee853c72','xborer',0,'NMWXRFbWXY'),
	(90,'2017-05-13 15:30:29','2017-05-13 15:30:29',NULL,'2017-05-13 11:30:29','bret.okuneva',NULL,NULL,NULL,'cankunding@example.org','4d62099656182b62337a7b52535f4f1e1a214542','a4f51ef3ff29a5162c98c684581250de',0,0,0,0,'$2y$10$kjiWKt1izxHbeIPxNftKtuzE4CVRq8uHpKzyOyfBKlEwj.IN1.EBS',1,'en_US','9413aa6143bcad19313dc703b3aef3b2','bret.okuneva',0,'H4nKabHu93'),
	(91,'2017-05-13 15:30:29','2017-05-13 15:30:29',NULL,'2017-05-13 11:30:29','kohler.jennifer',NULL,NULL,NULL,'umayert@example.org','4d62099656182b62337a7b52535f4f1e1a214542','a4f51ef3ff29a5162c98c684581250de',0,0,0,0,'$2y$10$kjiWKt1izxHbeIPxNftKtuzE4CVRq8uHpKzyOyfBKlEwj.IN1.EBS',1,'en_US','e0d67dcb9ae26dd33060a2506cf82079','kohler.jennifer',0,'PmW1gOVYt9'),
	(92,'2017-05-13 15:30:29','2017-05-13 15:30:29',NULL,'2017-05-13 11:30:29','rempel.weldon',NULL,NULL,NULL,'aryanna54@example.org','4d62099656182b62337a7b52535f4f1e1a214542','a4f51ef3ff29a5162c98c684581250de',0,0,0,0,'$2y$10$kjiWKt1izxHbeIPxNftKtuzE4CVRq8uHpKzyOyfBKlEwj.IN1.EBS',1,'en_US','7b9c2abe934d01bf4c171f7d19b61a06','rempel.weldon',0,'nV69BltXX5'),
	(93,'2017-05-13 15:30:29','2017-05-13 15:30:29',NULL,'2017-05-13 11:30:29','jayden68',NULL,NULL,NULL,'carmelo.kshlerin@example.net','4d62099656182b62337a7b52535f4f1e1a214542','a4f51ef3ff29a5162c98c684581250de',0,0,0,0,'$2y$10$kjiWKt1izxHbeIPxNftKtuzE4CVRq8uHpKzyOyfBKlEwj.IN1.EBS',1,'en_US','c24ed70e20563aabfd6ef99b7823408a','jayden68',0,'vHeStllo5Q'),
	(94,'2017-05-13 15:30:29','2017-05-13 15:30:29',NULL,'2017-05-13 11:30:29','emiliano30',NULL,NULL,NULL,'verner.rippin@example.net','4d62099656182b62337a7b52535f4f1e1a214542','a4f51ef3ff29a5162c98c684581250de',0,0,0,0,'$2y$10$kjiWKt1izxHbeIPxNftKtuzE4CVRq8uHpKzyOyfBKlEwj.IN1.EBS',1,'en_US','3f34a12d4ebe3fde52eab76f268a777d','emiliano30',0,'2PkG2OlLWf'),
	(95,'2017-05-13 15:30:29','2017-05-13 15:30:29',NULL,'2017-05-13 11:30:29','araceli79',NULL,NULL,NULL,'macejkovic.adolph@example.org','4d62099656182b62337a7b52535f4f1e1a214542','a4f51ef3ff29a5162c98c684581250de',0,0,0,0,'$2y$10$kjiWKt1izxHbeIPxNftKtuzE4CVRq8uHpKzyOyfBKlEwj.IN1.EBS',1,'en_US','0992fd8baaf2b52216abaddd8a55b40c','araceli79',0,'pcqcfqv0Fz'),
	(422,'2014-01-13 09:53:37',NULL,NULL,'2017-02-28 04:31:37','JSCChair',NULL,'RSC','Chair','rscchair@rdatoolkit.org','bb4bcc1676189d4cb4431477becf0434df3c155f','a080da98bb76db959499ebb89da90b4d',0,0,0,0,NULL,1,'en_US','','',0,NULL);


INSERT INTO `reg_vocabulary` (`id`, `agent_id`, `created_at`, `deleted_at`, `last_updated`, `created_user_id`, `updated_user_id`, `deleted_user_id`, `child_updated_at`, `child_updated_user_id`, `name`, `note`, `uri`, `url`, `base_domain`, `token`, `community`, `last_uri_id`, `status_id`, `language`, `languages`, `profile_id`, `ns_type`, `prefixes`, `repo`, `prefix`, `updated_at`) VALUES 
	(31,67,'2008-05-07 14:47:08',NULL,'2012-11-15 12:12:20',NULL,NULL,NULL,NULL,NULL,'Open Metadata Registry Status Vocabulary','Formerly the NSDL Registry Status Vocabulary','http://metadataregistry.org/uri/RegStatus','','http://metadataregistry.org/uri/','RegStatus','Registry',1010,1,'en',NULL,NULL,'slash',NULL,NULL,'regstatus',NULL),
	(37,177,'2008-05-25 06:35:45',NULL,'2016-03-29 08:46:37',NULL,NULL,NULL,NULL,NULL,'RDA Media Type','A categorization reflecting the general type of intermediation device required to view, play, run, etc., the content of a resource.','http://rdaregistry.info/termList/RDAMediaType','http://www.rdaregistry.info/termList/RDAMediaType/','http://rdaregistry.info/termList/','RDAMediaType','Libraries, Information Services',1010,1,'en','a:20:{i:0;s:2:"ar";i:1;s:2:"ca";i:2;s:2:"zh";i:3;s:2:"da";i:4;s:2:"nl";i:5;s:2:"en";i:6;s:2:"fi";i:7;s:2:"fr";i:8;s:2:"de";i:9;s:2:"el";i:10;s:2:"he";i:11;s:2:"it";i:12;s:2:"no";i:13;s:2:"pl";i:14;s:2:"pt";i:15;s:2:"sk";i:16;s:2:"es";i:17;s:2:"sv";i:18;s:2:"uk";i:19;s:2:"vi";}',2,'slash','a:1:{s:12:"RDAMediaType";s:46:"http://rdaregistry.info/termList/RDAMediaType/";}','RDA-Vocabularies','rdamt',NULL),
	(58,177,'2009-03-31 11:57:38',NULL,'2016-01-04 17:28:54',NULL,NULL,NULL,NULL,NULL,'RDA Aspect Ratio Designation','A general designation of the ratio of the width to the height of a moving image.','http://rdaregistry.info/termList/AspectRatio','http://www.rdaregistry.info/termList/AspectRatio/','http://rdaregistry.info/termList/','AspectRatio','Libraries, Information Services',1004,1,'en','a:21:{i:0;s:2:"ar";i:1;s:2:"ca";i:2;s:2:"zh";i:3;s:2:"da";i:4;s:2:"nl";i:5;s:2:"en";i:6;s:2:"fi";i:7;s:2:"fr";i:8;s:2:"de";i:9;s:2:"el";i:10;s:2:"he";i:11;s:2:"hu";i:12;s:2:"it";i:13;s:2:"no";i:14;s:2:"pl";i:15;s:2:"pt";i:16;s:2:"sk";i:17;s:2:"es";i:18;s:2:"sv";i:19;s:2:"uk";i:20;s:2:"vi";}',NULL,'slash','a:1:{s:11:"AspectRatio";s:45:"http://rdaregistry.info/termList/AspectRatio/";}','RDA-Vocabularies','rdaar',NULL);


INSERT INTO `reg_vocabulary_has_user` (`id`, `created_at`, `updated_at`, `deleted_at`, `vocabulary_id`, `user_id`, `is_maintainer_for`, `is_registrar_for`, `is_admin_for`, `languages`, `default_language`, `current_language`) VALUES 
	(387,'2015-02-15 02:45:53','2015-02-15 02:45:53',NULL,58,422,1,1,1,NULL,'en','en');




INSERT INTO `roles` (`id`, `name`, `display_name`, `all`, `sort`, `created_at`, `updated_at`) VALUES 
	(1,'Administrator','Administrator',1,1,'2017-05-13 15:30:16','2017-05-13 15:30:16'),
	(2,'Executive','Executive',0,2,'2017-05-13 15:30:16','2017-05-13 15:30:16'),
	(3,'User','Subscriber',0,3,'2017-05-13 15:30:16','2017-05-13 15:30:16'),
	(4,'agentadmin','Project Administrator',0,4,'2017-05-13 15:30:16','2017-05-13 15:30:16'),
	(5,'agentmember','Project Member',0,5,'2017-05-13 15:30:16','2017-05-13 15:30:16'),
	(6,'agentmaintainer','Project Maintainer',0,6,'2017-05-13 15:30:16','2017-05-13 15:30:16'),
	(7,'schemaadmin','Element Set Administrator',0,7,'2017-05-13 15:30:16','2017-05-13 15:30:16'),
	(8,'schemamaintainer','Element Set Maintainer',0,8,'2017-05-13 15:30:16','2017-05-13 15:30:16'),
	(9,'vocabularyadmin','Vocabulary Administrator',0,9,'2017-05-13 15:30:16','2017-05-13 15:30:16'),
	(10,'vocabularymaintainer','Vocabulary Maintainer',0,10,'2017-05-13 15:30:16','2017-05-13 15:30:16');


INSERT INTO `role_user` (`id`, `user_id`, `role_id`) VALUES 
	(1,1,1),
	(2,36,1),
	(3,39,1),
	(4,2,2),
	(5,3,3);






INSERT INTO `sessions` (`id`, `user_id`, `ip_address`, `user_agent`, `payload`, `last_activity`) VALUES 
	('oCLJZBmCMKa9afVBPPW3LhyQ9yYFUlZug3uWkMEI',NULL,'127.0.0.1','Mozilla/5.0 (Macintosh; Intel Mac OS X 10_11_6) AppleWebKit/537.36 (KHTML, like Gecko) Chrome/58.0.3029.110 Safari/537.36','ZXlKcGRpSTZJa2x3VlVwVVR6VkplakJoVDIxSWJEa3hTMGQwU1VFOVBTSXNJblpoYkhWbElqb2lNM1pjTHpCQ04wdFhVa0prVTBvMFNFMDBSa1ZzY2xKWlNUUlBha2M1WldKR1ZGSkpZMjVXZFhCYU1FOHdRVEZ3YUdRMFprcG5TV3hSWXpjeldrOUhkRWRyV0hCcVZYUk9OVTB4WmtoT2QyMXJNRmx0T1VwM1ZWVmFTazVpUzBvd00xaFFiVEZVVFVSNFpVcEdja0ZGU0RoSVJGUjJkRVpOUVVGc1UydDFkMU5XTm5Cb1FrNWFabms1UVRKQk5HTjBZbU42S3poRldXOURYQzk0Ym10Nk5tVjZaa2xxUVZGbldXY3dZbUZyZFhKbE1sZG5lRXd3Ym01TFJFUlFURlJYWkhweFJXZFdNbXgyVERsS1lpc3dhWEpPV2s5eFNrVnhPR3MzSzI5aE9ISjJjRFpOUVhsWGVFdzBTM3A0ZEZsdVJURjZWMGd6U21SdlZXbGlZWHBUWjF3dlMwNXhibmg1VWtWMWRtaFZRVzloVUdobVV6SkVibE41U21SNFNtcFdObXd6TkZKMk5uRTRha3ROZW05dlRrRjRWVXRFU2pSSVRGQktOM05uY25GaWNWTnlSak5zSzBOdVJGTlBPREp6Y2tsSWNISlRXazFuUFQwaUxDSnRZV01pT2lJMk9UWTNNR1E1WTJZMk1EQTJaVEV5Tm1OaFltWm1OV1ptTVdFNFkyUXlPVE0yTmpJNE5ETXhORGxsWlRNNE5HVm1aRE0wTldVMFlXTXpZamc1T0dReEluMD0=',1494786317);






SET FOREIGN_KEY_CHECKS = @PREVIOUS_FOREIGN_KEY_CHECKS;


